Workbook

Sheet Инструкция
D1: PVZ.FLOW — рабочий файл расчетов
D2: Источник фактов движения — только лист «Движение». Остальные листы расчетные.
A5: Шаг | B5: Раздел | C5: Что делать
A6: 1 | B6: Настройки периода | C6: На листе «Настройки» укажи дату начала недели. Дата окончания считается автоматически.
A7: 2 | B7: Ввод движения | C7: На листе «Движение» выбери оператора в строке дня и внеси по товарам только «Приход» и «Убытие». Остатки считаются автоматически.
A8: 3 | B8: Проверка | C8: Перед счетом открой лист «Контроль». Если критические проверки OK — можно выставлять счет и платить сотрудникам.
A9: 4 | B9: Счет селлеру | C9: Лист «Свод_селлер» содержит фулфилмент, хранение и общий итог к начислению.
A10: 5 | B10: Сотрудники | C10: Лист «Мотивация» — общая ведомость. Листы «Расчетный_Пузанов» и «Расчетный_Завалишин» — расчетные листки.
A11: 6 | B11: Важно | C11: Не сортируй строки листа «Движение». Можно фильтровать/искать по датам, но порядок дат должен оставаться хронологическим.

Sheet Настройки
D1: Настройки
D2: Тарифы, период расчета и справочники. Желтые поля можно менять.
A5: Дата начала недели | B5: 46279 | E5: Цвета бренда
A6: Дата окончания недели | B6: =B5+6 -> 46285 | E6: Винный | F6: #5A081E
A7: Бесплатных дней хранения | B7: 5 | E7: Золотой | F7: #BD995A
A10: Товар | B10: Категория | C10: Весовая группа | D10: Приемка селлеру | E10: Брендирование | F10: Упаковка | G10: Сборка | H10: Отправка селлеру | I10: Хранение / шт-день | J10: Приемка персоналу | K10: Отправка персоналу | L10: Начальный остаток | O10: Сотрудники
A11: АК-10 | B11: АК | C11: до 1 кг | D11: 10 | E11: 10 | F11: 20 | G11: 10 | H11: =E11+F11+G11 -> 40 | I11: 0.35714286 | J11: 1 | K11: 12 | L11: 0 | O11: Пузанов Д.В.
A12: АК-15 | B12: АК | C12: до 1 кг | D12: 10 | E12: 10 | F12: 20 | G12: 10 | H12: =E12+F12+G12 -> 40 | I12: 0.35714286 | J12: 1 | K12: 12 | L12: 0 | O12: Завалишин Д.Л.
A13: Г 1800 | B13: Г | C13: 1–5 кг | D13: 10 | E13: 10 | F13: 30 | G13: 15 | H13: =E13+F13+G13 -> 55 | I13: 5 | J13: 2 | K13: 23 | L13: 0
A14: Г 3500 | B14: Г | C14: >5 кг | D14: 10 | E14: 15 | F14: 35 | G14: 25 | H14: =E14+F14+G14 -> 75 | I14: 5 | J14: 3 | K14: 34 | L14: 0
A15: Г 800 | B15: Г | C15: 1–5 кг | D15: 10 | E15: 10 | F15: 30 | G15: 15 | H15: =E15+F15+G15 -> 55 | I15: 5 | J15: 2 | K15: 23 | L15: 0
A16: Ми-К | B16: Ми | C16: до 1 кг | D16: 10 | E16: 0 | F16: 20 | G16: 10 | H16: =E16+F16+G16 -> 30 | I16: 1.3636364 | J16: 1 | K16: 9 | L16: 0
A17: Ми-П | B17: Ми | C17: до 1 кг | D17: 10 | E17: 0 | F17: 20 | G17: 10 | H17: =E17+F17+G17 -> 30 | I17: 0.16304348 | J17: 1 | K17: 9 | L17: 0

Sheet Движение
D1: Движение товара — источник данных
A5: Период расчета | B5: =Настройки!$B$5 -> 46279 | C5: =Настройки!$B$6 -> 46285
A6: Итоговая таблица недели
A7: Товар | B7: Остаток начало | C7: Приход | D7: Убытие | E7: Остаток конец | F7: Контроль | G7: Фулфилмент | H7: Хранение | I7: Мотивация
A8: АК-10 | B8: =SUMIFS(Тех_Движение!$E$2:$E$5111,Тех_Движение!$B$2:$B$5111,Настройки!$B$5,Тех_Движение!$D$2:$D$5111,$A8) -> 7 | C8: =SUMIFS(Тех_Движение!$F$2:$F$5111,Тех_Движение!$B$2:$B$5111,">="&Настройки!$B$5,Тех_Движение!$B$2:$B$5111,"<="&Настройки!$B$6,Тех_Движение!$D$2:$D$5111,$A8) -> 28 | D8: =SUMIFS(Тех_Движение!$G$2:$G$5111,Тех_Движение!$B$2:$B$5111,">="&Настройки!$B$5,Тех_Движение!$B$2:$B$5111,"<="&Настройки!$B$6,Тех_Движение!$D$2:$D$5111,$A8) -> 8 | E8: =SUMIFS(Тех_Движение!$H$2:$H$5111,Тех_Движение!$B$2:$B$5111,Настройки!$B$6,Тех_Движение!$D$2:$D$5111,$A8) -> 27 | F8: =IF(ABS($B8+$C8-$D8-$E8)<0.0001,"OK","ОШИБКА") -> OK | G8: =$C8*VLOOKUP($A8,Настройки!$A$11:$L$17,4,FALSE)+$D8*VLOOKUP($A8,Настройки!$A$11:$L$17,8,FALSE) -> 600 | H8: =SUMIFS(Хранение!$T$5:$T$5114,Хранение!$C$5:$C$5114,$A8) -> 7.5 | I8: =$C8*VLOOKUP($A8,Настройки!$A$11:$L$17,10,FALSE)+$D8*VLOOKUP($A8,Настройки!$A$11:$L$17,11,FALSE) -> 124
A9: АК-15 | B9: =SUMIFS(Тех_Движение!$E$2:$E$5111,Тех_Движение!$B$2:$B$5111,Настройки!$B$5,Тех_Движение!$D$2:$D$5111,$A9) -> 16 | C9: =SUMIFS(Тех_Движение!$F$2:$F$5111,Тех_Движение!$B$2:$B$5111,">="&Настройки!$B$5,Тех_Движение!$B$2:$B$5111,"<="&Настройки!$B$6,Тех_Движение!$D$2:$D$5111,$A9) -> 18 | D9: =SUMIFS(Тех_Движение!$G$2:$G$5111,Тех_Движение!$B$2:$B$5111,">="&Настройки!$B$5,Тех_Движение!$B$2:$B$5111,"<="&Настройки!$B$6,Тех_Движение!$D$2:$D$5111,$A9) -> 12 | E9: =SUMIFS(Тех_Движение!$H$2:$H$5111,Тех_Движение!$B$2:$B$5111,Настройки!$B$6,Тех_Движение!$D$2:$D$5111,$A9) -> 22 | F9: =IF(ABS($B9+$C9-$D9-$E9)<0.0001,"OK","ОШИБКА") -> OK | G9: =$C9*VLOOKUP($A9,Настройки!$A$11:$L$17,4,FALSE)+$D9*VLOOKUP($A9,Настройки!$A$11:$L$17,8,FALSE) -> 660 | H9: =SUMIFS(Хранение!$T$5:$T$5114,Хранение!$C$5:$C$5114,$A9) -> 32.142857 | I9: =$C9*VLOOKUP($A9,Настройки!$A$11:$L$17,10,FALSE)+$D9*VLOOKUP($A9,Настройки!$A$11:$L$17,11,FALSE) -> 162
A10: Г 1800 | B10: =SUMIFS(Тех_Движение!$E$2:$E$5111,Тех_Движение!$B$2:$B$5111,Настройки!$B$5,Тех_Движение!$D$2:$D$5111,$A10) -> 147 | C10: =SUMIFS(Тех_Движение!$F$2:$F$5111,Тех_Движение!$B$2:$B$5111,">="&Настройки!$B$5,Тех_Движение!$B$2:$B$5111,"<="&Настройки!$B$6,Тех_Движение!$D$2:$D$5111,$A10) -> 0 | D10: =SUMIFS(Тех_Движение!$G$2:$G$5111,Тех_Движение!$B$2:$B$5111,">="&Настройки!$B$5,Тех_Движение!$B$2:$B$5111,"<="&Настройки!$B$6,Тех_Движение!$D$2:$D$5111,$A10) -> 85 | E10: =SUMIFS(Тех_Движение!$H$2:$H$5111,Тех_Движение!$B$2:$B$5111,Настройки!$B$6,Тех_Движение!$D$2:$D$5111,$A10) -> 62 | F10: =IF(ABS($B10+$C10-$D10-$E10)<0.0001,"OK","ОШИБКА") -> OK | G10: =$C10*VLOOKUP($A10,Настройки!$A$11:$L$17,4,FALSE)+$D10*VLOOKUP($A10,Настройки!$A$11:$L$17,8,FALSE) -> 4675 | H10: =SUMIFS(Хранение!$T$5:$T$5114,Хранение!$C$5:$C$5114,$A10) -> 2910 | I10: =$C10*VLOOKUP($A10,Настройки!$A$11:$L$17,10,FALSE)+$D10*VLOOKUP($A10,Настройки!$A$11:$L$17,11,FALSE) -> 1955
A11: Г 3500 | B11: =SUMIFS(Тех_Движение!$E$2:$E$5111,Тех_Движение!$B$2:$B$5111,Настройки!$B$5,Тех_Движение!$D$2:$D$5111,$A11) -> 2 | C11: =SUMIFS(Тех_Движение!$F$2:$F$5111,Тех_Движение!$B$2:$B$5111,">="&Настройки!$B$5,Тех_Движение!$B$2:$B$5111,"<="&Настройки!$B$6,Тех_Движение!$D$2:$D$5111,$A11) -> 14 | D11: =SUMIFS(Тех_Движение!$G$2:$G$5111,Тех_Движение!$B$2:$B$5111,">="&Настройки!$B$5,Тех_Движение!$B$2:$B$5111,"<="&Настройки!$B$6,Тех_Движение!$D$2:$D$5111,$A11) -> 3 | E11: =SUMIFS(Тех_Движение!$H$2:$H$5111,Тех_Движение!$B$2:$B$5111,Настройки!$B$6,Тех_Движение!$D$2:$D$5111,$A11) -> 13 | F11: =IF(ABS($B11+$C11-$D11-$E11)<0.0001,"OK","ОШИБКА") -> OK | G11: =$C11*VLOOKUP($A11,Настройки!$A$11:$L$17,4,FALSE)+$D11*VLOOKUP($A11,Настройки!$A$11:$L$17,8,FALSE) -> 365 | H11: =SUMIFS(Хранение!$T$5:$T$5114,Хранение!$C$5:$C$5114,$A11) -> 145 | I11: =$C11*VLOOKUP($A11,Настройки!$A$11:$L$17,10,FALSE)+$D11*VLOOKUP($A11,Настройки!$A$11:$L$17,11,FALSE) -> 144
A12: Г 800 | B12: =SUMIFS(Тех_Движение!$E$2:$E$5111,Тех_Движение!$B$2:$B$5111,Настройки!$B$5,Тех_Движение!$D$2:$D$5111,$A12) -> 71 | C12: =SUMIFS(Тех_Движение!$F$2:$F$5111,Тех_Движение!$B$2:$B$5111,">="&Настройки!$B$5,Тех_Движение!$B$2:$B$5111,"<="&Настройки!$B$6,Тех_Движение!$D$2:$D$5111,$A12) -> 0 | D12: =SUMIFS(Тех_Движение!$G$2:$G$5111,Тех_Движение!$B$2:$B$5111,">="&Настройки!$B$5,Тех_Движение!$B$2:$B$5111,"<="&Настройки!$B$6,Тех_Движение!$D$2:$D$5111,$A12) -> 49 | E12: =SUMIFS(Тех_Движение!$H$2:$H$5111,Тех_Движение!$B$2:$B$5111,Настройки!$B$6,Тех_Движение!$D$2:$D$5111,$A12) -> 22 | F12: =IF(ABS($B12+$C12-$D12-$E12)<0.0001,"OK","ОШИБКА") -> OK | G12: =$C12*VLOOKUP($A12,Настройки!$A$11:$L$17,4,FALSE)+$D12*VLOOKUP($A12,Настройки!$A$11:$L$17,8,FALSE) -> 2695 | H12: =SUMIFS(Хранение!$T$5:$T$5114,Хранение!$C$5:$C$5114,$A12) -> 885 | I12: =$C12*VLOOKUP($A12,Настройки!$A$11:$L$17,10,FALSE)+$D12*VLOOKUP($A12,Настройки!$A$11:$L$17,11,FALSE) -> 1127
A13: Ми-К | B13: =SUMIFS(Тех_Движение!$E$2:$E$5111,Тех_Движение!$B$2:$B$5111,Настройки!$B$5,Тех_Движение!$D$2:$D$5111,$A13) -> 15 | C13: =SUMIFS(Тех_Движение!$F$2:$F$5111,Тех_Движение!$B$2:$B$5111,">="&Настройки!$B$5,Тех_Движение!$B$2:$B$5111,"<="&Настройки!$B$6,Тех_Движение!$D$2:$D$5111,$A13) -> 20 | D13: =SUMIFS(Тех_Движение!$G$2:$G$5111,Тех_Движение!$B$2:$B$5111,">="&Настройки!$B$5,Тех_Движение!$B$2:$B$5111,"<="&Настройки!$B$6,Тех_Движение!$D$2:$D$5111,$A13) -> 11 | E13: =SUMIFS(Тех_Движение!$H$2:$H$5111,Тех_Движение!$B$2:$B$5111,Настройки!$B$6,Тех_Движение!$D$2:$D$5111,$A13) -> 24 | F13: =IF(ABS($B13+$C13-$D13-$E13)<0.0001,"OK","ОШИБКА") -> OK | G13: =$C13*VLOOKUP($A13,Настройки!$A$11:$L$17,4,FALSE)+$D13*VLOOKUP($A13,Настройки!$A$11:$L$17,8,FALSE) -> 530 | H13: =SUMIFS(Хранение!$T$5:$T$5114,Хранение!$C$5:$C$5114,$A13) -> 94.090909 | I13: =$C13*VLOOKUP($A13,Настройки!$A$11:$L$17,10,FALSE)+$D13*VLOOKUP($A13,Настройки!$A$11:$L$17,11,FALSE) -> 119
A14: Ми-П | B14: =SUMIFS(Тех_Движение!$E$2:$E$5111,Тех_Движение!$B$2:$B$5111,Настройки!$B$5,Тех_Движение!$D$2:$D$5111,$A14) -> 24 | C14: =SUMIFS(Тех_Движение!$F$2:$F$5111,Тех_Движение!$B$2:$B$5111,">="&Настройки!$B$5,Тех_Движение!$B$2:$B$5111,"<="&Настройки!$B$6,Тех_Движение!$D$2:$D$5111,$A14) -> 0 | D14: =SUMIFS(Тех_Движение!$G$2:$G$5111,Тех_Движение!$B$2:$B$5111,">="&Настройки!$B$5,Тех_Движение!$B$2:$B$5111,"<="&Настройки!$B$6,Тех_Движение!$D$2:$D$5111,$A14) -> 6 | E14: =SUMIFS(Тех_Движение!$H$2:$H$5111,Тех_Движение!$B$2:$B$5111,Настройки!$B$6,Тех_Движение!$D$2:$D$5111,$A14) -> 18 | F14: =IF(ABS($B14+$C14-$D14-$E14)<0.0001,"OK","ОШИБКА") -> OK | G14: =$C14*VLOOKUP($A14,Настройки!$A$11:$L$17,4,FALSE)+$D14*VLOOKUP($A14,Настройки!$A$11:$L$17,8,FALSE) -> 180 | H14: =SUMIFS(Хранение!$T$5:$T$5114,Хранение!$C$5:$C$5114,$A14) -> 19.23913 | I14: =$C14*VLOOKUP($A14,Настройки!$A$11:$L$17,10,FALSE)+$D14*VLOOKUP($A14,Настройки!$A$11:$L$17,11,FALSE) -> 54
A15: ИТОГО | B15: =SUM(B8:B14) -> 282 | C15: =SUM(C8:C14) -> 80 | D15: =SUM(D8:D14) -> 174 | E15: =SUM(E8:E14) -> 188 | F15: =IF(COUNTIF(F8:F14,"ОШИБКА")=0,"OK","ОШИБКА") -> OK | G15: =SUM(G8:G14) -> 9705 | H15: =SUM(H8:H14) -> 4092.9729 | I15: =SUM(I8:I14) -> 3685
A17: Ввод данных
A18: Желтые поля: оператор, приход, убытие. Серые поля считаются автоматически. Не сортируй строки; используй фильтр или поиск по дате.
A20: Дата | B20: День | C20: Оператор | D20: АК-10 | H20: АК-15 | L20: Г 1800 | P20: Г 3500 | T20: Г 800 | X20: Ми-К | AB20: Ми-П | AF20: Контроль дня
D21: Остаток начало | E21: Приход | F21: Убытие | G21: Остаток конец | H21: Остаток начало | I21: Приход | J21: Убытие | K21: Остаток конец | L21: Остаток начало | M21: Приход | N21: Убытие | O21: Остаток конец | P21: Остаток начало | Q21: Приход | R21: Убытие | S21: Остаток конец | T21: Остаток начало | U21: Приход | V21: Убытие | W21: Остаток конец | X21: Остаток начало | Y21: Приход | Z21: Убытие | AA21: Остаток конец | AB21: Остаток начало | AC21: Приход | AD21: Убытие | AE21: Остаток конец
A22: 46241 | B22: ПТ | D22: =VLOOKUP("АК-10",Настройки!$A$11:$L$17,12,FALSE) -> 0 | G22: =D22+N(E22)-N(F22) -> 0 | H22: =VLOOKUP("АК-15",Настройки!$A$11:$L$17,12,FALSE) -> 0 | K22: =H22+N(I22)-N(J22) -> 0 | L22: =VLOOKUP("Г 1800",Настройки!$A$11:$L$17,12,FALSE) -> 0 | O22: =L22+N(M22)-N(N22) -> 0 | P22: =VLOOKUP("Г 3500",Настройки!$A$11:$L$17,12,FALSE) -> 0 | S22: =P22+N(Q22)-N(R22) -> 0 | T22: =VLOOKUP("Г 800",Настройки!$A$11:$L$17,12,FALSE) -> 0 | W22: =T22+N(U22)-N(V22) -> 0 | X22: =VLOOKUP("Ми-К",Настройки!$A$11:$L$17,12,FALSE) -> 0 | Y22: 10 | AA22: =X22+N(Y22)-N(Z22) -> 10 | AB22: =VLOOKUP("Ми-П",Настройки!$A$11:$L$17,12,FALSE) -> 0 | AE22: =AB22+N(AC22)-N(AD22) -> 0 | AF22: =IF(ABS((D22+H22+L22+P22+T22+X22+AB22)+(N(E22)+N(I22)+N(M22)+N(Q22)+N(U22)+N(Y22)+N(AC22))-(N(F22)+N(J22)+N(N22)+N(R22)+N(V22)+N(Z22)+N(AD22))-(G22+K22+O22+S22+W22+AA22+AE22))<0.0001,"OK","ОШИБКА") -> OK
A23: 46242 | B23: СБ | D23: =G22 -> 0 | G23: =D23+N(E23)-N(F23) -> 0 | H23: =K22 -> 0 | K23: =H23+N(I23)-N(J23) -> 0 | L23: =O22 -> 0 | M23: 9 | O23: =L23+N(M23)-N(N23) -> 9 | P23: =S22 -> 0 | Q23: 2 | R23: 2 | S23: =P23+N(Q23)-N(R23) -> 0 | T23: =W22 -> 0 | W23: =T23+N(U23)-N(V23) -> 0 | X23: =AA22 -> 10 | Z23: 3 | AA23: =X23+N(Y23)-N(Z23) -> 7 | AB23: =AE22 -> 0 | AE23: =AB23+N(AC23)-N(AD23) -> 0 | AF23: =IF(ABS((D23+H23+L23+P23+T23+X23+AB23)+(N(E23)+N(I23)+N(M23)+N(Q23)+N(U23)+N(Y23)+N(AC23))-(N(F23)+N(J23)+N(N23)+N(R23)+N(V23)+N(Z23)+N(AD23))-(G23+K23+O23+S23+W23+AA23+AE23))<0.0001,"OK","ОШИБКА") -> OK
A24: 46243 | B24: ВС | D24: =G23 -> 0 | G24: =D24+N(E24)-N(F24) -> 0 | H24: =K23 -> 0 | K24: =H24+N(I24)-N(J24) -> 0 | L24: =O23 -> 9 | M24: 10 | O24: =L24+N(M24)-N(N24) -> 19 | P24: =S23 -> 0 | Q24: 2 | S24: =P24+N(Q24)-N(R24) -> 2 | T24: =W23 -> 0 | W24: =T24+N(U24)-N(V24) -> 0 | X24: =AA23 -> 7 | Y24: 10 | Z24: 5 | AA24: =X24+N(Y24)-N(Z24) -> 12 | AB24: =AE23 -> 0 | AE24: =AB24+N(AC24)-N(AD24) -> 0 | AF24: =IF(ABS((D24+H24+L24+P24+T24+X24+AB24)+(N(E24)+N(I24)+N(M24)+N(Q24)+N(U24)+N(Y24)+N(AC24))-(N(F24)+N(J24)+N(N24)+N(R24)+N(V24)+N(Z24)+N(AD24))-(G24+K24+O24+S24+W24+AA24+AE24))<0.0001,"OK","ОШИБКА") -> OK
A25: 46244 | B25: ПН | D25: =G24 -> 0 | G25: =D25+N(E25)-N(F25) -> 0 | H25: =K24 -> 0 | K25: =H25+N(I25)-N(J25) -> 0 | L25: =O24 -> 19 | N25: 6 | O25: =L25+N(M25)-N(N25) -> 13 | P25: =S24 -> 2 | R25: 2 | S25: =P25+N(Q25)-N(R25) -> 0 | T25: =W24 -> 0 | W25: =T25+N(U25)-N(V25) -> 0 | X25: =AA24 -> 12 | Z25: 2 | AA25: =X25+N(Y25)-N(Z25) -> 10 | AB25: =AE24 -> 0 | AE25: =AB25+N(AC25)-N(AD25) -> 0 | AF25: =IF(ABS((D25+H25+L25+P25+T25+X25+AB25)+(N(E25)+N(I25)+N(M25)+N(Q25)+N(U25)+N(Y25)+N(AC25))-(N(F25)+N(J25)+N(N25)+N(R25)+N(V25)+N(Z25)+N(AD25))-(G25+K25+O25+S25+W25+AA25+AE25))<0.0001,"OK","ОШИБКА") -> OK
A26: 46245 | B26: ВТ | D26: =G25 -> 0 | G26: =D26+N(E26)-N(F26) -> 0 | H26: =K25 -> 0 | K26: =H26+N(I26)-N(J26) -> 0 | L26: =O25 -> 13 | N26: 2 | O26: =L26+N(M26)-N(N26) -> 11 | P26: =S25 -> 0 | Q26: 10 | R26: 3 | S26: =P26+N(Q26)-N(R26) -> 7 | T26: =W25 -> 0 | W26: =T26+N(U26)-N(V26) -> 0 | X26: =AA25 -> 10 | Z26: 1 | AA26: =X26+N(Y26)-N(Z26) -> 9 | AB26: =AE25 -> 0 | AE26: =AB26+N(AC26)-N(AD26) -> 0 | AF26: =IF(ABS((D26+H26+L26+P26+T26+X26+AB26)+(N(E26)+N(I26)+N(M26)+N(Q26)+N(U26)+N(Y26)+N(AC26))-(N(F26)+N(J26)+N(N26)+N(R26)+N(V26)+N(Z26)+N(AD26))-(G26+K26+O26+S26+W26+AA26+AE26))<0.0001,"OK","ОШИБКА") -> OK
A27: 46246 | B27: СР | D27: =G26 -> 0 | G27: =D27+N(E27)-N(F27) -> 0 | H27: =K26 -> 0 | K27: =H27+N(I27)-N(J27) -> 0 | L27: =O26 -> 11 | N27: 4 | O27: =L27+N(M27)-N(N27) -> 7 | P27: =S26 -> 7 | R27: 1 | S27: =P27+N(Q27)-N(R27) -> 6 | T27: =W26 -> 0 | W27: =T27+N(U27)-N(V27) -> 0 | X27: =AA26 -> 9 | Z27: 2 | AA27: =X27+N(Y27)-N(Z27) -> 7 | AB27: =AE26 -> 0 | AE27: =AB27+N(AC27)-N(AD27) -> 0 | AF27: =IF(ABS((D27+H27+L27+P27+T27+X27+AB27)+(N(E27)+N(I27)+N(M27)+N(Q27)+N(U27)+N(Y27)+N(AC27))-(N(F27)+N(J27)+N(N27)+N(R27)+N(V27)+N(Z27)+N(AD27))-(G27+K27+O27+S27+W27+AA27+AE27))<0.0001,"OK","ОШИБКА") -> OK
A28: 46247 | B28: ЧТ | D28: =G27 -> 0 | G28: =D28+N(E28)-N(F28) -> 0 | H28: =K27 -> 0 | K28: =H28+N(I28)-N(J28) -> 0 | L28: =O27 -> 7 | M28: 10 | N28: 6 | O28: =L28+N(M28)-N(N28) -> 11 | P28: =S27 -> 6 | R28: 1 | S28: =P28+N(Q28)-N(R28) -> 5 | T28: =W27 -> 0 | W28: =T28+N(U28)-N(V28) -> 0 | X28: =AA27 -> 7 | Y28: 10 | Z28: 4 | AA28: =X28+N(Y28)-N(Z28) -> 13 | AB28: =AE27 -> 0 | AE28: =AB28+N(AC28)-N(AD28) -> 0 | AF28: =IF(ABS((D28+H28+L28+P28+T28+X28+AB28)+(N(E28)+N(I28)+N(M28)+N(Q28)+N(U28)+N(Y28)+N(AC28))-(N(F28)+N(J28)+N(N28)+N(R28)+N(V28)+N(Z28)+N(AD28))-(G28+K28+O28+S28+W28+AA28+AE28))<0.0001,"OK","ОШИБКА") -> OK
A29: 46248 | B29: ПТ | D29: =G28 -> 0 | G29: =D29+N(E29)-N(F29) -> 0 | H29: =K28 -> 0 | K29: =H29+N(I29)-N(J29) -> 0 | L29: =O28 -> 11 | N29: 9 | O29: =L29+N(M29)-N(N29) -> 2 | P29: =S28 -> 5 | R29: 3 | S29: =P29+N(Q29)-N(R29) -> 2 | T29: =W28 -> 0 | W29: =T29+N(U29)-N(V29) -> 0 | X29: =AA28 -> 13 | Z29: 1 | AA29: =X29+N(Y29)-N(Z29) -> 12 | AB29: =AE28 -> 0 | AE29: =AB29+N(AC29)-N(AD29) -> 0 | AF29: =IF(ABS((D29+H29+L29+P29+T29+X29+AB29)+(N(E29)+N(I29)+N(M29)+N(Q29)+N(U29)+N(Y29)+N(AC29))-(N(F29)+N(J29)+N(N29)+N(R29)+N(V29)+N(Z29)+N(AD29))-(G29+K29+O29+S29+W29+AA29+AE29))<0.0001,"OK","ОШИБКА") -> OK
A30: 46249 | B30: СБ | D30: =G29 -> 0 | G30: =D30+N(E30)-N(F30) -> 0 | H30: =K29 -> 0 | K30: =H30+N(I30)-N(J30) -> 0 | L30: =O29 -> 2 | M30: 10 | N30: 6 | O30: =L30+N(M30)-N(N30) -> 6 | P30: =S29 -> 2 | Q30: 10 | S30: =P30+N(Q30)-N(R30) -> 12 | T30: =W29 -> 0 | W30: =T30+N(U30)-N(V30) -> 0 | X30: =AA29 -> 12 | Y30: 5 | Z30: 8 | AA30: =X30+N(Y30)-N(Z30) -> 9 | AB30: =AE29 -> 0 | AE30: =AB30+N(AC30)-N(AD30) -> 0 | AF30: =IF(ABS((D30+H30+L30+P30+T30+X30+AB30)+(N(E30)+N(I30)+N(M30)+N(Q30)+N(U30)+N(Y30)+N(AC30))-(N(F30)+N(J30)+N(N30)+N(R30)+N(V30)+N(Z30)+N(AD30))-(G30+K30+O30+S30+W30+AA30+AE30))<0.0001,"OK","ОШИБКА") -> OK
A31: 46250 | B31: ВС | D31: =G30 -> 0 | G31: =D31+N(E31)-N(F31) -> 0 | H31: =K30 -> 0 | K31: =H31+N(I31)-N(J31) -> 0 | L31: =O30 -> 6 | M31: 10 | N31: 5 | O31: =L31+N(M31)-N(N31) -> 11 | P31: =S30 -> 12 | S31: =P31+N(Q31)-N(R31) -> 12 | T31: =W30 -> 0 | W31: =T31+N(U31)-N(V31) -> 0 | X31: =AA30 -> 9 | Z31: 4 | AA31: =X31+N(Y31)-N(Z31) -> 5 | AB31: =AE30 -> 0 | AE31: =AB31+N(AC31)-N(AD31) -> 0 | AF31: =IF(ABS((D31+H31+L31+P31+T31+X31+AB31)+(N(E31)+N(I31)+N(M31)+N(Q31)+N(U31)+N(Y31)+N(AC31))-(N(F31)+N(J31)+N(N31)+N(R31)+N(V31)+N(Z31)+N(AD31))-(G31+K31+O31+S31+W31+AA31+AE31))<0.0001,"OK","ОШИБКА") -> OK
A32: 46251 | B32: ПН | D32: =G31 -> 0 | G32: =D32+N(E32)-N(F32) -> 0 | H32: =K31 -> 0 | K32: =H32+N(I32)-N(J32) -> 0 | L32: =O31 -> 11 | N32: 4 | O32: =L32+N(M32)-N(N32) -> 7 | P32: =S31 -> 12 | S32: =P32+N(Q32)-N(R32) -> 12 | T32: =W31 -> 0 | W32: =T32+N(U32)-N(V32) -> 0 | X32: =AA31 -> 5 | Z32: 4 | AA32: =X32+N(Y32)-N(Z32) -> 1 | AB32: =AE31 -> 0 | AE32: =AB32+N(AC32)-N(AD32) -> 0 | AF32: =IF(ABS((D32+H32+L32+P32+T32+X32+AB32)+(N(E32)+N(I32)+N(M32)+N(Q32)+N(U32)+N(Y32)+N(AC32))-(N(F32)+N(J32)+N(N32)+N(R32)+N(V32)+N(Z32)+N(AD32))-(G32+K32+O32+S32+W32+AA32+AE32))<0.0001,"OK","ОШИБКА") -> OK
A33: 46252 | B33: ВТ | D33: =G32 -> 0 | G33: =D33+N(E33)-N(F33) -> 0 | H33: =K32 -> 0 | K33: =H33+N(I33)-N(J33) -> 0 | L33: =O32 -> 7 | M33: 5 | N33: 2 | O33: =L33+N(M33)-N(N33) -> 10 | P33: =S32 -> 12 | R33: 1 | S33: =P33+N(Q33)-N(R33) -> 11 | T33: =W32 -> 0 | U33: 10 | W33: =T33+N(U33)-N(V33) -> 10 | X33: =AA32 -> 1 | Y33: 10 | Z33: 4 | AA33: =X33+N(Y33)-N(Z33) -> 7 | AB33: =AE32 -> 0 | AE33: =AB33+N(AC33)-N(AD33) -> 0 | AF33: =IF(ABS((D33+H33+L33+P33+T33+X33+AB33)+(N(E33)+N(I33)+N(M33)+N(Q33)+N(U33)+N(Y33)+N(AC33))-(N(F33)+N(J33)+N(N33)+N(R33)+N(V33)+N(Z33)+N(AD33))-(G33+K33+O33+S33+W33+AA33+AE33))<0.0001,"OK","ОШИБКА") -> OK
A34: 46253 | B34: СР | D34: =G33 -> 0 | G34: =D34+N(E34)-N(F34) -> 0 | H34: =K33 -> 0 | K34: =H34+N(I34)-N(J34) -> 0 | L34: =O33 -> 10 | M34: 15 | N34: 11 | O34: =L34+N(M34)-N(N34) -> 14 | P34: =S33 -> 11 | R34: 1 | S34: =P34+N(Q34)-N(R34) -> 10 | T34: =W33 -> 10 | V34: 2 | W34: =T34+N(U34)-N(V34) -> 8 | X34: =AA33 -> 7 | Y34: 10 | Z34: 1 | AA34: =X34+N(Y34)-N(Z34) -> 16 | AB34: =AE33 -> 0 | AE34: =AB34+N(AC34)-N(AD34) -> 0 | AF34: =IF(ABS((D34+H34+L34+P34+T34+X34+AB34)+(N(E34)+N(I34)+N(M34)+N(Q34)+N(U34)+N(Y34)+N(AC34))-(N(F34)+N(J34)+N(N34)+N(R34)+N(V34)+N(Z34)+N(AD34))-(G34+K34+O34+S34+W34+AA34+AE34))<0.0001,"OK","ОШИБКА") -> OK
A35: 46254 | B35: ЧТ | D35: =G34 -> 0 | E35: 5 | G35: =D35+N(E35)-N(F35) -> 5 | H35: =K34 -> 0 | I35: 28 | K35: =H35+N(I35)-N(J35) -> 28 | L35: =O34 -> 14 | N35: 6 | O35: =L35+N(M35)-N(N35) -> 8 | P35: =S34 -> 10 | S35: =P35+N(Q35)-N(R35) -> 10 | T35: =W34 -> 8 | V35: 2 | W35: =T35+N(U35)-N(V35) -> 6 | X35: =AA34 -> 16 | Z35: 1 | AA35: =X35+N(Y35)-N(Z35) -> 15 | AB35: =AE34 -> 0 | AE35: =AB35+N(AC35)-N(AD35) -> 0 | AF35: =IF(ABS((D35+H35+L35+P35+T35+X35+AB35)+(N(E35)+N(I35)+N(M35)+N(Q35)+N(U35)+N(Y35)+N(AC35))-(N(F35)+N(J35)+N(N35)+N(R35)+N(V35)+N(Z35)+N(AD35))-(G35+K35+O35+S35+W35+AA35+AE35))<0.0001,"OK","ОШИБКА") -> OK
A36: 46255 | B36: ПТ | D36: =G35 -> 5 | G36: =D36+N(E36)-N(F36) -> 5 | H36: =K35 -> 28 | J36: 1 | K36: =H36+N(I36)-N(J36) -> 27 | L36: =O35 -> 8 | N36: 2 | O36: =L36+N(M36)-N(N36) -> 6 | P36: =S35 -> 10 | S36: =P36+N(Q36)-N(R36) -> 10 | T36: =W35 -> 6 | V36: 1 | W36: =T36+N(U36)-N(V36) -> 5 | X36: =AA35 -> 15 | AA36: =X36+N(Y36)-N(Z36) -> 15 | AB36: =AE35 -> 0 | AE36: =AB36+N(AC36)-N(AD36) -> 0 | AF36: =IF(ABS((D36+H36+L36+P36+T36+X36+AB36)+(N(E36)+N(I36)+N(M36)+N(Q36)+N(U36)+N(Y36)+N(AC36))-(N(F36)+N(J36)+N(N36)+N(R36)+N(V36)+N(Z36)+N(AD36))-(G36+K36+O36+S36+W36+AA36+AE36))<0.0001,"OK","ОШИБКА") -> OK
A37: 46256 | B37: СБ | D37: =G36 -> 5 | G37: =D37+N(E37)-N(F37) -> 5 | H37: =K36 -> 27 | J37: 7 | K37: =H37+N(I37)-N(J37) -> 20 | L37: =O36 -> 6 | M37: 15 | N37: 6 | O37: =L37+N(M37)-N(N37) -> 15 | P37: =S36 -> 10 | S37: =P37+N(Q37)-N(R37) -> 10 | T37: =W36 -> 5 | U37: 10 | V37: 5 | W37: =T37+N(U37)-N(V37) -> 10 | X37: =AA36 -> 15 | Z37: 1 | AA37: =X37+N(Y37)-N(Z37) -> 14 | AB37: =AE36 -> 0 | AE37: =AB37+N(AC37)-N(AD37) -> 0 | AF37: =IF(ABS((D37+H37+L37+P37+T37+X37+AB37)+(N(E37)+N(I37)+N(M37)+N(Q37)+N(U37)+N(Y37)+N(AC37))-(N(F37)+N(J37)+N(N37)+N(R37)+N(V37)+N(Z37)+N(AD37))-(G37+K37+O37+S37+W37+AA37+AE37))<0.0001,"OK","ОШИБКА") -> OK
A38: 46257 | B38: ВС | D38: =G37 -> 5 | F38: 1 | G38: =D38+N(E38)-N(F38) -> 4 | H38: =K37 -> 20 | J38: 1 | K38: =H38+N(I38)-N(J38) -> 19 | L38: =O37 -> 15 | N38: 7 | O38: =L38+N(M38)-N(N38) -> 8 | P38: =S37 -> 10 | S38: =P38+N(Q38)-N(R38) -> 10 | T38: =W37 -> 10 | V38: 4 | W38: =T38+N(U38)-N(V38) -> 6 | X38: =AA37 -> 14 | Z38: 2 | AA38: =X38+N(Y38)-N(Z38) -> 12 | AB38: =AE37 -> 0 | AE38: =AB38+N(AC38)-N(AD38) -> 0 | AF38: =IF(ABS((D38+H38+L38+P38+T38+X38+AB38)+(N(E38)+N(I38)+N(M38)+N(Q38)+N(U38)+N(Y38)+N(AC38))-(N(F38)+N(J38)+N(N38)+N(R38)+N(V38)+N(Z38)+N(AD38))-(G38+K38+O38+S38+W38+AA38+AE38))<0.0001,"OK","ОШИБКА") -> OK
A39: 46258 | B39: ПН | D39: =G38 -> 4 | F39: 3 | G39: =D39+N(E39)-N(F39) -> 1 | H39: =K38 -> 19 | J39: 2 | K39: =H39+N(I39)-N(J39) -> 17 | L39: =O38 -> 8 | M39: 21 | N39: 8 | O39: =L39+N(M39)-N(N39) -> 21 | P39: =S38 -> 10 | R39: 1 | S39: =P39+N(Q39)-N(R39) -> 9 | T39: =W38 -> 6 | U39: 5 | V39: 5 | W39: =T39+N(U39)-N(V39) -> 6 | X39: =AA38 -> 12 | Z39: 3 | AA39: =X39+N(Y39)-N(Z39) -> 9 | AB39: =AE38 -> 0 | AE39: =AB39+N(AC39)-N(AD39) -> 0 | AF39: =IF(ABS((D39+H39+L39+P39+T39+X39+AB39)+(N(E39)+N(I39)+N(M39)+N(Q39)+N(U39)+N(Y39)+N(AC39))-(N(F39)+N(J39)+N(N39)+N(R39)+N(V39)+N(Z39)+N(AD39))-(G39+K39+O39+S39+W39+AA39+AE39))<0.0001,"OK","ОШИБКА") -> OK
A40: 46259 | B40: ВТ | D40: =G39 -> 1 | F40: 1 | G40: =D40+N(E40)-N(F40) -> 0 | H40: =K39 -> 17 | K40: =H40+N(I40)-N(J40) -> 17 | L40: =O39 -> 21 | N40: 5 | O40: =L40+N(M40)-N(N40) -> 16 | P40: =S39 -> 9 | R40: 2 | S40: =P40+N(Q40)-N(R40) -> 7 | T40: =W39 -> 6 | V40: 1 | W40: =T40+N(U40)-N(V40) -> 5 | X40: =AA39 -> 9 | Z40: 4 | AA40: =X40+N(Y40)-N(Z40) -> 5 | AB40: =AE39 -> 0 | AE40: =AB40+N(AC40)-N(AD40) -> 0 | AF40: =IF(ABS((D40+H40+L40+P40+T40+X40+AB40)+(N(E40)+N(I40)+N(M40)+N(Q40)+N(U40)+N(Y40)+N(AC40))-(N(F40)+N(J40)+N(N40)+N(R40)+N(V40)+N(Z40)+N(AD40))-(G40+K40+O40+S40+W40+AA40+AE40))<0.0001,"OK","ОШИБКА") -> OK
A41: 46260 | B41: СР | D41: =G40 -> 0 | E41: 5 | G41: =D41+N(E41)-N(F41) -> 5 | H41: =K40 -> 17 | J41: 6 | K41: =H41+N(I41)-N(J41) -> 11 | L41: =O40 -> 16 | M41: 20 | N41: 11 | O41: =L41+N(M41)-N(N41) -> 25 | P41: =S40 -> 7 | S41: =P41+N(Q41)-N(R41) -> 7 | T41: =W40 -> 5 | V41: 4 | W41: =T41+N(U41)-N(V41) -> 1 | X41: =AA40 -> 5 | Y41: 10 | Z41: 3 | AA41: =X41+N(Y41)-N(Z41) -> 12 | AB41: =AE40 -> 0 | AE41: =AB41+N(AC41)-N(AD41) -> 0 | AF41: =IF(ABS((D41+H41+L41+P41+T41+X41+AB41)+(N(E41)+N(I41)+N(M41)+N(Q41)+N(U41)+N(Y41)+N(AC41))-(N(F41)+N(J41)+N(N41)+N(R41)+N(V41)+N(Z41)+N(AD41))-(G41+K41+O41+S41+W41+AA41+AE41))<0.0001,"OK","ОШИБКА") -> OK
A42: 46261 | B42: ЧТ | D42: =G41 -> 5 | F42: 3 | G42: =D42+N(E42)-N(F42) -> 2 | H42: =K41 -> 11 | K42: =H42+N(I42)-N(J42) -> 11 | L42: =O41 -> 25 | N42: 9 | O42: =L42+N(M42)-N(N42) -> 16 | P42: =S41 -> 7 | S42: =P42+N(Q42)-N(R42) -> 7 | T42: =W41 -> 1 | V42: 1 | W42: =T42+N(U42)-N(V42) -> 0 | X42: =AA41 -> 12 | Z42: 4 | AA42: =X42+N(Y42)-N(Z42) -> 8 | AB42: =AE41 -> 0 | AE42: =AB42+N(AC42)-N(AD42) -> 0 | AF42: =IF(ABS((D42+H42+L42+P42+T42+X42+AB42)+(N(E42)+N(I42)+N(M42)+N(Q42)+N(U42)+N(Y42)+N(AC42))-(N(F42)+N(J42)+N(N42)+N(R42)+N(V42)+N(Z42)+N(AD42))-(G42+K42+O42+S42+W42+AA42+AE42))<0.0001,"OK","ОШИБКА") -> OK
A43: 46262 | B43: ПТ | D43: =G42 -> 2 | E43: 10 | G43: =D43+N(E43)-N(F43) -> 12 | H43: =K42 -> 11 | I43: 1 | J43: 1 | K43: =H43+N(I43)-N(J43) -> 11 | L43: =O42 -> 16 | M43: 20 | N43: 9 | O43: =L43+N(M43)-N(N43) -> 27 | P43: =S42 -> 7 | S43: =P43+N(Q43)-N(R43) -> 7 | T43: =W42 -> 0 | W43: =T43+N(U43)-N(V43) -> 0 | X43: =AA42 -> 8 | Y43: 11 | Z43: 4 | AA43: =X43+N(Y43)-N(Z43) -> 15 | AB43: =AE42 -> 0 | AE43: =AB43+N(AC43)-N(AD43) -> 0 | AF43: =IF(ABS((D43+H43+L43+P43+T43+X43+AB43)+(N(E43)+N(I43)+N(M43)+N(Q43)+N(U43)+N(Y43)+N(AC43))-(N(F43)+N(J43)+N(N43)+N(R43)+N(V43)+N(Z43)+N(AD43))-(G43+K43+O43+S43+W43+AA43+AE43))<0.0001,"OK","ОШИБКА") -> OK
A44: 46263 | B44: СБ | D44: =G43 -> 12 | G44: =D44+N(E44)-N(F44) -> 12 | H44: =K43 -> 11 | J44: 2 | K44: =H44+N(I44)-N(J44) -> 9 | L44: =O43 -> 27 | N44: 14 | O44: =L44+N(M44)-N(N44) -> 13 | P44: =S43 -> 7 | S44: =P44+N(Q44)-N(R44) -> 7 | T44: =W43 -> 0 | W44: =T44+N(U44)-N(V44) -> 0 | X44: =AA43 -> 15 | Y44: 10 | Z44: 2 | AA44: =X44+N(Y44)-N(Z44) -> 23 | AB44: =AE43 -> 0 | AE44: =AB44+N(AC44)-N(AD44) -> 0 | AF44: =IF(ABS((D44+H44+L44+P44+T44+X44+AB44)+(N(E44)+N(I44)+N(M44)+N(Q44)+N(U44)+N(Y44)+N(AC44))-(N(F44)+N(J44)+N(N44)+N(R44)+N(V44)+N(Z44)+N(AD44))-(G44+K44+O44+S44+W44+AA44+AE44))<0.0001,"OK","ОШИБКА") -> OK
A45: 46264 | B45: ВС | D45: =G44 -> 12 | F45: 1 | G45: =D45+N(E45)-N(F45) -> 11 | H45: =K44 -> 9 | I45: 28 | J45: 2 | K45: =H45+N(I45)-N(J45) -> 35 | L45: =O44 -> 13 | M45: 17 | N45: 9 | O45: =L45+N(M45)-N(N45) -> 21 | P45: =S44 -> 7 | R45: 2 | S45: =P45+N(Q45)-N(R45) -> 5 | T45: =W44 -> 0 | W45: =T45+N(U45)-N(V45) -> 0 | X45: =AA44 -> 23 | Z45: 4 | AA45: =X45+N(Y45)-N(Z45) -> 19 | AB45: =AE44 -> 0 | AE45: =AB45+N(AC45)-N(AD45) -> 0 | AF45: =IF(ABS((D45+H45+L45+P45+T45+X45+AB45)+(N(E45)+N(I45)+N(M45)+N(Q45)+N(U45)+N(Y45)+N(AC45))-(N(F45)+N(J45)+N(N45)+N(R45)+N(V45)+N(Z45)+N(AD45))-(G45+K45+O45+S45+W45+AA45+AE45))<0.0001,"OK","ОШИБКА") -> OK
A46: 46265 | B46: ПН | D46: =G45 -> 11 | G46: =D46+N(E46)-N(F46) -> 11 | H46: =K45 -> 35 | J46: 1 | K46: =H46+N(I46)-N(J46) -> 34 | L46: =O45 -> 21 | M46: 48 | N46: 9 | O46: =L46+N(M46)-N(N46) -> 60 | P46: =S45 -> 5 | R46: 1 | S46: =P46+N(Q46)-N(R46) -> 4 | T46: =W45 -> 0 | U46: 56 | W46: =T46+N(U46)-N(V46) -> 56 | X46: =AA45 -> 19 | Z46: 1 | AA46: =X46+N(Y46)-N(Z46) -> 18 | AB46: =AE45 -> 0 | AE46: =AB46+N(AC46)-N(AD46) -> 0 | AF46: =IF(ABS((D46+H46+L46+P46+T46+X46+AB46)+(N(E46)+N(I46)+N(M46)+N(Q46)+N(U46)+N(Y46)+N(AC46))-(N(F46)+N(J46)+N(N46)+N(R46)+N(V46)+N(Z46)+N(AD46))-(G46+K46+O46+S46+W46+AA46+AE46))<0.0001,"OK","ОШИБКА") -> OK
A47: 46266 | B47: ВТ | D47: =G46 -> 11 | F47: 1 | G47: =D47+N(E47)-N(F47) -> 10 | H47: =K46 -> 34 | J47: 2 | K47: =H47+N(I47)-N(J47) -> 32 | L47: =O46 -> 60 | N47: 8 | O47: =L47+N(M47)-N(N47) -> 52 | P47: =S46 -> 4 | S47: =P47+N(Q47)-N(R47) -> 4 | T47: =W46 -> 56 | W47: =T47+N(U47)-N(V47) -> 56 | X47: =AA46 -> 18 | Z47: 2 | AA47: =X47+N(Y47)-N(Z47) -> 16 | AB47: =AE46 -> 0 | AE47: =AB47+N(AC47)-N(AD47) -> 0 | AF47: =IF(ABS((D47+H47+L47+P47+T47+X47+AB47)+(N(E47)+N(I47)+N(M47)+N(Q47)+N(U47)+N(Y47)+N(AC47))-(N(F47)+N(J47)+N(N47)+N(R47)+N(V47)+N(Z47)+N(AD47))-(G47+K47+O47+S47+W47+AA47+AE47))<0.0001,"OK","ОШИБКА") -> OK
A48: 46267 | B48: СР | D48: =G47 -> 10 | G48: =D48+N(E48)-N(F48) -> 10 | H48: =K47 -> 32 | J48: 1 | K48: =H48+N(I48)-N(J48) -> 31 | L48: =O47 -> 52 | N48: 16 | O48: =L48+N(M48)-N(N48) -> 36 | P48: =S47 -> 4 | R48: 1 | S48: =P48+N(Q48)-N(R48) -> 3 | T48: =W47 -> 56 | W48: =T48+N(U48)-N(V48) -> 56 | X48: =AA47 -> 16 | Z48: 4 | AA48: =X48+N(Y48)-N(Z48) -> 12 | AB48: =AE47 -> 0 | AE48: =AB48+N(AC48)-N(AD48) -> 0 | AF48: =IF(ABS((D48+H48+L48+P48+T48+X48+AB48)+(N(E48)+N(I48)+N(M48)+N(Q48)+N(U48)+N(Y48)+N(AC48))-(N(F48)+N(J48)+N(N48)+N(R48)+N(V48)+N(Z48)+N(AD48))-(G48+K48+O48+S48+W48+AA48+AE48))<0.0001,"OK","ОШИБКА") -> OK
A49: 46268 | B49: ЧТ | D49: =G48 -> 10 | E49: 10 | G49: =D49+N(E49)-N(F49) -> 20 | H49: =K48 -> 31 | J49: 2 | K49: =H49+N(I49)-N(J49) -> 29 | L49: =O48 -> 36 | N49: 10 | O49: =L49+N(M49)-N(N49) -> 26 | P49: =S48 -> 3 | Q49: 2 | R49: 3 | S49: =P49+N(Q49)-N(R49) -> 2 | T49: =W48 -> 56 | V49: 4 | W49: =T49+N(U49)-N(V49) -> 52 | X49: =AA48 -> 12 | Z49: 2 | AA49: =X49+N(Y49)-N(Z49) -> 10 | AB49: =AE48 -> 0 | AE49: =AB49+N(AC49)-N(AD49) -> 0 | AF49: =IF(ABS((D49+H49+L49+P49+T49+X49+AB49)+(N(E49)+N(I49)+N(M49)+N(Q49)+N(U49)+N(Y49)+N(AC49))-(N(F49)+N(J49)+N(N49)+N(R49)+N(V49)+N(Z49)+N(AD49))-(G49+K49+O49+S49+W49+AA49+AE49))<0.0001,"OK","ОШИБКА") -> OK
A50: 46269 | B50: ПТ | D50: =G49 -> 20 | G50: =D50+N(E50)-N(F50) -> 20 | H50: =K49 -> 29 | J50: 2 | K50: =H50+N(I50)-N(J50) -> 27 | L50: =O49 -> 26 | N50: 11 | O50: =L50+N(M50)-N(N50) -> 15 | P50: =S49 -> 2 | Q50: 4 | R50: 3 | S50: =P50+N(Q50)-N(R50) -> 3 | T50: =W49 -> 52 | V50: 2 | W50: =T50+N(U50)-N(V50) -> 50 | X50: =AA49 -> 10 | Y50: 10 | Z50: 2 | AA50: =X50+N(Y50)-N(Z50) -> 18 | AB50: =AE49 -> 0 | AE50: =AB50+N(AC50)-N(AD50) -> 0 | AF50: =IF(ABS((D50+H50+L50+P50+T50+X50+AB50)+(N(E50)+N(I50)+N(M50)+N(Q50)+N(U50)+N(Y50)+N(AC50))-(N(F50)+N(J50)+N(N50)+N(R50)+N(V50)+N(Z50)+N(AD50))-(G50+K50+O50+S50+W50+AA50+AE50))<0.0001,"OK","ОШИБКА") -> OK
A51: 46270 | B51: СБ | D51: =G50 -> 20 | G51: =D51+N(E51)-N(F51) -> 20 | H51: =K50 -> 27 | I51: 2 | J51: 1 | K51: =H51+N(I51)-N(J51) -> 28 | L51: =O50 -> 15 | M51: 60 | N51: 1 | O51: =L51+N(M51)-N(N51) -> 74 | P51: =S50 -> 3 | Q51: 1 | S51: =P51+N(Q51)-N(R51) -> 4 | T51: =W50 -> 50 | V51: 1 | W51: =T51+N(U51)-N(V51) -> 49 | X51: =AA50 -> 18 | Z51: 1 | AA51: =X51+N(Y51)-N(Z51) -> 17 | AB51: =AE50 -> 0 | AE51: =AB51+N(AC51)-N(AD51) -> 0 | AF51: =IF(ABS((D51+H51+L51+P51+T51+X51+AB51)+(N(E51)+N(I51)+N(M51)+N(Q51)+N(U51)+N(Y51)+N(AC51))-(N(F51)+N(J51)+N(N51)+N(R51)+N(V51)+N(Z51)+N(AD51))-(G51+K51+O51+S51+W51+AA51+AE51))<0.0001,"OK","ОШИБКА") -> OK
A52: 46271 | B52: ВС | D52: =G51 -> 20 | F52: 2 | G52: =D52+N(E52)-N(F52) -> 18 | H52: =K51 -> 28 | J52: 4 | K52: =H52+N(I52)-N(J52) -> 24 | L52: =O51 -> 74 | N52: 8 | O52: =L52+N(M52)-N(N52) -> 66 | P52: =S51 -> 4 | R52: 1 | S52: =P52+N(Q52)-N(R52) -> 3 | T52: =W51 -> 49 | V52: 10 | W52: =T52+N(U52)-N(V52) -> 39 | X52: =AA51 -> 17 | AA52: =X52+N(Y52)-N(Z52) -> 17 | AB52: =AE51 -> 0 | AE52: =AB52+N(AC52)-N(AD52) -> 0 | AF52: =IF(ABS((D52+H52+L52+P52+T52+X52+AB52)+(N(E52)+N(I52)+N(M52)+N(Q52)+N(U52)+N(Y52)+N(AC52))-(N(F52)+N(J52)+N(N52)+N(R52)+N(V52)+N(Z52)+N(AD52))-(G52+K52+O52+S52+W52+AA52+AE52))<0.0001,"OK","ОШИБКА") -> OK
A53: 46272 | B53: ПН | C53: Пузанов Д.В. | D53: =G52 -> 18 | G53: =D53+N(E53)-N(F53) -> 18 | H53: =K52 -> 24 | K53: =H53+N(I53)-N(J53) -> 24 | L53: =O52 -> 66 | M53: 3 | N53: 3 | O53: =L53+N(M53)-N(N53) -> 66 | P53: =S52 -> 3 | S53: =P53+N(Q53)-N(R53) -> 3 | T53: =W52 -> 39 | U53: 2 | V53: 2 | W53: =T53+N(U53)-N(V53) -> 39 | X53: =AA52 -> 17 | Y53: 1 | Z53: 1 | AA53: =X53+N(Y53)-N(Z53) -> 17 | AB53: =AE52 -> 0 | AE53: =AB53+N(AC53)-N(AD53) -> 0 | AF53: =IF(ABS((D53+H53+L53+P53+T53+X53+AB53)+(N(E53)+N(I53)+N(M53)+N(Q53)+N(U53)+N(Y53)+N(AC53))-(N(F53)+N(J53)+N(N53)+N(R53)+N(V53)+N(Z53)+N(AD53))-(G53+K53+O53+S53+W53+AA53+AE53))<0.0001,"OK","ОШИБКА") -> OK
A54: 46273 | B54: ВТ | C54: Завалишин Д.Л. | D54: =G53 -> 18 | F54: 1 | G54: =D54+N(E54)-N(F54) -> 17 | H54: =K53 -> 24 | J54: 1 | K54: =H54+N(I54)-N(J54) -> 23 | L54: =O53 -> 66 | N54: 11 | O54: =L54+N(M54)-N(N54) -> 55 | P54: =S53 -> 3 | S54: =P54+N(Q54)-N(R54) -> 3 | T54: =W53 -> 39 | V54: 3 | W54: =T54+N(U54)-N(V54) -> 36 | X54: =AA53 -> 17 | AA54: =X54+N(Y54)-N(Z54) -> 17 | AB54: =AE53 -> 0 | AE54: =AB54+N(AC54)-N(AD54) -> 0 | AF54: =IF(ABS((D54+H54+L54+P54+T54+X54+AB54)+(N(E54)+N(I54)+N(M54)+N(Q54)+N(U54)+N(Y54)+N(AC54))-(N(F54)+N(J54)+N(N54)+N(R54)+N(V54)+N(Z54)+N(AD54))-(G54+K54+O54+S54+W54+AA54+AE54))<0.0001,"OK","ОШИБКА") -> OK
A55: 46274 | B55: СР | C55: Завалишин Д.Л. | D55: =G54 -> 17 | G55: =D55+N(E55)-N(F55) -> 17 | H55: =K54 -> 23 | J55: 1 | K55: =H55+N(I55)-N(J55) -> 22 | L55: =O54 -> 55 | N55: 8 | O55: =L55+N(M55)-N(N55) -> 47 | P55: =S54 -> 3 | S55: =P55+N(Q55)-N(R55) -> 3 | T55: =W54 -> 36 | V55: 5 | W55: =T55+N(U55)-N(V55) -> 31 | X55: =AA54 -> 17 | Z55: 1 | AA55: =X55+N(Y55)-N(Z55) -> 16 | AB55: =AE54 -> 0 | AE55: =AB55+N(AC55)-N(AD55) -> 0 | AF55: =IF(ABS((D55+H55+L55+P55+T55+X55+AB55)+(N(E55)+N(I55)+N(M55)+N(Q55)+N(U55)+N(Y55)+N(AC55))-(N(F55)+N(J55)+N(N55)+N(R55)+N(V55)+N(Z55)+N(AD55))-(G55+K55+O55+S55+W55+AA55+AE55))<0.0001,"OK","ОШИБКА") -> OK
A56: 46275 | B56: ЧТ | C56: Завалишин Д.Л. | D56: =G55 -> 17 | G56: =D56+N(E56)-N(F56) -> 17 | H56: =K55 -> 22 | K56: =H56+N(I56)-N(J56) -> 22 | L56: =O55 -> 47 | M56: 129 | N56: 10 | O56: =L56+N(M56)-N(N56) -> 166 | P56: =S55 -> 3 | Q56: 2 | S56: =P56+N(Q56)-N(R56) -> 5 | T56: =W55 -> 31 | V56: 8 | W56: =T56+N(U56)-N(V56) -> 23 | X56: =AA55 -> 16 | Y56: 10 | Z56: 1 | AA56: =X56+N(Y56)-N(Z56) -> 25 | AB56: =AE55 -> 0 | AC56: 27 | AD56: 1 | AE56: =AB56+N(AC56)-N(AD56) -> 26 | AF56: =IF(ABS((D56+H56+L56+P56+T56+X56+AB56)+(N(E56)+N(I56)+N(M56)+N(Q56)+N(U56)+N(Y56)+N(AC56))-(N(F56)+N(J56)+N(N56)+N(R56)+N(V56)+N(Z56)+N(AD56))-(G56+K56+O56+S56+W56+AA56+AE56))<0.0001,"OK","ОШИБКА") -> OK
A57: 46276 | B57: ПТ | C57: Пузанов Д.В. | D57: =G56 -> 17 | F57: 5 | G57: =D57+N(E57)-N(F57) -> 12 | H57: =K56 -> 22 | J57: 2 | K57: =H57+N(I57)-N(J57) -> 20 | L57: =O56 -> 166 | N57: 12 | O57: =L57+N(M57)-N(N57) -> 154 | P57: =S56 -> 5 | R57: 2 | S57: =P57+N(Q57)-N(R57) -> 3 | T57: =W56 -> 23 | U57: 64 | V57: 4 | W57: =T57+N(U57)-N(V57) -> 83 | X57: =AA56 -> 25 | Z57: 6 | AA57: =X57+N(Y57)-N(Z57) -> 19 | AB57: =AE56 -> 26 | AD57: 1 | AE57: =AB57+N(AC57)-N(AD57) -> 25 | AF57: =IF(ABS((D57+H57+L57+P57+T57+X57+AB57)+(N(E57)+N(I57)+N(M57)+N(Q57)+N(U57)+N(Y57)+N(AC57))-(N(F57)+N(J57)+N(N57)+N(R57)+N(V57)+N(Z57)+N(AD57))-(G57+K57+O57+S57+W57+AA57+AE57))<0.0001,"OK","ОШИБКА") -> OK
A58: 46277 | B58: СБ | C58: Завалишин Д.Л. | D58: =G57 -> 12 | F58: 1 | G58: =D58+N(E58)-N(F58) -> 11 | H58: =K57 -> 20 | J58: 2 | K58: =H58+N(I58)-N(J58) -> 18 | L58: =O57 -> 154 | N58: 5 | O58: =L58+N(M58)-N(N58) -> 149 | P58: =S57 -> 3 | R58: 1 | S58: =P58+N(Q58)-N(R58) -> 2 | T58: =W57 -> 83 | V58: 8 | W58: =T58+N(U58)-N(V58) -> 75 | X58: =AA57 -> 19 | Z58: 4 | AA58: =X58+N(Y58)-N(Z58) -> 15 | AB58: =AE57 -> 25 | AD58: 1 | AE58: =AB58+N(AC58)-N(AD58) -> 24 | AF58: =IF(ABS((D58+H58+L58+P58+T58+X58+AB58)+(N(E58)+N(I58)+N(M58)+N(Q58)+N(U58)+N(Y58)+N(AC58))-(N(F58)+N(J58)+N(N58)+N(R58)+N(V58)+N(Z58)+N(AD58))-(G58+K58+O58+S58+W58+AA58+AE58))<0.0001,"OK","ОШИБКА") -> OK
A59: 46278 | B59: ВС | C59: Завалишин Д.Л. | D59: =G58 -> 11 | F59: 4 | G59: =D59+N(E59)-N(F59) -> 7 | H59: =K58 -> 18 | J59: 2 | K59: =H59+N(I59)-N(J59) -> 16 | L59: =O58 -> 149 | N59: 2 | O59: =L59+N(M59)-N(N59) -> 147 | P59: =S58 -> 2 | Q59: 2 | R59: 2 | S59: =P59+N(Q59)-N(R59) -> 2 | T59: =W58 -> 75 | V59: 4 | W59: =T59+N(U59)-N(V59) -> 71 | X59: =AA58 -> 15 | AA59: =X59+N(Y59)-N(Z59) -> 15 | AB59: =AE58 -> 24 | AE59: =AB59+N(AC59)-N(AD59) -> 24 | AF59: =IF(ABS((D59+H59+L59+P59+T59+X59+AB59)+(N(E59)+N(I59)+N(M59)+N(Q59)+N(U59)+N(Y59)+N(AC59))-(N(F59)+N(J59)+N(N59)+N(R59)+N(V59)+N(Z59)+N(AD59))-(G59+K59+O59+S59+W59+AA59+AE59))<0.0001,"OK","ОШИБКА") -> OK
A60: 46279 | B60: ПН | C60: Пузанов Д.В. | D60: =G59 -> 7 | F60: 2 | G60: =D60+N(E60)-N(F60) -> 5 | H60: =K59 -> 16 | I60: 15 | J60: 2 | K60: =H60+N(I60)-N(J60) -> 29 | L60: =O59 -> 147 | N60: 8 | O60: =L60+N(M60)-N(N60) -> 139 | P60: =S59 -> 2 | Q60: 14 | S60: =P60+N(Q60)-N(R60) -> 16 | T60: =W59 -> 71 | V60: 7 | W60: =T60+N(U60)-N(V60) -> 64 | X60: =AA59 -> 15 | Z60: 2 | AA60: =X60+N(Y60)-N(Z60) -> 13 | AB60: =AE59 -> 24 | AD60: 1 | AE60: =AB60+N(AC60)-N(AD60) -> 23 | AF60: =IF(ABS((D60+H60+L60+P60+T60+X60+AB60)+(N(E60)+N(I60)+N(M60)+N(Q60)+N(U60)+N(Y60)+N(AC60))-(N(F60)+N(J60)+N(N60)+N(R60)+N(V60)+N(Z60)+N(AD60))-(G60+K60+O60+S60+W60+AA60+AE60))<0.0001,"OK","ОШИБКА") -> OK
A61: 46280 | B61: ВТ | C61: Завалишин Д.Л. | D61: =G60 -> 5 | G61: =D61+N(E61)-N(F61) -> 5 | H61: =K60 -> 29 | J61: 1 | K61: =H61+N(I61)-N(J61) -> 28 | L61: =O60 -> 139 | N61: 11 | O61: =L61+N(M61)-N(N61) -> 128 | P61: =S60 -> 16 | S61: =P61+N(Q61)-N(R61) -> 16 | T61: =W60 -> 64 | V61: 7 | W61: =T61+N(U61)-N(V61) -> 57 | X61: =AA60 -> 13 | Y61: 20 | Z61: 4 | AA61: =X61+N(Y61)-N(Z61) -> 29 | AB61: =AE60 -> 23 | AD61: 1 | AE61: =AB61+N(AC61)-N(AD61) -> 22 | AF61: =IF(ABS((D61+H61+L61+P61+T61+X61+AB61)+(N(E61)+N(I61)+N(M61)+N(Q61)+N(U61)+N(Y61)+N(AC61))-(N(F61)+N(J61)+N(N61)+N(R61)+N(V61)+N(Z61)+N(AD61))-(G61+K61+O61+S61+W61+AA61+AE61))<0.0001,"OK","ОШИБКА") -> OK
A62: 46281 | B62: СР | C62: Завалишин Д.Л. | D62: =G61 -> 5 | F62: 1 | G62: =D62+N(E62)-N(F62) -> 4 | H62: =K61 -> 28 | J62: 3 | K62: =H62+N(I62)-N(J62) -> 25 | L62: =O61 -> 128 | N62: 13 | O62: =L62+N(M62)-N(N62) -> 115 | P62: =S61 -> 16 | S62: =P62+N(Q62)-N(R62) -> 16 | T62: =W61 -> 57 | V62: 12 | W62: =T62+N(U62)-N(V62) -> 45 | X62: =AA61 -> 29 | AA62: =X62+N(Y62)-N(Z62) -> 29 | AB62: =AE61 -> 22 | AD62: 1 | AE62: =AB62+N(AC62)-N(AD62) -> 21 | AF62: =IF(ABS((D62+H62+L62+P62+T62+X62+AB62)+(N(E62)+N(I62)+N(M62)+N(Q62)+N(U62)+N(Y62)+N(AC62))-(N(F62)+N(J62)+N(N62)+N(R62)+N(V62)+N(Z62)+N(AD62))-(G62+K62+O62+S62+W62+AA62+AE62))<0.0001,"OK","ОШИБКА") -> OK
A63: 46282 | B63: ЧТ | C63: Завалишин Д.Л. | D63: =G62 -> 4 | F63: 1 | G63: =D63+N(E63)-N(F63) -> 3 | H63: =K62 -> 25 | I63: 3 | J63: 3 | K63: =H63+N(I63)-N(J63) -> 25 | L63: =O62 -> 115 | N63: 13 | O63: =L63+N(M63)-N(N63) -> 102 | P63: =S62 -> 16 | S63: =P63+N(Q63)-N(R63) -> 16 | T63: =W62 -> 45 | V63: 3 | W63: =T63+N(U63)-N(V63) -> 42 | X63: =AA62 -> 29 | Z63: 1 | AA63: =X63+N(Y63)-N(Z63) -> 28 | AB63: =AE62 -> 21 | AD63: 2 | AE63: =AB63+N(AC63)-N(AD63) -> 19 | AF63: =IF(ABS((D63+H63+L63+P63+T63+X63+AB63)+(N(E63)+N(I63)+N(M63)+N(Q63)+N(U63)+N(Y63)+N(AC63))-(N(F63)+N(J63)+N(N63)+N(R63)+N(V63)+N(Z63)+N(AD63))-(G63+K63+O63+S63+W63+AA63+AE63))<0.0001,"OK","ОШИБКА") -> OK
A64: 46283 | B64: ПТ | C64: Пузанов Д.В. | D64: =G63 -> 3 | F64: 1 | G64: =D64+N(E64)-N(F64) -> 2 | H64: =K63 -> 25 | J64: 1 | K64: =H64+N(I64)-N(J64) -> 24 | L64: =O63 -> 102 | N64: 12 | O64: =L64+N(M64)-N(N64) -> 90 | P64: =S63 -> 16 | R64: 1 | S64: =P64+N(Q64)-N(R64) -> 15 | T64: =W63 -> 42 | V64: 4 | W64: =T64+N(U64)-N(V64) -> 38 | X64: =AA63 -> 28 | AA64: =X64+N(Y64)-N(Z64) -> 28 | AB64: =AE63 -> 19 | AE64: =AB64+N(AC64)-N(AD64) -> 19 | AF64: =IF(ABS((D64+H64+L64+P64+T64+X64+AB64)+(N(E64)+N(I64)+N(M64)+N(Q64)+N(U64)+N(Y64)+N(AC64))-(N(F64)+N(J64)+N(N64)+N(R64)+N(V64)+N(Z64)+N(AD64))-(G64+K64+O64+S64+W64+AA64+AE64))<0.0001,"OK","ОШИБКА") -> OK
A65: 46284 | B65: СБ | C65: Завалишин Д.Л. | D65: =G64 -> 2 | G65: =D65+N(E65)-N(F65) -> 2 | H65: =K64 -> 24 | K65: =H65+N(I65)-N(J65) -> 24 | L65: =O64 -> 90 | N65: 15 | O65: =L65+N(M65)-N(N65) -> 75 | P65: =S64 -> 15 | S65: =P65+N(Q65)-N(R65) -> 15 | T65: =W64 -> 38 | V65: 8 | W65: =T65+N(U65)-N(V65) -> 30 | X65: =AA64 -> 28 | AA65: =X65+N(Y65)-N(Z65) -> 28 | AB65: =AE64 -> 19 | AE65: =AB65+N(AC65)-N(AD65) -> 19 | AF65: =IF(ABS((D65+H65+L65+P65+T65+X65+AB65)+(N(E65)+N(I65)+N(M65)+N(Q65)+N(U65)+N(Y65)+N(AC65))-(N(F65)+N(J65)+N(N65)+N(R65)+N(V65)+N(Z65)+N(AD65))-(G65+K65+O65+S65+W65+AA65+AE65))<0.0001,"OK","ОШИБКА") -> OK
A66: 46285 | B66: ВС | C66: Завалишин Д.Л. | D66: =G65 -> 2 | E66: 28 | F66: 3 | G66: =D66+N(E66)-N(F66) -> 27 | H66: =K65 -> 24 | J66: 2 | K66: =H66+N(I66)-N(J66) -> 22 | L66: =O65 -> 75 | N66: 13 | O66: =L66+N(M66)-N(N66) -> 62 | P66: =S65 -> 15 | R66: 2 | S66: =P66+N(Q66)-N(R66) -> 13 | T66: =W65 -> 30 | V66: 8 | W66: =T66+N(U66)-N(V66) -> 22 | X66: =AA65 -> 28 | Z66: 4 | AA66: =X66+N(Y66)-N(Z66) -> 24 | AB66: =AE65 -> 19 | AD66: 1 | AE66: =AB66+N(AC66)-N(AD66) -> 18 | AF66: =IF(ABS((D66+H66+L66+P66+T66+X66+AB66)+(N(E66)+N(I66)+N(M66)+N(Q66)+N(U66)+N(Y66)+N(AC66))-(N(F66)+N(J66)+N(N66)+N(R66)+N(V66)+N(Z66)+N(AD66))-(G66+K66+O66+S66+W66+AA66+AE66))<0.0001,"OK","ОШИБКА") -> OK
A67: 46286 | B67: ПН | C67: Пузанов Д.В. | D67: =G66 -> 27 | F67: 1 | G67: =D67+N(E67)-N(F67) -> 26 | H67: =K66 -> 22 | J67: 2 | K67: =H67+N(I67)-N(J67) -> 20 | L67: =O66 -> 62 | N67: 14 | O67: =L67+N(M67)-N(N67) -> 48 | P67: =S66 -> 13 | S67: =P67+N(Q67)-N(R67) -> 13 | T67: =W66 -> 22 | V67: 4 | W67: =T67+N(U67)-N(V67) -> 18 | X67: =AA66 -> 24 | Z67: 3 | AA67: =X67+N(Y67)-N(Z67) -> 21 | AB67: =AE66 -> 18 | AD67: 3 | AE67: =AB67+N(AC67)-N(AD67) -> 15 | AF67: =IF(ABS((D67+H67+L67+P67+T67+X67+AB67)+(N(E67)+N(I67)+N(M67)+N(Q67)+N(U67)+N(Y67)+N(AC67))-(N(F67)+N(J67)+N(N67)+N(R67)+N(V67)+N(Z67)+N(AD67))-(G67+K67+O67+S67+W67+AA67+AE67))<0.0001,"OK","ОШИБКА") -> OK
A68: 46287 | B68: ВТ | D68: =G67 -> 26 | G68: =D68+N(E68)-N(F68) -> 26 | H68: =K67 -> 20 | K68: =H68+N(I68)-N(J68) -> 20 | L68: =O67 -> 48 | O68: =L68+N(M68)-N(N68) -> 48 | P68: =S67 -> 13 | S68: =P68+N(Q68)-N(R68) -> 13 | T68: =W67 -> 18 | W68: =T68+N(U68)-N(V68) -> 18 | X68: =AA67 -> 21 | AA68: =X68+N(Y68)-N(Z68) -> 21 | AB68: =AE67 -> 15 | AE68: =AB68+N(AC68)-N(AD68) -> 15 | AF68: =IF(ABS((D68+H68+L68+P68+T68+X68+AB68)+(N(E68)+N(I68)+N(M68)+N(Q68)+N(U68)+N(Y68)+N(AC68))-(N(F68)+N(J68)+N(N68)+N(R68)+N(V68)+N(Z68)+N(AD68))-(G68+K68+O68+S68+W68+AA68+AE68))<0.0001,"OK","ОШИБКА") -> OK
A69: 46288 | B69: СР | D69: =G68 -> 26 | G69: =D69+N(E69)-N(F69) -> 26 | H69: =K68 -> 20 | K69: =H69+N(I69)-N(J69) -> 20 | L69: =O68 -> 48 | O69: =L69+N(M69)-N(N69) -> 48 | P69: =S68 -> 13 | S69: =P69+N(Q69)-N(R69) -> 13 | T69: =W68 -> 18 | W69: =T69+N(U69)-N(V69) -> 18 | X69: =AA68 -> 21 | AA69: =X69+N(Y69)-N(Z69) -> 21 | AB69: =AE68 -> 15 | AE69: =AB69+N(AC69)-N(AD69) -> 15 | AF69: =IF(ABS((D69+H69+L69+P69+T69+X69+AB69)+(N(E69)+N(I69)+N(M69)+N(Q69)+N(U69)+N(Y69)+N(AC69))-(N(F69)+N(J69)+N(N69)+N(R69)+N(V69)+N(Z69)+N(AD69))-(G69+K69+O69+S69+W69+AA69+AE69))<0.0001,"OK","ОШИБКА") -> OK
A70: 46289 | B70: ЧТ | D70: =G69 -> 26 | G70: =D70+N(E70)-N(F70) -> 26 | H70: =K69 -> 20 | K70: =H70+N(I70)-N(J70) -> 20 | L70: =O69 -> 48 | O70: =L70+N(M70)-N(N70) -> 48 | P70: =S69 -> 13 | S70: =P70+N(Q70)-N(R70) -> 13 | T70: =W69 -> 18 | W70: =T70+N(U70)-N(V70) -> 18 | X70: =AA69 -> 21 | AA70: =X70+N(Y70)-N(Z70) -> 21 | AB70: =AE69 -> 15 | AE70: =AB70+N(AC70)-N(AD70) -> 15 | AF70: =IF(ABS((D70+H70+L70+P70+T70+X70+AB70)+(N(E70)+N(I70)+N(M70)+N(Q70)+N(U70)+N(Y70)+N(AC70))-(N(F70)+N(J70)+N(N70)+N(R70)+N(V70)+N(Z70)+N(AD70))-(G70+K70+O70+S70+W70+AA70+AE70))<0.0001,"OK","ОШИБКА") -> OK
A71: 46290 | B71: ПТ | D71: =G70 -> 26 | G71: =D71+N(E71)-N(F71) -> 26 | H71: =K70 -> 20 | K71: =H71+N(I71)-N(J71) -> 20 | L71: =O70 -> 48 | O71: =L71+N(M71)-N(N71) -> 48 | P71: =S70 -> 13 | S71: =P71+N(Q71)-N(R71) -> 13 | T71: =W70 -> 18 | W71: =T71+N(U71)-N(V71) -> 18 | X71: =AA70 -> 21 | AA71: =X71+N(Y71)-N(Z71) -> 21 | AB71: =AE70 -> 15 | AE71: =AB71+N(AC71)-N(AD71) -> 15 | AF71: =IF(ABS((D71+H71+L71+P71+T71+X71+AB71)+(N(E71)+N(I71)+N(M71)+N(Q71)+N(U71)+N(Y71)+N(AC71))-(N(F71)+N(J71)+N(N71)+N(R71)+N(V71)+N(Z71)+N(AD71))-(G71+K71+O71+S71+W71+AA71+AE71))<0.0001,"OK","ОШИБКА") -> OK
A72: 46291 | B72: СБ | D72: =G71 -> 26 | G72: =D72+N(E72)-N(F72) -> 26 | H72: =K71 -> 20 | K72: =H72+N(I72)-N(J72) -> 20 | L72: =O71 -> 48 | O72: =L72+N(M72)-N(N72) -> 48 | P72: =S71 -> 13 | S72: =P72+N(Q72)-N(R72) -> 13 | T72: =W71 -> 18 | W72: =T72+N(U72)-N(V72) -> 18 | X72: =AA71 -> 21 | AA72: =X72+N(Y72)-N(Z72) -> 21 | AB72: =AE71 -> 15 | AE72: =AB72+N(AC72)-N(AD72) -> 15 | AF72: =IF(ABS((D72+H72+L72+P72+T72+X72+AB72)+(N(E72)+N(I72)+N(M72)+N(Q72)+N(U72)+N(Y72)+N(AC72))-(N(F72)+N(J72)+N(N72)+N(R72)+N(V72)+N(Z72)+N(AD72))-(G72+K72+O72+S72+W72+AA72+AE72))<0.0001,"OK","ОШИБКА") -> OK
A73: 46292 | B73: ВС | D73: =G72 -> 26 | G73: =D73+N(E73)-N(F73) -> 26 | H73: =K72 -> 20 | K73: =H73+N(I73)-N(J73) -> 20 | L73: =O72 -> 48 | O73: =L73+N(M73)-N(N73) -> 48 | P73: =S72 -> 13 | S73: =P73+N(Q73)-N(R73) -> 13 | T73: =W72 -> 18 | W73: =T73+N(U73)-N(V73) -> 18 | X73: =AA72 -> 21 | AA73: =X73+N(Y73)-N(Z73) -> 21 | AB73: =AE72 -> 15 | AE73: =AB73+N(AC73)-N(AD73) -> 15 | AF73: =IF(ABS((D73+H73+L73+P73+T73+X73+AB73)+(N(E73)+N(I73)+N(M73)+N(Q73)+N(U73)+N(Y73)+N(AC73))-(N(F73)+N(J73)+N(N73)+N(R73)+N(V73)+N(Z73)+N(AD73))-(G73+K73+O73+S73+W73+AA73+AE73))<0.0001,"OK","ОШИБКА") -> OK
A74: 46293 | B74: ПН | D74: =G73 -> 26 | G74: =D74+N(E74)-N(F74) -> 26 | H74: =K73 -> 20 | K74: =H74+N(I74)-N(J74) -> 20 | L74: =O73 -> 48 | O74: =L74+N(M74)-N(N74) -> 48 | P74: =S73 -> 13 | S74: =P74+N(Q74)-N(R74) -> 13 | T74: =W73 -> 18 | W74: =T74+N(U74)-N(V74) -> 18 | X74: =AA73 -> 21 | AA74: =X74+N(Y74)-N(Z74) -> 21 | AB74: =AE73 -> 15 | AE74: =AB74+N(AC74)-N(AD74) -> 15 | AF74: =IF(ABS((D74+H74+L74+P74+T74+X74+AB74)+(N(E74)+N(I74)+N(M74)+N(Q74)+N(U74)+N(Y74)+N(AC74))-(N(F74)+N(J74)+N(N74)+N(R74)+N(V74)+N(Z74)+N(AD74))-(G74+K74+O74+S74+W74+AA74+AE74))<0.0001,"OK","ОШИБКА") -> OK
A75: 46294 | B75: ВТ | D75: =G74 -> 26 | G75: =D75+N(E75)-N(F75) -> 26 | H75: =K74 -> 20 | K75: =H75+N(I75)-N(J75) -> 20 | L75: =O74 -> 48 | O75: =L75+N(M75)-N(N75) -> 48 | P75: =S74 -> 13 | S75: =P75+N(Q75)-N(R75) -> 13 | T75: =W74 -> 18 | W75: =T75+N(U75)-N(V75) -> 18 | X75: =AA74 -> 21 | AA75: =X75+N(Y75)-N(Z75) -> 21 | AB75: =AE74 -> 15 | AE75: =AB75+N(AC75)-N(AD75) -> 15 | AF75: =IF(ABS((D75+H75+L75+P75+T75+X75+AB75)+(N(E75)+N(I75)+N(M75)+N(Q75)+N(U75)+N(Y75)+N(AC75))-(N(F75)+N(J75)+N(N75)+N(R75)+N(V75)+N(Z75)+N(AD75))-(G75+K75+O75+S75+W75+AA75+AE75))<0.0001,"OK","ОШИБКА") -> OK
A76: 46295 | B76: СР | D76: =G75 -> 26 | G76: =D76+N(E76)-N(F76) -> 26 | H76: =K75 -> 20 | K76: =H76+N(I76)-N(J76) -> 20 | L76: =O75 -> 48 | O76: =L76+N(M76)-N(N76) -> 48 | P76: =S75 -> 13 | S76: =P76+N(Q76)-N(R76) -> 13 | T76: =W75 -> 18 | W76: =T76+N(U76)-N(V76) -> 18 | X76: =AA75 -> 21 | AA76: =X76+N(Y76)-N(Z76) -> 21 | AB76: =AE75 -> 15 | AE76: =AB76+N(AC76)-N(AD76) -> 15 | AF76: =IF(ABS((D76+H76+L76+P76+T76+X76+AB76)+(N(E76)+N(I76)+N(M76)+N(Q76)+N(U76)+N(Y76)+N(AC76))-(N(F76)+N(J76)+N(N76)+N(R76)+N(V76)+N(Z76)+N(AD76))-(G76+K76+O76+S76+W76+AA76+AE76))<0.0001,"OK","ОШИБКА") -> OK
A77: 46296 | B77: ЧТ | D77: =G76 -> 26 | G77: =D77+N(E77)-N(F77) -> 26 | H77: =K76 -> 20 | K77: =H77+N(I77)-N(J77) -> 20 | L77: =O76 -> 48 | O77: =L77+N(M77)-N(N77) -> 48 | P77: =S76 -> 13 | S77: =P77+N(Q77)-N(R77) -> 13 | T77: =W76 -> 18 | W77: =T77+N(U77)-N(V77) -> 18 | X77: =AA76 -> 21 | AA77: =X77+N(Y77)-N(Z77) -> 21 | AB77: =AE76 -> 15 | AE77: =AB77+N(AC77)-N(AD77) -> 15 | AF77: =IF(ABS((D77+H77+L77+P77+T77+X77+AB77)+(N(E77)+N(I77)+N(M77)+N(Q77)+N(U77)+N(Y77)+N(AC77))-(N(F77)+N(J77)+N(N77)+N(R77)+N(V77)+N(Z77)+N(AD77))-(G77+K77+O77+S77+W77+AA77+AE77))<0.0001,"OK","ОШИБКА") -> OK
A78: 46297 | B78: ПТ | D78: =G77 -> 26 | G78: =D78+N(E78)-N(F78) -> 26 | H78: =K77 -> 20 | K78: =H78+N(I78)-N(J78) -> 20 | L78: =O77 -> 48 | O78: =L78+N(M78)-N(N78) -> 48 | P78: =S77 -> 13 | S78: =P78+N(Q78)-N(R78) -> 13 | T78: =W77 -> 18 | W78: =T78+N(U78)-N(V78) -> 18 | X78: =AA77 -> 21 | AA78: =X78+N(Y78)-N(Z78) -> 21 | AB78: =AE77 -> 15 | AE78: =AB78+N(AC78)-N(AD78) -> 15 | AF78: =IF(ABS((D78+H78+L78+P78+T78+X78+AB78)+(N(E78)+N(I78)+N(M78)+N(Q78)+N(U78)+N(Y78)+N(AC78))-(N(F78)+N(J78)+N(N78)+N(R78)+N(V78)+N(Z78)+N(AD78))-(G78+K78+O78+S78+W78+AA78+AE78))<0.0001,"OK","ОШИБКА") -> OK
A79: 46298 | B79: СБ | D79: =G78 -> 26 | G79: =D79+N(E79)-N(F79) -> 26 | H79: =K78 -> 20 | K79: =H79+N(I79)-N(J79) -> 20 | L79: =O78 -> 48 | O79: =L79+N(M79)-N(N79) -> 48 | P79: =S78 -> 13 | S79: =P79+N(Q79)-N(R79) -> 13 | T79: =W78 -> 18 | W79: =T79+N(U79)-N(V79) -> 18 | X79: =AA78 -> 21 | AA79: =X79+N(Y79)-N(Z79) -> 21 | AB79: =AE78 -> 15 | AE79: =AB79+N(AC79)-N(AD79) -> 15 | AF79: =IF(ABS((D79+H79+L79+P79+T79+X79+AB79)+(N(E79)+N(I79)+N(M79)+N(Q79)+N(U79)+N(Y79)+N(AC79))-(N(F79)+N(J79)+N(N79)+N(R79)+N(V79)+N(Z79)+N(AD79))-(G79+K79+O79+S79+W79+AA79+AE79))<0.0001,"OK","ОШИБКА") -> OK
... A751: 46970 | B751: СБ | D751: =G750 -> 26 | G751: =D751+N(E751)-N(F751) -> 26 | H751: =K750 -> 20 | K751: =H751+N(I751)-N(J751) -> 20 | L751: =O750 -> 48 | O751: =L751+N(M751)-N(N751) -> 48 | P751: =S750 -> 13 | S751: =P751+N(Q751)-N(R751) -> 13 | T751: =W750 -> 18 | W751: =T751+N(U751)-N(V751) -> 18 | X751: =AA750 -> 21 | AA751: =X751+N(Y751)-N(Z751) -> 21 | AB751: =AE750 -> 15 | AE751: =AB751+N(AC751)-N(AD751) -> 15 | AF751: =IF(ABS((D751+H751+L751+P751+T751+X751+AB751)+(N(E751)+N(I751)+N(M751)+N(Q751)+N(U751)+N(Y751)+N(AC751))-(N(F751)+N(J751)+N(N751)+N(R751)+N(V751)+N(Z751)+N(AD751))-(G751+K751+O751+S751+W751+AA751+AE751))<0.0001,"OK","ОШИБКА") -> OK

Sheet Тех_Движение
A1: ID | B1: Дата | C1: Оператор | D1: Товар | E1: Остаток начало | F1: Приход | G1: Убытие | H1: Остаток конец | I1: Капсула
A2: 1 | B2: =Движение!$A$22 -> 46241 | C2: =Движение!$C$22 -> 0 | D2: АК-10 | E2: =Движение!$D$22 -> 0 | F2: =N(Движение!$E$22) -> 0 | G2: =N(Движение!$F$22) -> 0 | H2: =Движение!$G$22 -> 0 | I2: =IF($F2>0,TEXT($B2,"dd.mm")&"_"&$D2,"")
A3: 2 | B3: =Движение!$A$22 -> 46241 | C3: =Движение!$C$22 -> 0 | D3: АК-15 | E3: =Движение!$H$22 -> 0 | F3: =N(Движение!$I$22) -> 0 | G3: =N(Движение!$J$22) -> 0 | H3: =Движение!$K$22 -> 0 | I3: =IF($F3>0,TEXT($B3,"dd.mm")&"_"&$D3,"")
A4: 3 | B4: =Движение!$A$22 -> 46241 | C4: =Движение!$C$22 -> 0 | D4: Г 1800 | E4: =Движение!$L$22 -> 0 | F4: =N(Движение!$M$22) -> 0 | G4: =N(Движение!$N$22) -> 0 | H4: =Движение!$O$22 -> 0 | I4: =IF($F4>0,TEXT($B4,"dd.mm")&"_"&$D4,"")
A5: 4 | B5: =Движение!$A$22 -> 46241 | C5: =Движение!$C$22 -> 0 | D5: Г 3500 | E5: =Движение!$P$22 -> 0 | F5: =N(Движение!$Q$22) -> 0 | G5: =N(Движение!$R$22) -> 0 | H5: =Движение!$S$22 -> 0 | I5: =IF($F5>0,TEXT($B5,"dd.mm")&"_"&$D5,"")
A6: 5 | B6: =Движение!$A$22 -> 46241 | C6: =Движение!$C$22 -> 0 | D6: Г 800 | E6: =Движение!$T$22 -> 0 | F6: =N(Движение!$U$22) -> 0 | G6: =N(Движение!$V$22) -> 0 | H6: =Движение!$W$22 -> 0 | I6: =IF($F6>0,TEXT($B6,"dd.mm")&"_"&$D6,"")
A7: 6 | B7: =Движение!$A$22 -> 46241 | C7: =Движение!$C$22 -> 0 | D7: Ми-К | E7: =Движение!$X$22 -> 0 | F7: =N(Движение!$Y$22) -> 10 | G7: =N(Движение!$Z$22) -> 0 | H7: =Движение!$AA$22 -> 10 | I7: =IF($F7>0,TEXT($B7,"dd.mm")&"_"&$D7,"") -> dd.mm_Ми-К
A8: 7 | B8: =Движение!$A$22 -> 46241 | C8: =Движение!$C$22 -> 0 | D8: Ми-П | E8: =Движение!$AB$22 -> 0 | F8: =N(Движение!$AC$22) -> 0 | G8: =N(Движение!$AD$22) -> 0 | H8: =Движение!$AE$22 -> 0 | I8: =IF($F8>0,TEXT($B8,"dd.mm")&"_"&$D8,"")
A9: 8 | B9: =Движение!$A$23 -> 46242 | C9: =Движение!$C$23 -> 0 | D9: АК-10 | E9: =Движение!$D$23 -> 0 | F9: =N(Движение!$E$23) -> 0 | G9: =N(Движение!$F$23) -> 0 | H9: =Движение!$G$23 -> 0 | I9: =IF($F9>0,TEXT($B9,"dd.mm")&"_"&$D9,"")
A10: 9 | B10: =Движение!$A$23 -> 46242 | C10: =Движение!$C$23 -> 0 | D10: АК-15 | E10: =Движение!$H$23 -> 0 | F10: =N(Движение!$I$23) -> 0 | G10: =N(Движение!$J$23) -> 0 | H10: =Движение!$K$23 -> 0 | I10: =IF($F10>0,TEXT($B10,"dd.mm")&"_"&$D10,"")
A11: 10 | B11: =Движение!$A$23 -> 46242 | C11: =Движение!$C$23 -> 0 | D11: Г 1800 | E11: =Движение!$L$23 -> 0 | F11: =N(Движение!$M$23) -> 9 | G11: =N(Движение!$N$23) -> 0 | H11: =Движение!$O$23 -> 9 | I11: =IF($F11>0,TEXT($B11,"dd.mm")&"_"&$D11,"") -> dd.mm_Г 1800
A12: 11 | B12: =Движение!$A$23 -> 46242 | C12: =Движение!$C$23 -> 0 | D12: Г 3500 | E12: =Движение!$P$23 -> 0 | F12: =N(Движение!$Q$23) -> 2 | G12: =N(Движение!$R$23) -> 2 | H12: =Движение!$S$23 -> 0 | I12: =IF($F12>0,TEXT($B12,"dd.mm")&"_"&$D12,"") -> dd.mm_Г 3500
A13: 12 | B13: =Движение!$A$23 -> 46242 | C13: =Движение!$C$23 -> 0 | D13: Г 800 | E13: =Движение!$T$23 -> 0 | F13: =N(Движение!$U$23) -> 0 | G13: =N(Движение!$V$23) -> 0 | H13: =Движение!$W$23 -> 0 | I13: =IF($F13>0,TEXT($B13,"dd.mm")&"_"&$D13,"")
A14: 13 | B14: =Движение!$A$23 -> 46242 | C14: =Движение!$C$23 -> 0 | D14: Ми-К | E14: =Движение!$X$23 -> 10 | F14: =N(Движение!$Y$23) -> 0 | G14: =N(Движение!$Z$23) -> 3 | H14: =Движение!$AA$23 -> 7 | I14: =IF($F14>0,TEXT($B14,"dd.mm")&"_"&$D14,"")
A15: 14 | B15: =Движение!$A$23 -> 46242 | C15: =Движение!$C$23 -> 0 | D15: Ми-П | E15: =Движение!$AB$23 -> 0 | F15: =N(Движение!$AC$23) -> 0 | G15: =N(Движение!$AD$23) -> 0 | H15: =Движение!$AE$23 -> 0 | I15: =IF($F15>0,TEXT($B15,"dd.mm")&"_"&$D15,"")
A16: 15 | B16: =Движение!$A$24 -> 46243 | C16: =Движение!$C$24 -> 0 | D16: АК-10 | E16: =Движение!$D$24 -> 0 | F16: =N(Движение!$E$24) -> 0 | G16: =N(Движение!$F$24) -> 0 | H16: =Движение!$G$24 -> 0 | I16: =IF($F16>0,TEXT($B16,"dd.mm")&"_"&$D16,"")
A17: 16 | B17: =Движение!$A$24 -> 46243 | C17: =Движение!$C$24 -> 0 | D17: АК-15 | E17: =Движение!$H$24 -> 0 | F17: =N(Движение!$I$24) -> 0 | G17: =N(Движение!$J$24) -> 0 | H17: =Движение!$K$24 -> 0 | I17: =IF($F17>0,TEXT($B17,"dd.mm")&"_"&$D17,"")
A18: 17 | B18: =Движение!$A$24 -> 46243 | C18: =Движение!$C$24 -> 0 | D18: Г 1800 | E18: =Движение!$L$24 -> 9 | F18: =N(Движение!$M$24) -> 10 | G18: =N(Движение!$N$24) -> 0 | H18: =Движение!$O$24 -> 19 | I18: =IF($F18>0,TEXT($B18,"dd.mm")&"_"&$D18,"") -> dd.mm_Г 1800
A19: 18 | B19: =Движение!$A$24 -> 46243 | C19: =Движение!$C$24 -> 0 | D19: Г 3500 | E19: =Движение!$P$24 -> 0 | F19: =N(Движение!$Q$24) -> 2 | G19: =N(Движение!$R$24) -> 0 | H19: =Движение!$S$24 -> 2 | I19: =IF($F19>0,TEXT($B19,"dd.mm")&"_"&$D19,"") -> dd.mm_Г 3500
A20: 19 | B20: =Движение!$A$24 -> 46243 | C20: =Движение!$C$24 -> 0 | D20: Г 800 | E20: =Движение!$T$24 -> 0 | F20: =N(Движение!$U$24) -> 0 | G20: =N(Движение!$V$24) -> 0 | H20: =Движение!$W$24 -> 0 | I20: =IF($F20>0,TEXT($B20,"dd.mm")&"_"&$D20,"")
A21: 20 | B21: =Движение!$A$24 -> 46243 | C21: =Движение!$C$24 -> 0 | D21: Ми-К | E21: =Движение!$X$24 -> 7 | F21: =N(Движение!$Y$24) -> 10 | G21: =N(Движение!$Z$24) -> 5 | H21: =Движение!$AA$24 -> 12 | I21: =IF($F21>0,TEXT($B21,"dd.mm")&"_"&$D21,"") -> dd.mm_Ми-К
A22: 21 | B22: =Движение!$A$24 -> 46243 | C22: =Движение!$C$24 -> 0 | D22: Ми-П | E22: =Движение!$AB$24 -> 0 | F22: =N(Движение!$AC$24) -> 0 | G22: =N(Движение!$AD$24) -> 0 | H22: =Движение!$AE$24 -> 0 | I22: =IF($F22>0,TEXT($B22,"dd.mm")&"_"&$D22,"")
A23: 22 | B23: =Движение!$A$25 -> 46244 | C23: =Движение!$C$25 -> 0 | D23: АК-10 | E23: =Движение!$D$25 -> 0 | F23: =N(Движение!$E$25) -> 0 | G23: =N(Движение!$F$25) -> 0 | H23: =Движение!$G$25 -> 0 | I23: =IF($F23>0,TEXT($B23,"dd.mm")&"_"&$D23,"")
A24: 23 | B24: =Движение!$A$25 -> 46244 | C24: =Движение!$C$25 -> 0 | D24: АК-15 | E24: =Движение!$H$25 -> 0 | F24: =N(Движение!$I$25) -> 0 | G24: =N(Движение!$J$25) -> 0 | H24: =Движение!$K$25 -> 0 | I24: =IF($F24>0,TEXT($B24,"dd.mm")&"_"&$D24,"")
A25: 24 | B25: =Движение!$A$25 -> 46244 | C25: =Движение!$C$25 -> 0 | D25: Г 1800 | E25: =Движение!$L$25 -> 19 | F25: =N(Движение!$M$25) -> 0 | G25: =N(Движение!$N$25) -> 6 | H25: =Движение!$O$25 -> 13 | I25: =IF($F25>0,TEXT($B25,"dd.mm")&"_"&$D25,"")
A26: 25 | B26: =Движение!$A$25 -> 46244 | C26: =Движение!$C$25 -> 0 | D26: Г 3500 | E26: =Движение!$P$25 -> 2 | F26: =N(Движение!$Q$25) -> 0 | G26: =N(Движение!$R$25) -> 2 | H26: =Движение!$S$25 -> 0 | I26: =IF($F26>0,TEXT($B26,"dd.mm")&"_"&$D26,"")
A27: 26 | B27: =Движение!$A$25 -> 46244 | C27: =Движение!$C$25 -> 0 | D27: Г 800 | E27: =Движение!$T$25 -> 0 | F27: =N(Движение!$U$25) -> 0 | G27: =N(Движение!$V$25) -> 0 | H27: =Движение!$W$25 -> 0 | I27: =IF($F27>0,TEXT($B27,"dd.mm")&"_"&$D27,"")
A28: 27 | B28: =Движение!$A$25 -> 46244 | C28: =Движение!$C$25 -> 0 | D28: Ми-К | E28: =Движение!$X$25 -> 12 | F28: =N(Движение!$Y$25) -> 0 | G28: =N(Движение!$Z$25) -> 2 | H28: =Движение!$AA$25 -> 10 | I28: =IF($F28>0,TEXT($B28,"dd.mm")&"_"&$D28,"")
A29: 28 | B29: =Движение!$A$25 -> 46244 | C29: =Движение!$C$25 -> 0 | D29: Ми-П | E29: =Движение!$AB$25 -> 0 | F29: =N(Движение!$AC$25) -> 0 | G29: =N(Движение!$AD$25) -> 0 | H29: =Движение!$AE$25 -> 0 | I29: =IF($F29>0,TEXT($B29,"dd.mm")&"_"&$D29,"")
A30: 29 | B30: =Движение!$A$26 -> 46245 | C30: =Движение!$C$26 -> 0 | D30: АК-10 | E30: =Движение!$D$26 -> 0 | F30: =N(Движение!$E$26) -> 0 | G30: =N(Движение!$F$26) -> 0 | H30: =Движение!$G$26 -> 0 | I30: =IF($F30>0,TEXT($B30,"dd.mm")&"_"&$D30,"")
A31: 30 | B31: =Движение!$A$26 -> 46245 | C31: =Движение!$C$26 -> 0 | D31: АК-15 | E31: =Движение!$H$26 -> 0 | F31: =N(Движение!$I$26) -> 0 | G31: =N(Движение!$J$26) -> 0 | H31: =Движение!$K$26 -> 0 | I31: =IF($F31>0,TEXT($B31,"dd.mm")&"_"&$D31,"")
A32: 31 | B32: =Движение!$A$26 -> 46245 | C32: =Движение!$C$26 -> 0 | D32: Г 1800 | E32: =Движение!$L$26 -> 13 | F32: =N(Движение!$M$26) -> 0 | G32: =N(Движение!$N$26) -> 2 | H32: =Движение!$O$26 -> 11 | I32: =IF($F32>0,TEXT($B32,"dd.mm")&"_"&$D32,"")
A33: 32 | B33: =Движение!$A$26 -> 46245 | C33: =Движение!$C$26 -> 0 | D33: Г 3500 | E33: =Движение!$P$26 -> 0 | F33: =N(Движение!$Q$26) -> 10 | G33: =N(Движение!$R$26) -> 3 | H33: =Движение!$S$26 -> 7 | I33: =IF($F33>0,TEXT($B33,"dd.mm")&"_"&$D33,"") -> dd.mm_Г 3500
A34: 33 | B34: =Движение!$A$26 -> 46245 | C34: =Движение!$C$26 -> 0 | D34: Г 800 | E34: =Движение!$T$26 -> 0 | F34: =N(Движение!$U$26) -> 0 | G34: =N(Движение!$V$26) -> 0 | H34: =Движение!$W$26 -> 0 | I34: =IF($F34>0,TEXT($B34,"dd.mm")&"_"&$D34,"")
A35: 34 | B35: =Движение!$A$26 -> 46245 | C35: =Движение!$C$26 -> 0 | D35: Ми-К | E35: =Движение!$X$26 -> 10 | F35: =N(Движение!$Y$26) -> 0 | G35: =N(Движение!$Z$26) -> 1 | H35: =Движение!$AA$26 -> 9 | I35: =IF($F35>0,TEXT($B35,"dd.mm")&"_"&$D35,"")
A36: 35 | B36: =Движение!$A$26 -> 46245 | C36: =Движение!$C$26 -> 0 | D36: Ми-П | E36: =Движение!$AB$26 -> 0 | F36: =N(Движение!$AC$26) -> 0 | G36: =N(Движение!$AD$26) -> 0 | H36: =Движение!$AE$26 -> 0 | I36: =IF($F36>0,TEXT($B36,"dd.mm")&"_"&$D36,"")
A37: 36 | B37: =Движение!$A$27 -> 46246 | C37: =Движение!$C$27 -> 0 | D37: АК-10 | E37: =Движение!$D$27 -> 0 | F37: =N(Движение!$E$27) -> 0 | G37: =N(Движение!$F$27) -> 0 | H37: =Движение!$G$27 -> 0 | I37: =IF($F37>0,TEXT($B37,"dd.mm")&"_"&$D37,"")
A38: 37 | B38: =Движение!$A$27 -> 46246 | C38: =Движение!$C$27 -> 0 | D38: АК-15 | E38: =Движение!$H$27 -> 0 | F38: =N(Движение!$I$27) -> 0 | G38: =N(Движение!$J$27) -> 0 | H38: =Движение!$K$27 -> 0 | I38: =IF($F38>0,TEXT($B38,"dd.mm")&"_"&$D38,"")
A39: 38 | B39: =Движение!$A$27 -> 46246 | C39: =Движение!$C$27 -> 0 | D39: Г 1800 | E39: =Движение!$L$27 -> 11 | F39: =N(Движение!$M$27) -> 0 | G39: =N(Движение!$N$27) -> 4 | H39: =Движение!$O$27 -> 7 | I39: =IF($F39>0,TEXT($B39,"dd.mm")&"_"&$D39,"")
A40: 39 | B40: =Движение!$A$27 -> 46246 | C40: =Движение!$C$27 -> 0 | D40: Г 3500 | E40: =Движение!$P$27 -> 7 | F40: =N(Движение!$Q$27) -> 0 | G40: =N(Движение!$R$27) -> 1 | H40: =Движение!$S$27 -> 6 | I40: =IF($F40>0,TEXT($B40,"dd.mm")&"_"&$D40,"")
A41: 40 | B41: =Движение!$A$27 -> 46246 | C41: =Движение!$C$27 -> 0 | D41: Г 800 | E41: =Движение!$T$27 -> 0 | F41: =N(Движение!$U$27) -> 0 | G41: =N(Движение!$V$27) -> 0 | H41: =Движение!$W$27 -> 0 | I41: =IF($F41>0,TEXT($B41,"dd.mm")&"_"&$D41,"")
A42: 41 | B42: =Движение!$A$27 -> 46246 | C42: =Движение!$C$27 -> 0 | D42: Ми-К | E42: =Движение!$X$27 -> 9 | F42: =N(Движение!$Y$27) -> 0 | G42: =N(Движение!$Z$27) -> 2 | H42: =Движение!$AA$27 -> 7 | I42: =IF($F42>0,TEXT($B42,"dd.mm")&"_"&$D42,"")
A43: 42 | B43: =Движение!$A$27 -> 46246 | C43: =Движение!$C$27 -> 0 | D43: Ми-П | E43: =Движение!$AB$27 -> 0 | F43: =N(Движение!$AC$27) -> 0 | G43: =N(Движение!$AD$27) -> 0 | H43: =Движение!$AE$27 -> 0 | I43: =IF($F43>0,TEXT($B43,"dd.mm")&"_"&$D43,"")
A44: 43 | B44: =Движение!$A$28 -> 46247 | C44: =Движение!$C$28 -> 0 | D44: АК-10 | E44: =Движение!$D$28 -> 0 | F44: =N(Движение!$E$28) -> 0 | G44: =N(Движение!$F$28) -> 0 | H44: =Движение!$G$28 -> 0 | I44: =IF($F44>0,TEXT($B44,"dd.mm")&"_"&$D44,"")
A45: 44 | B45: =Движение!$A$28 -> 46247 | C45: =Движение!$C$28 -> 0 | D45: АК-15 | E45: =Движение!$H$28 -> 0 | F45: =N(Движение!$I$28) -> 0 | G45: =N(Движение!$J$28) -> 0 | H45: =Движение!$K$28 -> 0 | I45: =IF($F45>0,TEXT($B45,"dd.mm")&"_"&$D45,"")
A46: 45 | B46: =Движение!$A$28 -> 46247 | C46: =Движение!$C$28 -> 0 | D46: Г 1800 | E46: =Движение!$L$28 -> 7 | F46: =N(Движение!$M$28) -> 10 | G46: =N(Движение!$N$28) -> 6 | H46: =Движение!$O$28 -> 11 | I46: =IF($F46>0,TEXT($B46,"dd.mm")&"_"&$D46,"") -> dd.mm_Г 1800
A47: 46 | B47: =Движение!$A$28 -> 46247 | C47: =Движение!$C$28 -> 0 | D47: Г 3500 | E47: =Движение!$P$28 -> 6 | F47: =N(Движение!$Q$28) -> 0 | G47: =N(Движение!$R$28) -> 1 | H47: =Движение!$S$28 -> 5 | I47: =IF($F47>0,TEXT($B47,"dd.mm")&"_"&$D47,"")
A48: 47 | B48: =Движение!$A$28 -> 46247 | C48: =Движение!$C$28 -> 0 | D48: Г 800 | E48: =Движение!$T$28 -> 0 | F48: =N(Движение!$U$28) -> 0 | G48: =N(Движение!$V$28) -> 0 | H48: =Движение!$W$28 -> 0 | I48: =IF($F48>0,TEXT($B48,"dd.mm")&"_"&$D48,"")
A49: 48 | B49: =Движение!$A$28 -> 46247 | C49: =Движение!$C$28 -> 0 | D49: Ми-К | E49: =Движение!$X$28 -> 7 | F49: =N(Движение!$Y$28) -> 10 | G49: =N(Движение!$Z$28) -> 4 | H49: =Движение!$AA$28 -> 13 | I49: =IF($F49>0,TEXT($B49,"dd.mm")&"_"&$D49,"") -> dd.mm_Ми-К
A50: 49 | B50: =Движение!$A$28 -> 46247 | C50: =Движение!$C$28 -> 0 | D50: Ми-П | E50: =Движение!$AB$28 -> 0 | F50: =N(Движение!$AC$28) -> 0 | G50: =N(Движение!$AD$28) -> 0 | H50: =Движение!$AE$28 -> 0 | I50: =IF($F50>0,TEXT($B50,"dd.mm")&"_"&$D50,"")
A51: 50 | B51: =Движение!$A$29 -> 46248 | C51: =Движение!$C$29 -> 0 | D51: АК-10 | E51: =Движение!$D$29 -> 0 | F51: =N(Движение!$E$29) -> 0 | G51: =N(Движение!$F$29) -> 0 | H51: =Движение!$G$29 -> 0 | I51: =IF($F51>0,TEXT($B51,"dd.mm")&"_"&$D51,"")
A52: 51 | B52: =Движение!$A$29 -> 46248 | C52: =Движение!$C$29 -> 0 | D52: АК-15 | E52: =Движение!$H$29 -> 0 | F52: =N(Движение!$I$29) -> 0 | G52: =N(Движение!$J$29) -> 0 | H52: =Движение!$K$29 -> 0 | I52: =IF($F52>0,TEXT($B52,"dd.mm")&"_"&$D52,"")
A53: 52 | B53: =Движение!$A$29 -> 46248 | C53: =Движение!$C$29 -> 0 | D53: Г 1800 | E53: =Движение!$L$29 -> 11 | F53: =N(Движение!$M$29) -> 0 | G53: =N(Движение!$N$29) -> 9 | H53: =Движение!$O$29 -> 2 | I53: =IF($F53>0,TEXT($B53,"dd.mm")&"_"&$D53,"")
A54: 53 | B54: =Движение!$A$29 -> 46248 | C54: =Движение!$C$29 -> 0 | D54: Г 3500 | E54: =Движение!$P$29 -> 5 | F54: =N(Движение!$Q$29) -> 0 | G54: =N(Движение!$R$29) -> 3 | H54: =Движение!$S$29 -> 2 | I54: =IF($F54>0,TEXT($B54,"dd.mm")&"_"&$D54,"")
A55: 54 | B55: =Движение!$A$29 -> 46248 | C55: =Движение!$C$29 -> 0 | D55: Г 800 | E55: =Движение!$T$29 -> 0 | F55: =N(Движение!$U$29) -> 0 | G55: =N(Движение!$V$29) -> 0 | H55: =Движение!$W$29 -> 0 | I55: =IF($F55>0,TEXT($B55,"dd.mm")&"_"&$D55,"")
A56: 55 | B56: =Движение!$A$29 -> 46248 | C56: =Движение!$C$29 -> 0 | D56: Ми-К | E56: =Движение!$X$29 -> 13 | F56: =N(Движение!$Y$29) -> 0 | G56: =N(Движение!$Z$29) -> 1 | H56: =Движение!$AA$29 -> 12 | I56: =IF($F56>0,TEXT($B56,"dd.mm")&"_"&$D56,"")
A57: 56 | B57: =Движение!$A$29 -> 46248 | C57: =Движение!$C$29 -> 0 | D57: Ми-П | E57: =Движение!$AB$29 -> 0 | F57: =N(Движение!$AC$29) -> 0 | G57: =N(Движение!$AD$29) -> 0 | H57: =Движение!$AE$29 -> 0 | I57: =IF($F57>0,TEXT($B57,"dd.mm")&"_"&$D57,"")
A58: 57 | B58: =Движение!$A$30 -> 46249 | C58: =Движение!$C$30 -> 0 | D58: АК-10 | E58: =Движение!$D$30 -> 0 | F58: =N(Движение!$E$30) -> 0 | G58: =N(Движение!$F$30) -> 0 | H58: =Движение!$G$30 -> 0 | I58: =IF($F58>0,TEXT($B58,"dd.mm")&"_"&$D58,"")
A59: 58 | B59: =Движение!$A$30 -> 46249 | C59: =Движение!$C$30 -> 0 | D59: АК-15 | E59: =Движение!$H$30 -> 0 | F59: =N(Движение!$I$30) -> 0 | G59: =N(Движение!$J$30) -> 0 | H59: =Движение!$K$30 -> 0 | I59: =IF($F59>0,TEXT($B59,"dd.mm")&"_"&$D59,"")
A60: 59 | B60: =Движение!$A$30 -> 46249 | C60: =Движение!$C$30 -> 0 | D60: Г 1800 | E60: =Движение!$L$30 -> 2 | F60: =N(Движение!$M$30) -> 10 | G60: =N(Движение!$N$30) -> 6 | H60: =Движение!$O$30 -> 6 | I60: =IF($F60>0,TEXT($B60,"dd.mm")&"_"&$D60,"") -> dd.mm_Г 1800
A61: 60 | B61: =Движение!$A$30 -> 46249 | C61: =Движение!$C$30 -> 0 | D61: Г 3500 | E61: =Движение!$P$30 -> 2 | F61: =N(Движение!$Q$30) -> 10 | G61: =N(Движение!$R$30) -> 0 | H61: =Движение!$S$30 -> 12 | I61: =IF($F61>0,TEXT($B61,"dd.mm")&"_"&$D61,"") -> dd.mm_Г 3500
A62: 61 | B62: =Движение!$A$30 -> 46249 | C62: =Движение!$C$30 -> 0 | D62: Г 800 | E62: =Движение!$T$30 -> 0 | F62: =N(Движение!$U$30) -> 0 | G62: =N(Движение!$V$30) -> 0 | H62: =Движение!$W$30 -> 0 | I62: =IF($F62>0,TEXT($B62,"dd.mm")&"_"&$D62,"")
A63: 62 | B63: =Движение!$A$30 -> 46249 | C63: =Движение!$C$30 -> 0 | D63: Ми-К | E63: =Движение!$X$30 -> 12 | F63: =N(Движение!$Y$30) -> 5 | G63: =N(Движение!$Z$30) -> 8 | H63: =Движение!$AA$30 -> 9 | I63: =IF($F63>0,TEXT($B63,"dd.mm")&"_"&$D63,"") -> dd.mm_Ми-К
A64: 63 | B64: =Движение!$A$30 -> 46249 | C64: =Движение!$C$30 -> 0 | D64: Ми-П | E64: =Движение!$AB$30 -> 0 | F64: =N(Движение!$AC$30) -> 0 | G64: =N(Движение!$AD$30) -> 0 | H64: =Движение!$AE$30 -> 0 | I64: =IF($F64>0,TEXT($B64,"dd.mm")&"_"&$D64,"")
A65: 64 | B65: =Движение!$A$31 -> 46250 | C65: =Движение!$C$31 -> 0 | D65: АК-10 | E65: =Движение!$D$31 -> 0 | F65: =N(Движение!$E$31) -> 0 | G65: =N(Движение!$F$31) -> 0 | H65: =Движение!$G$31 -> 0 | I65: =IF($F65>0,TEXT($B65,"dd.mm")&"_"&$D65,"")
A66: 65 | B66: =Движение!$A$31 -> 46250 | C66: =Движение!$C$31 -> 0 | D66: АК-15 | E66: =Движение!$H$31 -> 0 | F66: =N(Движение!$I$31) -> 0 | G66: =N(Движение!$J$31) -> 0 | H66: =Движение!$K$31 -> 0 | I66: =IF($F66>0,TEXT($B66,"dd.mm")&"_"&$D66,"")
A67: 66 | B67: =Движение!$A$31 -> 46250 | C67: =Движение!$C$31 -> 0 | D67: Г 1800 | E67: =Движение!$L$31 -> 6 | F67: =N(Движение!$M$31) -> 10 | G67: =N(Движение!$N$31) -> 5 | H67: =Движение!$O$31 -> 11 | I67: =IF($F67>0,TEXT($B67,"dd.mm")&"_"&$D67,"") -> dd.mm_Г 1800
A68: 67 | B68: =Движение!$A$31 -> 46250 | C68: =Движение!$C$31 -> 0 | D68: Г 3500 | E68: =Движение!$P$31 -> 12 | F68: =N(Движение!$Q$31) -> 0 | G68: =N(Движение!$R$31) -> 0 | H68: =Движение!$S$31 -> 12 | I68: =IF($F68>0,TEXT($B68,"dd.mm")&"_"&$D68,"")
A69: 68 | B69: =Движение!$A$31 -> 46250 | C69: =Движение!$C$31 -> 0 | D69: Г 800 | E69: =Движение!$T$31 -> 0 | F69: =N(Движение!$U$31) -> 0 | G69: =N(Движение!$V$31) -> 0 | H69: =Движение!$W$31 -> 0 | I69: =IF($F69>0,TEXT($B69,"dd.mm")&"_"&$D69,"")
A70: 69 | B70: =Движение!$A$31 -> 46250 | C70: =Движение!$C$31 -> 0 | D70: Ми-К | E70: =Движение!$X$31 -> 9 | F70: =N(Движение!$Y$31) -> 0 | G70: =N(Движение!$Z$31) -> 4 | H70: =Движение!$AA$31 -> 5 | I70: =IF($F70>0,TEXT($B70,"dd.mm")&"_"&$D70,"")
A71: 70 | B71: =Движение!$A$31 -> 46250 | C71: =Движение!$C$31 -> 0 | D71: Ми-П | E71: =Движение!$AB$31 -> 0 | F71: =N(Движение!$AC$31) -> 0 | G71: =N(Движение!$AD$31) -> 0 | H71: =Движение!$AE$31 -> 0 | I71: =IF($F71>0,TEXT($B71,"dd.mm")&"_"&$D71,"")
A72: 71 | B72: =Движение!$A$32 -> 46251 | C72: =Движение!$C$32 -> 0 | D72: АК-10 | E72: =Движение!$D$32 -> 0 | F72: =N(Движение!$E$32) -> 0 | G72: =N(Движение!$F$32) -> 0 | H72: =Движение!$G$32 -> 0 | I72: =IF($F72>0,TEXT($B72,"dd.mm")&"_"&$D72,"")
A73: 72 | B73: =Движение!$A$32 -> 46251 | C73: =Движение!$C$32 -> 0 | D73: АК-15 | E73: =Движение!$H$32 -> 0 | F73: =N(Движение!$I$32) -> 0 | G73: =N(Движение!$J$32) -> 0 | H73: =Движение!$K$32 -> 0 | I73: =IF($F73>0,TEXT($B73,"dd.mm")&"_"&$D73,"")
A74: 73 | B74: =Движение!$A$32 -> 46251 | C74: =Движение!$C$32 -> 0 | D74: Г 1800 | E74: =Движение!$L$32 -> 11 | F74: =N(Движение!$M$32) -> 0 | G74: =N(Движение!$N$32) -> 4 | H74: =Движение!$O$32 -> 7 | I74: =IF($F74>0,TEXT($B74,"dd.mm")&"_"&$D74,"")
A75: 74 | B75: =Движение!$A$32 -> 46251 | C75: =Движение!$C$32 -> 0 | D75: Г 3500 | E75: =Движение!$P$32 -> 12 | F75: =N(Движение!$Q$32) -> 0 | G75: =N(Движение!$R$32) -> 0 | H75: =Движение!$S$32 -> 12 | I75: =IF($F75>0,TEXT($B75,"dd.mm")&"_"&$D75,"")
A76: 75 | B76: =Движение!$A$32 -> 46251 | C76: =Движение!$C$32 -> 0 | D76: Г 800 | E76: =Движение!$T$32 -> 0 | F76: =N(Движение!$U$32) -> 0 | G76: =N(Движение!$V$32) -> 0 | H76: =Движение!$W$32 -> 0 | I76: =IF($F76>0,TEXT($B76,"dd.mm")&"_"&$D76,"")
A77: 76 | B77: =Движение!$A$32 -> 46251 | C77: =Движение!$C$32 -> 0 | D77: Ми-К | E77: =Движение!$X$32 -> 5 | F77: =N(Движение!$Y$32) -> 0 | G77: =N(Движение!$Z$32) -> 4 | H77: =Движение!$AA$32 -> 1 | I77: =IF($F77>0,TEXT($B77,"dd.mm")&"_"&$D77,"")
A78: 77 | B78: =Движение!$A$32 -> 46251 | C78: =Движение!$C$32 -> 0 | D78: Ми-П | E78: =Движение!$AB$32 -> 0 | F78: =N(Движение!$AC$32) -> 0 | G78: =N(Движение!$AD$32) -> 0 | H78: =Движение!$AE$32 -> 0 | I78: =IF($F78>0,TEXT($B78,"dd.mm")&"_"&$D78,"")
A79: 78 | B79: =Движение!$A$33 -> 46252 | C79: =Движение!$C$33 -> 0 | D79: АК-10 | E79: =Движение!$D$33 -> 0 | F79: =N(Движение!$E$33) -> 0 | G79: =N(Движение!$F$33) -> 0 | H79: =Движение!$G$33 -> 0 | I79: =IF($F79>0,TEXT($B79,"dd.mm")&"_"&$D79,"")
A80: 79 | B80: =Движение!$A$33 -> 46252 | C80: =Движение!$C$33 -> 0 | D80: АК-15 | E80: =Движение!$H$33 -> 0 | F80: =N(Движение!$I$33) -> 0 | G80: =N(Движение!$J$33) -> 0 | H80: =Движение!$K$33 -> 0 | I80: =IF($F80>0,TEXT($B80,"dd.mm")&"_"&$D80,"")
A81: 80 | B81: =Движение!$A$33 -> 46252 | C81: =Движение!$C$33 -> 0 | D81: Г 1800 | E81: =Движение!$L$33 -> 7 | F81: =N(Движение!$M$33) -> 5 | G81: =N(Движение!$N$33) -> 2 | H81: =Движение!$O$33 -> 10 | I81: =IF($F81>0,TEXT($B81,"dd.mm")&"_"&$D81,"") -> dd.mm_Г 1800
A82: 81 | B82: =Движение!$A$33 -> 46252 | C82: =Движение!$C$33 -> 0 | D82: Г 3500 | E82: =Движение!$P$33 -> 12 | F82: =N(Движение!$Q$33) -> 0 | G82: =N(Движение!$R$33) -> 1 | H82: =Движение!$S$33 -> 11 | I82: =IF($F82>0,TEXT($B82,"dd.mm")&"_"&$D82,"")
A83: 82 | B83: =Движение!$A$33 -> 46252 | C83: =Движение!$C$33 -> 0 | D83: Г 800 | E83: =Движение!$T$33 -> 0 | F83: =N(Движение!$U$33) -> 10 | G83: =N(Движение!$V$33) -> 0 | H83: =Движение!$W$33 -> 10 | I83: =IF($F83>0,TEXT($B83,"dd.mm")&"_"&$D83,"") -> dd.mm_Г 800
A84: 83 | B84: =Движение!$A$33 -> 46252 | C84: =Движение!$C$33 -> 0 | D84: Ми-К | E84: =Движение!$X$33 -> 1 | F84: =N(Движение!$Y$33) -> 10 | G84: =N(Движение!$Z$33) -> 4 | H84: =Движение!$AA$33 -> 7 | I84: =IF($F84>0,TEXT($B84,"dd.mm")&"_"&$D84,"") -> dd.mm_Ми-К
A85: 84 | B85: =Движение!$A$33 -> 46252 | C85: =Движение!$C$33 -> 0 | D85: Ми-П | E85: =Движение!$AB$33 -> 0 | F85: =N(Движение!$AC$33) -> 0 | G85: =N(Движение!$AD$33) -> 0 | H85: =Движение!$AE$33 -> 0 | I85: =IF($F85>0,TEXT($B85,"dd.mm")&"_"&$D85,"")
A86: 85 | B86: =Движение!$A$34 -> 46253 | C86: =Движение!$C$34 -> 0 | D86: АК-10 | E86: =Движение!$D$34 -> 0 | F86: =N(Движение!$E$34) -> 0 | G86: =N(Движение!$F$34) -> 0 | H86: =Движение!$G$34 -> 0 | I86: =IF($F86>0,TEXT($B86,"dd.mm")&"_"&$D86,"")
A87: 86 | B87: =Движение!$A$34 -> 46253 | C87: =Движение!$C$34 -> 0 | D87: АК-15 | E87: =Движение!$H$34 -> 0 | F87: =N(Движение!$I$34) -> 0 | G87: =N(Движение!$J$34) -> 0 | H87: =Движение!$K$34 -> 0 | I87: =IF($F87>0,TEXT($B87,"dd.mm")&"_"&$D87,"")
A88: 87 | B88: =Движение!$A$34 -> 46253 | C88: =Движение!$C$34 -> 0 | D88: Г 1800 | E88: =Движение!$L$34 -> 10 | F88: =N(Движение!$M$34) -> 15 | G88: =N(Движение!$N$34) -> 11 | H88: =Движение!$O$34 -> 14 | I88: =IF($F88>0,TEXT($B88,"dd.mm")&"_"&$D88,"") -> dd.mm_Г 1800
A89: 88 | B89: =Движение!$A$34 -> 46253 | C89: =Движение!$C$34 -> 0 | D89: Г 3500 | E89: =Движение!$P$34 -> 11 | F89: =N(Движение!$Q$34) -> 0 | G89: =N(Движение!$R$34) -> 1 | H89: =Движение!$S$34 -> 10 | I89: =IF($F89>0,TEXT($B89,"dd.mm")&"_"&$D89,"")
A90: 89 | B90: =Движение!$A$34 -> 46253 | C90: =Движение!$C$34 -> 0 | D90: Г 800 | E90: =Движение!$T$34 -> 10 | F90: =N(Движение!$U$34) -> 0 | G90: =N(Движение!$V$34) -> 2 | H90: =Движение!$W$34 -> 8 | I90: =IF($F90>0,TEXT($B90,"dd.mm")&"_"&$D90,"")
A91: 90 | B91: =Движение!$A$34 -> 46253 | C91: =Движение!$C$34 -> 0 | D91: Ми-К | E91: =Движение!$X$34 -> 7 | F91: =N(Движение!$Y$34) -> 10 | G91: =N(Движение!$Z$34) -> 1 | H91: =Движение!$AA$34 -> 16 | I91: =IF($F91>0,TEXT($B91,"dd.mm")&"_"&$D91,"") -> dd.mm_Ми-К
A92: 91 | B92: =Движение!$A$34 -> 46253 | C92: =Движение!$C$34 -> 0 | D92: Ми-П | E92: =Движение!$AB$34 -> 0 | F92: =N(Движение!$AC$34) -> 0 | G92: =N(Движение!$AD$34) -> 0 | H92: =Движение!$AE$34 -> 0 | I92: =IF($F92>0,TEXT($B92,"dd.mm")&"_"&$D92,"")
A93: 92 | B93: =Движение!$A$35 -> 46254 | C93: =Движение!$C$35 -> 0 | D93: АК-10 | E93: =Движение!$D$35 -> 0 | F93: =N(Движение!$E$35) -> 5 | G93: =N(Движение!$F$35) -> 0 | H93: =Движение!$G$35 -> 5 | I93: =IF($F93>0,TEXT($B93,"dd.mm")&"_"&$D93,"") -> dd.mm_АК-10
A94: 93 | B94: =Движение!$A$35 -> 46254 | C94: =Движение!$C$35 -> 0 | D94: АК-15 | E94: =Движение!$H$35 -> 0 | F94: =N(Движение!$I$35) -> 28 | G94: =N(Движение!$J$35) -> 0 | H94: =Движение!$K$35 -> 28 | I94: =IF($F94>0,TEXT($B94,"dd.mm")&"_"&$D94,"") -> dd.mm_АК-15
A95: 94 | B95: =Движение!$A$35 -> 46254 | C95: =Движение!$C$35 -> 0 | D95: Г 1800 | E95: =Движение!$L$35 -> 14 | F95: =N(Движение!$M$35) -> 0 | G95: =N(Движение!$N$35) -> 6 | H95: =Движение!$O$35 -> 8 | I95: =IF($F95>0,TEXT($B95,"dd.mm")&"_"&$D95,"")
A96: 95 | B96: =Движение!$A$35 -> 46254 | C96: =Движение!$C$35 -> 0 | D96: Г 3500 | E96: =Движение!$P$35 -> 10 | F96: =N(Движение!$Q$35) -> 0 | G96: =N(Движение!$R$35) -> 0 | H96: =Движение!$S$35 -> 10 | I96: =IF($F96>0,TEXT($B96,"dd.mm")&"_"&$D96,"")
A97: 96 | B97: =Движение!$A$35 -> 46254 | C97: =Движение!$C$35 -> 0 | D97: Г 800 | E97: =Движение!$T$35 -> 8 | F97: =N(Движение!$U$35) -> 0 | G97: =N(Движение!$V$35) -> 2 | H97: =Движение!$W$35 -> 6 | I97: =IF($F97>0,TEXT($B97,"dd.mm")&"_"&$D97,"")
A98: 97 | B98: =Движение!$A$35 -> 46254 | C98: =Движение!$C$35 -> 0 | D98: Ми-К | E98: =Движение!$X$35 -> 16 | F98: =N(Движение!$Y$35) -> 0 | G98: =N(Движение!$Z$35) -> 1 | H98: =Движение!$AA$35 -> 15 | I98: =IF($F98>0,TEXT($B98,"dd.mm")&"_"&$D98,"")
A99: 98 | B99: =Движение!$A$35 -> 46254 | C99: =Движение!$C$35 -> 0 | D99: Ми-П | E99: =Движение!$AB$35 -> 0 | F99: =N(Движение!$AC$35) -> 0 | G99: =N(Движение!$AD$35) -> 0 | H99: =Движение!$AE$35 -> 0 | I99: =IF($F99>0,TEXT($B99,"dd.mm")&"_"&$D99,"")
A100: 99 | B100: =Движение!$A$36 -> 46255 | C100: =Движение!$C$36 -> 0 | D100: АК-10 | E100: =Движение!$D$36 -> 5 | F100: =N(Движение!$E$36) -> 0 | G100: =N(Движение!$F$36) -> 0 | H100: =Движение!$G$36 -> 5 | I100: =IF($F100>0,TEXT($B100,"dd.mm")&"_"&$D100,"")
...

Sheet Хранение
D1: Хранение по капсулам FIFO
D2: Расчетный лист. Капсулы создаются из приходов на листе «Движение».
K3: =Настройки!$B$5+0 -> 46279 | L3: =Настройки!$B$5+1 -> 46280 | M3: =Настройки!$B$5+2 -> 46281 | N3: =Настройки!$B$5+3 -> 46282 | O3: =Настройки!$B$5+4 -> 46283 | P3: =Настройки!$B$5+5 -> 46284 | Q3: =Настройки!$B$5+6 -> 46285
A4: ID движения | B4: Капсула | C4: Товар | D4: Дата прихода | E4: Кол-во капсулы | F4: Предыдущие капсулы FIFO | G4: Остаток на начало периода | H4: Приход в периоде | I4: Списано FIFO в периоде | J4: Остаток на конец периода | K4: Платный остаток 1 | L4: Платный остаток 2 | M4: Платный остаток 3 | N4: Платный остаток 4 | O4: Платный остаток 5 | P4: Платный остаток 6 | Q4: Платный остаток 7 | R4: Платные шт-дни | S4: Тариф | T4: Сумма хранения
A5: =Тех_Движение!$A$2 -> 1 | B5: =IF(Тех_Движение!$F$2>0,Тех_Движение!$I$2,"") | C5: =IF($B5="","",Тех_Движение!$D$2) | D5: =IF($B5="","",Тех_Движение!$B$2) | E5: =IF($B5="","",Тех_Движение!$F$2) | F5: =IF($B5="","",0) | G5: =IF($B5="","",MAX(0,$E5-MAX(0,SUMIFS(Тех_Движение!$G$2:$G$5111,Тех_Движение!$D$2:$D$5111,$C5,Тех_Движение!$B$2:$B$5111,"<="&Настройки!$B$5-1)-$F5))) | H5: =IF($B5="","",IF(AND($D5>=Настройки!$B$5,$D5<=Настройки!$B$6),$E5,0)) | I5: =IF($B5="","",$G5+$H5-$J5) | J5: =IF($B5="","",MAX(0,$E5-MAX(0,SUMIFS(Тех_Движение!$G$2:$G$5111,Тех_Движение!$D$2:$D$5111,$C5,Тех_Движение!$B$2:$B$5111,"<="&Настройки!$B$6)-$F5))) | K5: =IF(OR($B5="",K$3<$D5+Настройки!$B$7),0,MAX(0,$E5-MAX(0,SUMIFS(Тех_Движение!$G$2:$G$5111,Тех_Движение!$D$2:$D$5111,$C5,Тех_Движение!$B$2:$B$5111,"<="&K$3)-$F5))) -> #VALUE! | L5: =IF(OR($B5="",L$3<$D5+Настройки!$B$7),0,MAX(0,$E5-MAX(0,SUMIFS(Тех_Движение!$G$2:$G$5111,Тех_Движение!$D$2:$D$5111,$C5,Тех_Движение!$B$2:$B$5111,"<="&L$3)-$F5))) -> #VALUE! | M5: =IF(OR($B5="",M$3<$D5+Настройки!$B$7),0,MAX(0,$E5-MAX(0,SUMIFS(Тех_Движение!$G$2:$G$5111,Тех_Движение!$D$2:$D$5111,$C5,Тех_Движение!$B$2:$B$5111,"<="&M$3)-$F5))) -> #VALUE! | N5: =IF(OR($B5="",N$3<$D5+Настройки!$B$7),0,MAX(0,$E5-MAX(0,SUMIFS(Тех_Движение!$G$2:$G$5111,Тех_Движение!$D$2:$D$5111,$C5,Тех_Движение!$B$2:$B$5111,"<="&N$3)-$F5))) -> #VALUE! | O5: =IF(OR($B5="",O$3<$D5+Настройки!$B$7),0,MAX(0,$E5-MAX(0,SUMIFS(Тех_Движение!$G$2:$G$5111,Тех_Движение!$D$2:$D$5111,$C5,Тех_Движение!$B$2:$B$5111,"<="&O$3)-$F5))) -> #VALUE! | P5: =IF(OR($B5="",P$3<$D5+Настройки!$B$7),0,MAX(0,$E5-MAX(0,SUMIFS(Тех_Движение!$G$2:$G$5111,Тех_Движение!$D$2:$D$5111,$C5,Тех_Движение!$B$2:$B$5111,"<="&P$3)-$F5))) -> #VALUE! | Q5: =IF(OR($B5="",Q$3<$D5+Настройки!$B$7),0,MAX(0,$E5-MAX(0,SUMIFS(Тех_Движение!$G$2:$G$5111,Тех_Движение!$D$2:$D$5111,$C5,Тех_Движение!$B$2:$B$5111,"<="&Q$3)-$F5))) -> #VALUE! | R5: =IF($B5="","",SUM($K5:$Q5)) | S5: =IF($B5="","",VLOOKUP($C5,Настройки!$A$11:$L$17,9,FALSE)) | T5: =IF($B5="","",$R5*$S5)
A6: =Тех_Движение!$A$3 -> 2 | B6: =IF(Тех_Движение!$F$3>0,Тех_Движение!$I$3,"") | C6: =IF($B6="","",Тех_Движение!$D$3) | D6: =IF($B6="","",Тех_Движение!$B$3) | E6: =IF($B6="","",Тех_Движение!$F$3) | F6: =IF($B6="","",SUMIFS($E$5:$E5,$C$5:$C5,$C6)) | G6: =IF($B6="","",MAX(0,$E6-MAX(0,SUMIFS(Тех_Движение!$G$2:$G$5111,Тех_Движение!$D$2:$D$5111,$C6,Тех_Движение!$B$2:$B$5111,"<="&Настройки!$B$5-1)-$F6))) | H6: =IF($B6="","",IF(AND($D6>=Настройки!$B$5,$D6<=Настройки!$B$6),$E6,0)) | I6: =IF($B6="","",$G6+$H6-$J6) | J6: =IF($B6="","",MAX(0,$E6-MAX(0,SUMIFS(Тех_Движение!$G$2:$G$5111,Тех_Движение!$D$2:$D$5111,$C6,Тех_Движение!$B$2:$B$5111,"<="&Настройки!$B$6)-$F6))) | K6: =IF(OR($B6="",K$3<$D6+Настройки!$B$7),0,MAX(0,$E6-MAX(0,SUMIFS(Тех_Движение!$G$2:$G$5111,Тех_Движение!$D$2:$D$5111,$C6,Тех_Движение!$B$2:$B$5111,"<="&K$3)-$F6))) -> #VALUE! | L6: =IF(OR($B6="",L$3<$D6+Настройки!$B$7),0,MAX(0,$E6-MAX(0,SUMIFS(Тех_Движение!$G$2:$G$5111,Тех_Движение!$D$2:$D$5111,$C6,Тех_Движение!$B$2:$B$5111,"<="&L$3)-$F6))) -> #VALUE! | M6: =IF(OR($B6="",M$3<$D6+Настройки!$B$7),0,MAX(0,$E6-MAX(0,SUMIFS(Тех_Движение!$G$2:$G$5111,Тех_Движение!$D$2:$D$5111,$C6,Тех_Движение!$B$2:$B$5111,"<="&M$3)-$F6))) -> #VALUE! | N6: =IF(OR($B6="",N$3<$D6+Настройки!$B$7),0,MAX(0,$E6-MAX(0,SUMIFS(Тех_Движение!$G$2:$G$5111,Тех_Движение!$D$2:$D$5111,$C6,Тех_Движение!$B$2:$B$5111,"<="&N$3)-$F6))) -> #VALUE! | O6: =IF(OR($B6="",O$3<$D6+Настройки!$B$7),0,MAX(0,$E6-MAX(0,SUMIFS(Тех_Движение!$G$2:$G$5111,Тех_Движение!$D$2:$D$5111,$C6,Тех_Движение!$B$2:$B$5111,"<="&O$3)-$F6))) -> #VALUE! | P6: =IF(OR($B6="",P$3<$D6+Настройки!$B$7),0,MAX(0,$E6-MAX(0,SUMIFS(Тех_Движение!$G$2:$G$5111,Тех_Движение!$D$2:$D$5111,$C6,Тех_Движение!$B$2:$B$5111,"<="&P$3)-$F6))) -> #VALUE! | Q6: =IF(OR($B6="",Q$3<$D6+Настройки!$B$7),0,MAX(0,$E6-MAX(0,SUMIFS(Тех_Движение!$G$2:$G$5111,Тех_Движение!$D$2:$D$5111,$C6,Тех_Движение!$B$2:$B$5111,"<="&Q$3)-$F6))) -> #VALUE! | R6: =IF($B6="","",SUM($K6:$Q6)) | S6: =IF($B6="","",VLOOKUP($C6,Настройки!$A$11:$L$17,9,FALSE)) | T6: =IF($B6="","",$R6*$S6)
A7: =Тех_Движение!$A$4 -> 3 | B7: =IF(Тех_Движение!$F$4>0,Тех_Движение!$I$4,"") | C7: =IF($B7="","",Тех_Движение!$D$4) | D7: =IF($B7="","",Тех_Движение!$B$4) | E7: =IF($B7="","",Тех_Движение!$F$4) | F7: =IF($B7="","",SUMIFS($E$5:$E6,$C$5:$C6,$C7)) | G7: =IF($B7="","",MAX(0,$E7-MAX(0,SUMIFS(Тех_Движение!$G$2:$G$5111,Тех_Движение!$D$2:$D$5111,$C7,Тех_Движение!$B$2:$B$5111,"<="&Настройки!$B$5-1)-$F7))) | H7: =IF($B7="","",IF(AND($D7>=Настройки!$B$5,$D7<=Настройки!$B$6),$E7,0)) | I7: =IF($B7="","",$G7+$H7-$J7) | J7: =IF($B7="","",MAX(0,$E7-MAX(0,SUMIFS(Тех_Движение!$G$2:$G$5111,Тех_Движение!$D$2:$D$5111,$C7,Тех_Движение!$B$2:$B$5111,"<="&Настройки!$B$6)-$F7))) | K7: =IF(OR($B7="",K$3<$D7+Настройки!$B$7),0,MAX(0,$E7-MAX(0,SUMIFS(Тех_Движение!$G$2:$G$5111,Тех_Движение!$D$2:$D$5111,$C7,Тех_Движение!$B$2:$B$5111,"<="&K$3)-$F7))) -> #VALUE! | L7: =IF(OR($B7="",L$3<$D7+Настройки!$B$7),0,MAX(0,$E7-MAX(0,SUMIFS(Тех_Движение!$G$2:$G$5111,Тех_Движение!$D$2:$D$5111,$C7,Тех_Движение!$B$2:$B$5111,"<="&L$3)-$F7))) -> #VALUE! | M7: =IF(OR($B7="",M$3<$D7+Настройки!$B$7),0,MAX(0,$E7-MAX(0,SUMIFS(Тех_Движение!$G$2:$G$5111,Тех_Движение!$D$2:$D$5111,$C7,Тех_Движение!$B$2:$B$5111,"<="&M$3)-$F7))) -> #VALUE! | N7: =IF(OR($B7="",N$3<$D7+Настройки!$B$7),0,MAX(0,$E7-MAX(0,SUMIFS(Тех_Движение!$G$2:$G$5111,Тех_Движение!$D$2:$D$5111,$C7,Тех_Движение!$B$2:$B$5111,"<="&N$3)-$F7))) -> #VALUE! | O7: =IF(OR($B7="",O$3<$D7+Настройки!$B$7),0,MAX(0,$E7-MAX(0,SUMIFS(Тех_Движение!$G$2:$G$5111,Тех_Движение!$D$2:$D$5111,$C7,Тех_Движение!$B$2:$B$5111,"<="&O$3)-$F7))) -> #VALUE! | P7: =IF(OR($B7="",P$3<$D7+Настройки!$B$7),0,MAX(0,$E7-MAX(0,SUMIFS(Тех_Движение!$G$2:$G$5111,Тех_Движение!$D$2:$D$5111,$C7,Тех_Движение!$B$2:$B$5111,"<="&P$3)-$F7))) -> #VALUE! | Q7: =IF(OR($B7="",Q$3<$D7+Настройки!$B$7),0,MAX(0,$E7-MAX(0,SUMIFS(Тех_Движение!$G$2:$G$5111,Тех_Движение!$D$2:$D$5111,$C7,Тех_Движение!$B$2:$B$5111,"<="&Q$3)-$F7))) -> #VALUE! | R7: =IF($B7="","",SUM($K7:$Q7)) | S7: =IF($B7="","",VLOOKUP($C7,Настройки!$A$11:$L$17,9,FALSE)) | T7: =IF($B7="","",$R7*$S7)
A8: =Тех_Движение!$A$5 -> 4 | B8: =IF(Тех_Движение!$F$5>0,Тех_Движение!$I$5,"") | C8: =IF($B8="","",Тех_Движение!$D$5) | D8: =IF($B8="","",Тех_Движение!$B$5) | E8: =IF($B8="","",Тех_Движение!$F$5) | F8: =IF($B8="","",SUMIFS($E$5:$E7,$C$5:$C7,$C8)) | G8: =IF($B8="","",MAX(0,$E8-MAX(0,SUMIFS(Тех_Движение!$G$2:$G$5111,Тех_Движение!$D$2:$D$5111,$C8,Тех_Движение!$B$2:$B$5111,"<="&Настройки!$B$5-1)-$F8))) | H8: =IF($B8="","",IF(AND($D8>=Настройки!$B$5,$D8<=Настройки!$B$6),$E8,0)) | I8: =IF($B8="","",$G8+$H8-$J8) | J8: =IF($B8="","",MAX(0,$E8-MAX(0,SUMIFS(Тех_Движение!$G$2:$G$5111,Тех_Движение!$D$2:$D$5111,$C8,Тех_Движение!$B$2:$B$5111,"<="&Настройки!$B$6)-$F8))) | K8: =IF(OR($B8="",K$3<$D8+Настройки!$B$7),0,MAX(0,$E8-MAX(0,SUMIFS(Тех_Движение!$G$2:$G$5111,Тех_Движение!$D$2:$D$5111,$C8,Тех_Движение!$B$2:$B$5111,"<="&K$3)-$F8))) -> #VALUE! | L8: =IF(OR($B8="",L$3<$D8+Настройки!$B$7),0,MAX(0,$E8-MAX(0,SUMIFS(Тех_Движение!$G$2:$G$5111,Тех_Движение!$D$2:$D$5111,$C8,Тех_Движение!$B$2:$B$5111,"<="&L$3)-$F8))) -> #VALUE! | M8: =IF(OR($B8="",M$3<$D8+Настройки!$B$7),0,MAX(0,$E8-MAX(0,SUMIFS(Тех_Движение!$G$2:$G$5111,Тех_Движение!$D$2:$D$5111,$C8,Тех_Движение!$B$2:$B$5111,"<="&M$3)-$F8))) -> #VALUE! | N8: =IF(OR($B8="",N$3<$D8+Настройки!$B$7),0,MAX(0,$E8-MAX(0,SUMIFS(Тех_Движение!$G$2:$G$5111,Тех_Движение!$D$2:$D$5111,$C8,Тех_Движение!$B$2:$B$5111,"<="&N$3)-$F8))) -> #VALUE! | O8: =IF(OR($B8="",O$3<$D8+Настройки!$B$7),0,MAX(0,$E8-MAX(0,SUMIFS(Тех_Движение!$G$2:$G$5111,Тех_Движение!$D$2:$D$5111,$C8,Тех_Движение!$B$2:$B$5111,"<="&O$3)-$F8))) -> #VALUE! | P8: =IF(OR($B8="",P$3<$D8+Настройки!$B$7),0,MAX(0,$E8-MAX(0,SUMIFS(Тех_Движение!$G$2:$G$5111,Тех_Движение!$D$2:$D$5111,$C8,Тех_Движение!$B$2:$B$5111,"<="&P$3)-$F8))) -> #VALUE! | Q8: =IF(OR($B8="",Q$3<$D8+Настройки!$B$7),0,MAX(0,$E8-MAX(0,SUMIFS(Тех_Движение!$G$2:$G$5111,Тех_Движение!$D$2:$D$5111,$C8,Тех_Движение!$B$2:$B$5111,"<="&Q$3)-$F8))) -> #VALUE! | R8: =IF($B8="","",SUM($K8:$Q8)) | S8: =IF($B8="","",VLOOKUP($C8,Настройки!$A$11:$L$17,9,FALSE)) | T8: =IF($B8="","",$R8*$S8)
A9: =Тех_Движение!$A$6 -> 5 | B9: =IF(Тех_Движение!$F$6>0,Тех_Движение!$I$6,"") | C9: =IF($B9="","",Тех_Движение!$D$6) | D9: =IF($B9="","",Тех_Движение!$B$6) | E9: =IF($B9="","",Тех_Движение!$F$6) | F9: =IF($B9="","",SUMIFS($E$5:$E8,$C$5:$C8,$C9)) | G9: =IF($B9="","",MAX(0,$E9-MAX(0,SUMIFS(Тех_Движение!$G$2:$G$5111,Тех_Движение!$D$2:$D$5111,$C9,Тех_Движение!$B$2:$B$5111,"<="&Настройки!$B$5-1)-$F9))) | H9: =IF($B9="","",IF(AND($D9>=Настройки!$B$5,$D9<=Настройки!$B$6),$E9,0)) | I9: =IF($B9="","",$G9+$H9-$J9) | J9: =IF($B9="","",MAX(0,$E9-MAX(0,SUMIFS(Тех_Движение!$G$2:$G$5111,Тех_Движение!$D$2:$D$5111,$C9,Тех_Движение!$B$2:$B$5111,"<="&Настройки!$B$6)-$F9))) | K9: =IF(OR($B9="",K$3<$D9+Настройки!$B$7),0,MAX(0,$E9-MAX(0,SUMIFS(Тех_Движение!$G$2:$G$5111,Тех_Движение!$D$2:$D$5111,$C9,Тех_Движение!$B$2:$B$5111,"<="&K$3)-$F9))) -> #VALUE! | L9: =IF(OR($B9="",L$3<$D9+Настройки!$B$7),0,MAX(0,$E9-MAX(0,SUMIFS(Тех_Движение!$G$2:$G$5111,Тех_Движение!$D$2:$D$5111,$C9,Тех_Движение!$B$2:$B$5111,"<="&L$3)-$F9))) -> #VALUE! | M9: =IF(OR($B9="",M$3<$D9+Настройки!$B$7),0,MAX(0,$E9-MAX(0,SUMIFS(Тех_Движение!$G$2:$G$5111,Тех_Движение!$D$2:$D$5111,$C9,Тех_Движение!$B$2:$B$5111,"<="&M$3)-$F9))) -> #VALUE! | N9: =IF(OR($B9="",N$3<$D9+Настройки!$B$7),0,MAX(0,$E9-MAX(0,SUMIFS(Тех_Движение!$G$2:$G$5111,Тех_Движение!$D$2:$D$5111,$C9,Тех_Движение!$B$2:$B$5111,"<="&N$3)-$F9))) -> #VALUE! | O9: =IF(OR($B9="",O$3<$D9+Настройки!$B$7),0,MAX(0,$E9-MAX(0,SUMIFS(Тех_Движение!$G$2:$G$5111,Тех_Движение!$D$2:$D$5111,$C9,Тех_Движение!$B$2:$B$5111,"<="&O$3)-$F9))) -> #VALUE! | P9: =IF(OR($B9="",P$3<$D9+Настройки!$B$7),0,MAX(0,$E9-MAX(0,SUMIFS(Тех_Движение!$G$2:$G$5111,Тех_Движение!$D$2:$D$5111,$C9,Тех_Движение!$B$2:$B$5111,"<="&P$3)-$F9))) -> #VALUE! | Q9: =IF(OR($B9="",Q$3<$D9+Настройки!$B$7),0,MAX(0,$E9-MAX(0,SUMIFS(Тех_Движение!$G$2:$G$5111,Тех_Движение!$D$2:$D$5111,$C9,Тех_Движение!$B$2:$B$5111,"<="&Q$3)-$F9))) -> #VALUE! | R9: =IF($B9="","",SUM($K9:$Q9)) | S9: =IF($B9="","",VLOOKUP($C9,Настройки!$A$11:$L$17,9,FALSE)) | T9: =IF($B9="","",$R9*$S9)
A10: =Тех_Движение!$A$7 -> 6 | B10: =IF(Тех_Движение!$F$7>0,Тех_Движение!$I$7,"") -> dd.mm_Ми-К | C10: =IF($B10="","",Тех_Движение!$D$7) -> Ми-К | D10: =IF($B10="","",Тех_Движение!$B$7) -> 46241 | E10: =IF($B10="","",Тех_Движение!$F$7) -> 10 | F10: =IF($B10="","",SUMIFS($E$5:$E9,$C$5:$C9,$C10)) -> 0 | G10: =IF($B10="","",MAX(0,$E10-MAX(0,SUMIFS(Тех_Движение!$G$2:$G$5111,Тех_Движение!$D$2:$D$5111,$C10,Тех_Движение!$B$2:$B$5111,"<="&Настройки!$B$5-1)-$F10))) -> 0 | H10: =IF($B10="","",IF(AND($D10>=Настройки!$B$5,$D10<=Настройки!$B$6),$E10,0)) -> 0 | I10: =IF($B10="","",$G10+$H10-$J10) -> 0 | J10: =IF($B10="","",MAX(0,$E10-MAX(0,SUMIFS(Тех_Движение!$G$2:$G$5111,Тех_Движение!$D$2:$D$5111,$C10,Тех_Движение!$B$2:$B$5111,"<="&Настройки!$B$6)-$F10))) -> 0 | K10: =IF(OR($B10="",K$3<$D10+Настройки!$B$7),0,MAX(0,$E10-MAX(0,SUMIFS(Тех_Движение!$G$2:$G$5111,Тех_Движение!$D$2:$D$5111,$C10,Тех_Движение!$B$2:$B$5111,"<="&K$3)-$F10))) -> 0 | L10: =IF(OR($B10="",L$3<$D10+Настройки!$B$7),0,MAX(0,$E10-MAX(0,SUMIFS(Тех_Движение!$G$2:$G$5111,Тех_Движение!$D$2:$D$5111,$C10,Тех_Движение!$B$2:$B$5111,"<="&L$3)-$F10))) -> 0 | M10: =IF(OR($B10="",M$3<$D10+Настройки!$B$7),0,MAX(0,$E10-MAX(0,SUMIFS(Тех_Движение!$G$2:$G$5111,Тех_Движение!$D$2:$D$5111,$C10,Тех_Движение!$B$2:$B$5111,"<="&M$3)-$F10))) -> 0 | N10: =IF(OR($B10="",N$3<$D10+Настройки!$B$7),0,MAX(0,$E10-MAX(0,SUMIFS(Тех_Движение!$G$2:$G$5111,Тех_Движение!$D$2:$D$5111,$C10,Тех_Движение!$B$2:$B$5111,"<="&N$3)-$F10))) -> 0 | O10: =IF(OR($B10="",O$3<$D10+Настройки!$B$7),0,MAX(0,$E10-MAX(0,SUMIFS(Тех_Движение!$G$2:$G$5111,Тех_Движение!$D$2:$D$5111,$C10,Тех_Движение!$B$2:$B$5111,"<="&O$3)-$F10))) -> 0 | P10: =IF(OR($B10="",P$3<$D10+Настройки!$B$7),0,MAX(0,$E10-MAX(0,SUMIFS(Тех_Движение!$G$2:$G$5111,Тех_Движение!$D$2:$D$5111,$C10,Тех_Движение!$B$2:$B$5111,"<="&P$3)-$F10))) -> 0 | Q10: =IF(OR($B10="",Q$3<$D10+Настройки!$B$7),0,MAX(0,$E10-MAX(0,SUMIFS(Тех_Движение!$G$2:$G$5111,Тех_Движение!$D$2:$D$5111,$C10,Тех_Движение!$B$2:$B$5111,"<="&Q$3)-$F10))) -> 0 | R10: =IF($B10="","",SUM($K10:$Q10)) -> 0 | S10: =IF($B10="","",VLOOKUP($C10,Настройки!$A$11:$L$17,9,FALSE)) -> 1.3636364 | T10: =IF($B10="","",$R10*$S10) -> 0
A11: =Тех_Движение!$A$8 -> 7 | B11: =IF(Тех_Движение!$F$8>0,Тех_Движение!$I$8,"") | C11: =IF($B11="","",Тех_Движение!$D$8) | D11: =IF($B11="","",Тех_Движение!$B$8) | E11: =IF($B11="","",Тех_Движение!$F$8) | F11: =IF($B11="","",SUMIFS($E$5:$E10,$C$5:$C10,$C11)) | G11: =IF($B11="","",MAX(0,$E11-MAX(0,SUMIFS(Тех_Движение!$G$2:$G$5111,Тех_Движение!$D$2:$D$5111,$C11,Тех_Движение!$B$2:$B$5111,"<="&Настройки!$B$5-1)-$F11))) | H11: =IF($B11="","",IF(AND($D11>=Настройки!$B$5,$D11<=Настройки!$B$6),$E11,0)) | I11: =IF($B11="","",$G11+$H11-$J11) | J11: =IF($B11="","",MAX(0,$E11-MAX(0,SUMIFS(Тех_Движение!$G$2:$G$5111,Тех_Движение!$D$2:$D$5111,$C11,Тех_Движение!$B$2:$B$5111,"<="&Настройки!$B$6)-$F11))) | K11: =IF(OR($B11="",K$3<$D11+Настройки!$B$7),0,MAX(0,$E11-MAX(0,SUMIFS(Тех_Движение!$G$2:$G$5111,Тех_Движение!$D$2:$D$5111,$C11,Тех_Движение!$B$2:$B$5111,"<="&K$3)-$F11))) -> #VALUE! | L11: =IF(OR($B11="",L$3<$D11+Настройки!$B$7),0,MAX(0,$E11-MAX(0,SUMIFS(Тех_Движение!$G$2:$G$5111,Тех_Движение!$D$2:$D$5111,$C11,Тех_Движение!$B$2:$B$5111,"<="&L$3)-$F11))) -> #VALUE! | M11: =IF(OR($B11="",M$3<$D11+Настройки!$B$7),0,MAX(0,$E11-MAX(0,SUMIFS(Тех_Движение!$G$2:$G$5111,Тех_Движение!$D$2:$D$5111,$C11,Тех_Движение!$B$2:$B$5111,"<="&M$3)-$F11))) -> #VALUE! | N11: =IF(OR($B11="",N$3<$D11+Настройки!$B$7),0,MAX(0,$E11-MAX(0,SUMIFS(Тех_Движение!$G$2:$G$5111,Тех_Движение!$D$2:$D$5111,$C11,Тех_Движение!$B$2:$B$5111,"<="&N$3)-$F11))) -> #VALUE! | O11: =IF(OR($B11="",O$3<$D11+Настройки!$B$7),0,MAX(0,$E11-MAX(0,SUMIFS(Тех_Движение!$G$2:$G$5111,Тех_Движение!$D$2:$D$5111,$C11,Тех_Движение!$B$2:$B$5111,"<="&O$3)-$F11))) -> #VALUE! | P11: =IF(OR($B11="",P$3<$D11+Настройки!$B$7),0,MAX(0,$E11-MAX(0,SUMIFS(Тех_Движение!$G$2:$G$5111,Тех_Движение!$D$2:$D$5111,$C11,Тех_Движение!$B$2:$B$5111,"<="&P$3)-$F11))) -> #VALUE! | Q11: =IF(OR($B11="",Q$3<$D11+Настройки!$B$7),0,MAX(0,$E11-MAX(0,SUMIFS(Тех_Движение!$G$2:$G$5111,Тех_Движение!$D$2:$D$5111,$C11,Тех_Движение!$B$2:$B$5111,"<="&Q$3)-$F11))) -> #VALUE! | R11: =IF($B11="","",SUM($K11:$Q11)) | S11: =IF($B11="","",VLOOKUP($C11,Настройки!$A$11:$L$17,9,FALSE)) | T11: =IF($B11="","",$R11*$S11)
A12: =Тех_Движение!$A$9 -> 8 | B12: =IF(Тех_Движение!$F$9>0,Тех_Движение!$I$9,"") | C12: =IF($B12="","",Тех_Движение!$D$9) | D12: =IF($B12="","",Тех_Движение!$B$9) | E12: =IF($B12="","",Тех_Движение!$F$9) | F12: =IF($B12="","",SUMIFS($E$5:$E11,$C$5:$C11,$C12)) | G12: =IF($B12="","",MAX(0,$E12-MAX(0,SUMIFS(Тех_Движение!$G$2:$G$5111,Тех_Движение!$D$2:$D$5111,$C12,Тех_Движение!$B$2:$B$5111,"<="&Настройки!$B$5-1)-$F12))) | H12: =IF($B12="","",IF(AND($D12>=Настройки!$B$5,$D12<=Настройки!$B$6),$E12,0)) | I12: =IF($B12="","",$G12+$H12-$J12) | J12: =IF($B12="","",MAX(0,$E12-MAX(0,SUMIFS(Тех_Движение!$G$2:$G$5111,Тех_Движение!$D$2:$D$5111,$C12,Тех_Движение!$B$2:$B$5111,"<="&Настройки!$B$6)-$F12))) | K12: =IF(OR($B12="",K$3<$D12+Настройки!$B$7),0,MAX(0,$E12-MAX(0,SUMIFS(Тех_Движение!$G$2:$G$5111,Тех_Движение!$D$2:$D$5111,$C12,Тех_Движение!$B$2:$B$5111,"<="&K$3)-$F12))) -> #VALUE! | L12: =IF(OR($B12="",L$3<$D12+Настройки!$B$7),0,MAX(0,$E12-MAX(0,SUMIFS(Тех_Движение!$G$2:$G$5111,Тех_Движение!$D$2:$D$5111,$C12,Тех_Движение!$B$2:$B$5111,"<="&L$3)-$F12))) -> #VALUE! | M12: =IF(OR($B12="",M$3<$D12+Настройки!$B$7),0,MAX(0,$E12-MAX(0,SUMIFS(Тех_Движение!$G$2:$G$5111,Тех_Движение!$D$2:$D$5111,$C12,Тех_Движение!$B$2:$B$5111,"<="&M$3)-$F12))) -> #VALUE! | N12: =IF(OR($B12="",N$3<$D12+Настройки!$B$7),0,MAX(0,$E12-MAX(0,SUMIFS(Тех_Движение!$G$2:$G$5111,Тех_Движение!$D$2:$D$5111,$C12,Тех_Движение!$B$2:$B$5111,"<="&N$3)-$F12))) -> #VALUE! | O12: =IF(OR($B12="",O$3<$D12+Настройки!$B$7),0,MAX(0,$E12-MAX(0,SUMIFS(Тех_Движение!$G$2:$G$5111,Тех_Движение!$D$2:$D$5111,$C12,Тех_Движение!$B$2:$B$5111,"<="&O$3)-$F12))) -> #VALUE! | P12: =IF(OR($B12="",P$3<$D12+Настройки!$B$7),0,MAX(0,$E12-MAX(0,SUMIFS(Тех_Движение!$G$2:$G$5111,Тех_Движение!$D$2:$D$5111,$C12,Тех_Движение!$B$2:$B$5111,"<="&P$3)-$F12))) -> #VALUE! | Q12: =IF(OR($B12="",Q$3<$D12+Настройки!$B$7),0,MAX(0,$E12-MAX(0,SUMIFS(Тех_Движение!$G$2:$G$5111,Тех_Движение!$D$2:$D$5111,$C12,Тех_Движение!$B$2:$B$5111,"<="&Q$3)-$F12))) -> #VALUE! | R12: =IF($B12="","",SUM($K12:$Q12)) | S12: =IF($B12="","",VLOOKUP($C12,Настройки!$A$11:$L$17,9,FALSE)) | T12: =IF($B12="","",$R12*$S12)
A13: =Тех_Движение!$A$10 -> 9 | B13: =IF(Тех_Движение!$F$10>0,Тех_Движение!$I$10,"") | C13: =IF($B13="","",Тех_Движение!$D$10) | D13: =IF($B13="","",Тех_Движение!$B$10) | E13: =IF($B13="","",Тех_Движение!$F$10) | F13: =IF($B13="","",SUMIFS($E$5:$E12,$C$5:$C12,$C13)) | G13: =IF($B13="","",MAX(0,$E13-MAX(0,SUMIFS(Тех_Движение!$G$2:$G$5111,Тех_Движение!$D$2:$D$5111,$C13,Тех_Движение!$B$2:$B$5111,"<="&Настройки!$B$5-1)-$F13))) | H13: =IF($B13="","",IF(AND($D13>=Настройки!$B$5,$D13<=Настройки!$B$6),$E13,0)) | I13: =IF($B13="","",$G13+$H13-$J13) | J13: =IF($B13="","",MAX(0,$E13-MAX(0,SUMIFS(Тех_Движение!$G$2:$G$5111,Тех_Движение!$D$2:$D$5111,$C13,Тех_Движение!$B$2:$B$5111,"<="&Настройки!$B$6)-$F13))) | K13: =IF(OR($B13="",K$3<$D13+Настройки!$B$7),0,MAX(0,$E13-MAX(0,SUMIFS(Тех_Движение!$G$2:$G$5111,Тех_Движение!$D$2:$D$5111,$C13,Тех_Движение!$B$2:$B$5111,"<="&K$3)-$F13))) -> #VALUE! | L13: =IF(OR($B13="",L$3<$D13+Настройки!$B$7),0,MAX(0,$E13-MAX(0,SUMIFS(Тех_Движение!$G$2:$G$5111,Тех_Движение!$D$2:$D$5111,$C13,Тех_Движение!$B$2:$B$5111,"<="&L$3)-$F13))) -> #VALUE! | M13: =IF(OR($B13="",M$3<$D13+Настройки!$B$7),0,MAX(0,$E13-MAX(0,SUMIFS(Тех_Движение!$G$2:$G$5111,Тех_Движение!$D$2:$D$5111,$C13,Тех_Движение!$B$2:$B$5111,"<="&M$3)-$F13))) -> #VALUE! | N13: =IF(OR($B13="",N$3<$D13+Настройки!$B$7),0,MAX(0,$E13-MAX(0,SUMIFS(Тех_Движение!$G$2:$G$5111,Тех_Движение!$D$2:$D$5111,$C13,Тех_Движение!$B$2:$B$5111,"<="&N$3)-$F13))) -> #VALUE! | O13: =IF(OR($B13="",O$3<$D13+Настройки!$B$7),0,MAX(0,$E13-MAX(0,SUMIFS(Тех_Движение!$G$2:$G$5111,Тех_Движение!$D$2:$D$5111,$C13,Тех_Движение!$B$2:$B$5111,"<="&O$3)-$F13))) -> #VALUE! | P13: =IF(OR($B13="",P$3<$D13+Настройки!$B$7),0,MAX(0,$E13-MAX(0,SUMIFS(Тех_Движение!$G$2:$G$5111,Тех_Движение!$D$2:$D$5111,$C13,Тех_Движение!$B$2:$B$5111,"<="&P$3)-$F13))) -> #VALUE! | Q13: =IF(OR($B13="",Q$3<$D13+Настройки!$B$7),0,MAX(0,$E13-MAX(0,SUMIFS(Тех_Движение!$G$2:$G$5111,Тех_Движение!$D$2:$D$5111,$C13,Тех_Движение!$B$2:$B$5111,"<="&Q$3)-$F13))) -> #VALUE! | R13: =IF($B13="","",SUM($K13:$Q13)) | S13: =IF($B13="","",VLOOKUP($C13,Настройки!$A$11:$L$17,9,FALSE)) | T13: =IF($B13="","",$R13*$S13)
A14: =Тех_Движение!$A$11 -> 10 | B14: =IF(Тех_Движение!$F$11>0,Тех_Движение!$I$11,"") -> dd.mm_Г 1800 | C14: =IF($B14="","",Тех_Движение!$D$11) -> Г 1800 | D14: =IF($B14="","",Тех_Движение!$B$11) -> 46242 | E14: =IF($B14="","",Тех_Движение!$F$11) -> 9 | F14: =IF($B14="","",SUMIFS($E$5:$E13,$C$5:$C13,$C14)) -> 0 | G14: =IF($B14="","",MAX(0,$E14-MAX(0,SUMIFS(Тех_Движение!$G$2:$G$5111,Тех_Движение!$D$2:$D$5111,$C14,Тех_Движение!$B$2:$B$5111,"<="&Настройки!$B$5-1)-$F14))) -> 0 | H14: =IF($B14="","",IF(AND($D14>=Настройки!$B$5,$D14<=Настройки!$B$6),$E14,0)) -> 0 | I14: =IF($B14="","",$G14+$H14-$J14) -> 0 | J14: =IF($B14="","",MAX(0,$E14-MAX(0,SUMIFS(Тех_Движение!$G$2:$G$5111,Тех_Движение!$D$2:$D$5111,$C14,Тех_Движение!$B$2:$B$5111,"<="&Настройки!$B$6)-$F14))) -> 0 | K14: =IF(OR($B14="",K$3<$D14+Настройки!$B$7),0,MAX(0,$E14-MAX(0,SUMIFS(Тех_Движение!$G$2:$G$5111,Тех_Движение!$D$2:$D$5111,$C14,Тех_Движение!$B$2:$B$5111,"<="&K$3)-$F14))) -> 0 | L14: =IF(OR($B14="",L$3<$D14+Настройки!$B$7),0,MAX(0,$E14-MAX(0,SUMIFS(Тех_Движение!$G$2:$G$5111,Тех_Движение!$D$2:$D$5111,$C14,Тех_Движение!$B$2:$B$5111,"<="&L$3)-$F14))) -> 0 | M14: =IF(OR($B14="",M$3<$D14+Настройки!$B$7),0,MAX(0,$E14-MAX(0,SUMIFS(Тех_Движение!$G$2:$G$5111,Тех_Движение!$D$2:$D$5111,$C14,Тех_Движение!$B$2:$B$5111,"<="&M$3)-$F14))) -> 0 | N14: =IF(OR($B14="",N$3<$D14+Настройки!$B$7),0,MAX(0,$E14-MAX(0,SUMIFS(Тех_Движение!$G$2:$G$5111,Тех_Движение!$D$2:$D$5111,$C14,Тех_Движение!$B$2:$B$5111,"<="&N$3)-$F14))) -> 0 | O14: =IF(OR($B14="",O$3<$D14+Настройки!$B$7),0,MAX(0,$E14-MAX(0,SUMIFS(Тех_Движение!$G$2:$G$5111,Тех_Движение!$D$2:$D$5111,$C14,Тех_Движение!$B$2:$B$5111,"<="&O$3)-$F14))) -> 0 | P14: =IF(OR($B14="",P$3<$D14+Настройки!$B$7),0,MAX(0,$E14-MAX(0,SUMIFS(Тех_Движение!$G$2:$G$5111,Тех_Движение!$D$2:$D$5111,$C14,Тех_Движение!$B$2:$B$5111,"<="&P$3)-$F14))) -> 0 | Q14: =IF(OR($B14="",Q$3<$D14+Настройки!$B$7),0,MAX(0,$E14-MAX(0,SUMIFS(Тех_Движение!$G$2:$G$5111,Тех_Движение!$D$2:$D$5111,$C14,Тех_Движение!$B$2:$B$5111,"<="&Q$3)-$F14))) -> 0 | R14: =IF($B14="","",SUM($K14:$Q14)) -> 0 | S14: =IF($B14="","",VLOOKUP($C14,Настройки!$A$11:$L$17,9,FALSE)) -> 5 | T14: =IF($B14="","",$R14*$S14) -> 0
A15: =Тех_Движение!$A$12 -> 11 | B15: =IF(Тех_Движение!$F$12>0,Тех_Движение!$I$12,"") -> dd.mm_Г 3500 | C15: =IF($B15="","",Тех_Движение!$D$12) -> Г 3500 | D15: =IF($B15="","",Тех_Движение!$B$12) -> 46242 | E15: =IF($B15="","",Тех_Движение!$F$12) -> 2 | F15: =IF($B15="","",SUMIFS($E$5:$E14,$C$5:$C14,$C15)) -> 0 | G15: =IF($B15="","",MAX(0,$E15-MAX(0,SUMIFS(Тех_Движение!$G$2:$G$5111,Тех_Движение!$D$2:$D$5111,$C15,Тех_Движение!$B$2:$B$5111,"<="&Настройки!$B$5-1)-$F15))) -> 0 | H15: =IF($B15="","",IF(AND($D15>=Настройки!$B$5,$D15<=Настройки!$B$6),$E15,0)) -> 0 | I15: =IF($B15="","",$G15+$H15-$J15) -> 0 | J15: =IF($B15="","",MAX(0,$E15-MAX(0,SUMIFS(Тех_Движение!$G$2:$G$5111,Тех_Движение!$D$2:$D$5111,$C15,Тех_Движение!$B$2:$B$5111,"<="&Настройки!$B$6)-$F15))) -> 0 | K15: =IF(OR($B15="",K$3<$D15+Настройки!$B$7),0,MAX(0,$E15-MAX(0,SUMIFS(Тех_Движение!$G$2:$G$5111,Тех_Движение!$D$2:$D$5111,$C15,Тех_Движение!$B$2:$B$5111,"<="&K$3)-$F15))) -> 0 | L15: =IF(OR($B15="",L$3<$D15+Настройки!$B$7),0,MAX(0,$E15-MAX(0,SUMIFS(Тех_Движение!$G$2:$G$5111,Тех_Движение!$D$2:$D$5111,$C15,Тех_Движение!$B$2:$B$5111,"<="&L$3)-$F15))) -> 0 | M15: =IF(OR($B15="",M$3<$D15+Настройки!$B$7),0,MAX(0,$E15-MAX(0,SUMIFS(Тех_Движение!$G$2:$G$5111,Тех_Движение!$D$2:$D$5111,$C15,Тех_Движение!$B$2:$B$5111,"<="&M$3)-$F15))) -> 0 | N15: =IF(OR($B15="",N$3<$D15+Настройки!$B$7),0,MAX(0,$E15-MAX(0,SUMIFS(Тех_Движение!$G$2:$G$5111,Тех_Движение!$D$2:$D$5111,$C15,Тех_Движение!$B$2:$B$5111,"<="&N$3)-$F15))) -> 0 | O15: =IF(OR($B15="",O$3<$D15+Настройки!$B$7),0,MAX(0,$E15-MAX(0,SUMIFS(Тех_Движение!$G$2:$G$5111,Тех_Движение!$D$2:$D$5111,$C15,Тех_Движение!$B$2:$B$5111,"<="&O$3)-$F15))) -> 0 | P15: =IF(OR($B15="",P$3<$D15+Настройки!$B$7),0,MAX(0,$E15-MAX(0,SUMIFS(Тех_Движение!$G$2:$G$5111,Тех_Движение!$D$2:$D$5111,$C15,Тех_Движение!$B$2:$B$5111,"<="&P$3)-$F15))) -> 0 | Q15: =IF(OR($B15="",Q$3<$D15+Настройки!$B$7),0,MAX(0,$E15-MAX(0,SUMIFS(Тех_Движение!$G$2:$G$5111,Тех_Движение!$D$2:$D$5111,$C15,Тех_Движение!$B$2:$B$5111,"<="&Q$3)-$F15))) -> 0 | R15: =IF($B15="","",SUM($K15:$Q15)) -> 0 | S15: =IF($B15="","",VLOOKUP($C15,Настройки!$A$11:$L$17,9,FALSE)) -> 5 | T15: =IF($B15="","",$R15*$S15) -> 0
A16: =Тех_Движение!$A$13 -> 12 | B16: =IF(Тех_Движение!$F$13>0,Тех_Движение!$I$13,"") | C16: =IF($B16="","",Тех_Движение!$D$13) | D16: =IF($B16="","",Тех_Движение!$B$13) | E16: =IF($B16="","",Тех_Движение!$F$13) | F16: =IF($B16="","",SUMIFS($E$5:$E15,$C$5:$C15,$C16)) | G16: =IF($B16="","",MAX(0,$E16-MAX(0,SUMIFS(Тех_Движение!$G$2:$G$5111,Тех_Движение!$D$2:$D$5111,$C16,Тех_Движение!$B$2:$B$5111,"<="&Настройки!$B$5-1)-$F16))) | H16: =IF($B16="","",IF(AND($D16>=Настройки!$B$5,$D16<=Настройки!$B$6),$E16,0)) | I16: =IF($B16="","",$G16+$H16-$J16) | J16: =IF($B16="","",MAX(0,$E16-MAX(0,SUMIFS(Тех_Движение!$G$2:$G$5111,Тех_Движение!$D$2:$D$5111,$C16,Тех_Движение!$B$2:$B$5111,"<="&Настройки!$B$6)-$F16))) | K16: =IF(OR($B16="",K$3<$D16+Настройки!$B$7),0,MAX(0,$E16-MAX(0,SUMIFS(Тех_Движение!$G$2:$G$5111,Тех_Движение!$D$2:$D$5111,$C16,Тех_Движение!$B$2:$B$5111,"<="&K$3)-$F16))) -> #VALUE! | L16: =IF(OR($B16="",L$3<$D16+Настройки!$B$7),0,MAX(0,$E16-MAX(0,SUMIFS(Тех_Движение!$G$2:$G$5111,Тех_Движение!$D$2:$D$5111,$C16,Тех_Движение!$B$2:$B$5111,"<="&L$3)-$F16))) -> #VALUE! | M16: =IF(OR($B16="",M$3<$D16+Настройки!$B$7),0,MAX(0,$E16-MAX(0,SUMIFS(Тех_Движение!$G$2:$G$5111,Тех_Движение!$D$2:$D$5111,$C16,Тех_Движение!$B$2:$B$5111,"<="&M$3)-$F16))) -> #VALUE! | N16: =IF(OR($B16="",N$3<$D16+Настройки!$B$7),0,MAX(0,$E16-MAX(0,SUMIFS(Тех_Движение!$G$2:$G$5111,Тех_Движение!$D$2:$D$5111,$C16,Тех_Движение!$B$2:$B$5111,"<="&N$3)-$F16))) -> #VALUE! | O16: =IF(OR($B16="",O$3<$D16+Настройки!$B$7),0,MAX(0,$E16-MAX(0,SUMIFS(Тех_Движение!$G$2:$G$5111,Тех_Движение!$D$2:$D$5111,$C16,Тех_Движение!$B$2:$B$5111,"<="&O$3)-$F16))) -> #VALUE! | P16: =IF(OR($B16="",P$3<$D16+Настройки!$B$7),0,MAX(0,$E16-MAX(0,SUMIFS(Тех_Движение!$G$2:$G$5111,Тех_Движение!$D$2:$D$5111,$C16,Тех_Движение!$B$2:$B$5111,"<="&P$3)-$F16))) -> #VALUE! | Q16: =IF(OR($B16="",Q$3<$D16+Настройки!$B$7),0,MAX(0,$E16-MAX(0,SUMIFS(Тех_Движение!$G$2:$G$5111,Тех_Движение!$D$2:$D$5111,$C16,Тех_Движение!$B$2:$B$5111,"<="&Q$3)-$F16))) -> #VALUE! | R16: =IF($B16="","",SUM($K16:$Q16)) | S16: =IF($B16="","",VLOOKUP($C16,Настройки!$A$11:$L$17,9,FALSE)) | T16: =IF($B16="","",$R16*$S16)
A17: =Тех_Движение!$A$14 -> 13 | B17: =IF(Тех_Движение!$F$14>0,Тех_Движение!$I$14,"") | C17: =IF($B17="","",Тех_Движение!$D$14) | D17: =IF($B17="","",Тех_Движение!$B$14) | E17: =IF($B17="","",Тех_Движение!$F$14) | F17: =IF($B17="","",SUMIFS($E$5:$E16,$C$5:$C16,$C17)) | G17: =IF($B17="","",MAX(0,$E17-MAX(0,SUMIFS(Тех_Движение!$G$2:$G$5111,Тех_Движение!$D$2:$D$5111,$C17,Тех_Движение!$B$2:$B$5111,"<="&Настройки!$B$5-1)-$F17))) | H17: =IF($B17="","",IF(AND($D17>=Настройки!$B$5,$D17<=Настройки!$B$6),$E17,0)) | I17: =IF($B17="","",$G17+$H17-$J17) | J17: =IF($B17="","",MAX(0,$E17-MAX(0,SUMIFS(Тех_Движение!$G$2:$G$5111,Тех_Движение!$D$2:$D$5111,$C17,Тех_Движение!$B$2:$B$5111,"<="&Настройки!$B$6)-$F17))) | K17: =IF(OR($B17="",K$3<$D17+Настройки!$B$7),0,MAX(0,$E17-MAX(0,SUMIFS(Тех_Движение!$G$2:$G$5111,Тех_Движение!$D$2:$D$5111,$C17,Тех_Движение!$B$2:$B$5111,"<="&K$3)-$F17))) -> #VALUE! | L17: =IF(OR($B17="",L$3<$D17+Настройки!$B$7),0,MAX(0,$E17-MAX(0,SUMIFS(Тех_Движение!$G$2:$G$5111,Тех_Движение!$D$2:$D$5111,$C17,Тех_Движение!$B$2:$B$5111,"<="&L$3)-$F17))) -> #VALUE! | M17: =IF(OR($B17="",M$3<$D17+Настройки!$B$7),0,MAX(0,$E17-MAX(0,SUMIFS(Тех_Движение!$G$2:$G$5111,Тех_Движение!$D$2:$D$5111,$C17,Тех_Движение!$B$2:$B$5111,"<="&M$3)-$F17))) -> #VALUE! | N17: =IF(OR($B17="",N$3<$D17+Настройки!$B$7),0,MAX(0,$E17-MAX(0,SUMIFS(Тех_Движение!$G$2:$G$5111,Тех_Движение!$D$2:$D$5111,$C17,Тех_Движение!$B$2:$B$5111,"<="&N$3)-$F17))) -> #VALUE! | O17: =IF(OR($B17="",O$3<$D17+Настройки!$B$7),0,MAX(0,$E17-MAX(0,SUMIFS(Тех_Движение!$G$2:$G$5111,Тех_Движение!$D$2:$D$5111,$C17,Тех_Движение!$B$2:$B$5111,"<="&O$3)-$F17))) -> #VALUE! | P17: =IF(OR($B17="",P$3<$D17+Настройки!$B$7),0,MAX(0,$E17-MAX(0,SUMIFS(Тех_Движение!$G$2:$G$5111,Тех_Движение!$D$2:$D$5111,$C17,Тех_Движение!$B$2:$B$5111,"<="&P$3)-$F17))) -> #VALUE! | Q17: =IF(OR($B17="",Q$3<$D17+Настройки!$B$7),0,MAX(0,$E17-MAX(0,SUMIFS(Тех_Движение!$G$2:$G$5111,Тех_Движение!$D$2:$D$5111,$C17,Тех_Движение!$B$2:$B$5111,"<="&Q$3)-$F17))) -> #VALUE! | R17: =IF($B17="","",SUM($K17:$Q17)) | S17: =IF($B17="","",VLOOKUP($C17,Настройки!$A$11:$L$17,9,FALSE)) | T17: =IF($B17="","",$R17*$S17)
A18: =Тех_Движение!$A$15 -> 14 | B18: =IF(Тех_Движение!$F$15>0,Тех_Движение!$I$15,"") | C18: =IF($B18="","",Тех_Движение!$D$15) | D18: =IF($B18="","",Тех_Движение!$B$15) | E18: =IF($B18="","",Тех_Движение!$F$15) | F18: =IF($B18="","",SUMIFS($E$5:$E17,$C$5:$C17,$C18)) | G18: =IF($B18="","",MAX(0,$E18-MAX(0,SUMIFS(Тех_Движение!$G$2:$G$5111,Тех_Движение!$D$2:$D$5111,$C18,Тех_Движение!$B$2:$B$5111,"<="&Настройки!$B$5-1)-$F18))) | H18: =IF($B18="","",IF(AND($D18>=Настройки!$B$5,$D18<=Настройки!$B$6),$E18,0)) | I18: =IF($B18="","",$G18+$H18-$J18) | J18: =IF($B18="","",MAX(0,$E18-MAX(0,SUMIFS(Тех_Движение!$G$2:$G$5111,Тех_Движение!$D$2:$D$5111,$C18,Тех_Движение!$B$2:$B$5111,"<="&Настройки!$B$6)-$F18))) | K18: =IF(OR($B18="",K$3<$D18+Настройки!$B$7),0,MAX(0,$E18-MAX(0,SUMIFS(Тех_Движение!$G$2:$G$5111,Тех_Движение!$D$2:$D$5111,$C18,Тех_Движение!$B$2:$B$5111,"<="&K$3)-$F18))) -> #VALUE! | L18: =IF(OR($B18="",L$3<$D18+Настройки!$B$7),0,MAX(0,$E18-MAX(0,SUMIFS(Тех_Движение!$G$2:$G$5111,Тех_Движение!$D$2:$D$5111,$C18,Тех_Движение!$B$2:$B$5111,"<="&L$3)-$F18))) -> #VALUE! | M18: =IF(OR($B18="",M$3<$D18+Настройки!$B$7),0,MAX(0,$E18-MAX(0,SUMIFS(Тех_Движение!$G$2:$G$5111,Тех_Движение!$D$2:$D$5111,$C18,Тех_Движение!$B$2:$B$5111,"<="&M$3)-$F18))) -> #VALUE! | N18: =IF(OR($B18="",N$3<$D18+Настройки!$B$7),0,MAX(0,$E18-MAX(0,SUMIFS(Тех_Движение!$G$2:$G$5111,Тех_Движение!$D$2:$D$5111,$C18,Тех_Движение!$B$2:$B$5111,"<="&N$3)-$F18))) -> #VALUE! | O18: =IF(OR($B18="",O$3<$D18+Настройки!$B$7),0,MAX(0,$E18-MAX(0,SUMIFS(Тех_Движение!$G$2:$G$5111,Тех_Движение!$D$2:$D$5111,$C18,Тех_Движение!$B$2:$B$5111,"<="&O$3)-$F18))) -> #VALUE! | P18: =IF(OR($B18="",P$3<$D18+Настройки!$B$7),0,MAX(0,$E18-MAX(0,SUMIFS(Тех_Движение!$G$2:$G$5111,Тех_Движение!$D$2:$D$5111,$C18,Тех_Движение!$B$2:$B$5111,"<="&P$3)-$F18))) -> #VALUE! | Q18: =IF(OR($B18="",Q$3<$D18+Настройки!$B$7),0,MAX(0,$E18-MAX(0,SUMIFS(Тех_Движение!$G$2:$G$5111,Тех_Движение!$D$2:$D$5111,$C18,Тех_Движение!$B$2:$B$5111,"<="&Q$3)-$F18))) -> #VALUE! | R18: =IF($B18="","",SUM($K18:$Q18)) | S18: =IF($B18="","",VLOOKUP($C18,Настройки!$A$11:$L$17,9,FALSE)) | T18: =IF($B18="","",$R18*$S18)
A19: =Тех_Движение!$A$16 -> 15 | B19: =IF(Тех_Движение!$F$16>0,Тех_Движение!$I$16,"") | C19: =IF($B19="","",Тех_Движение!$D$16) | D19: =IF($B19="","",Тех_Движение!$B$16) | E19: =IF($B19="","",Тех_Движение!$F$16) | F19: =IF($B19="","",SUMIFS($E$5:$E18,$C$5:$C18,$C19)) | G19: =IF($B19="","",MAX(0,$E19-MAX(0,SUMIFS(Тех_Движение!$G$2:$G$5111,Тех_Движение!$D$2:$D$5111,$C19,Тех_Движение!$B$2:$B$5111,"<="&Настройки!$B$5-1)-$F19))) | H19: =IF($B19="","",IF(AND($D19>=Настройки!$B$5,$D19<=Настройки!$B$6),$E19,0)) | I19: =IF($B19="","",$G19+$H19-$J19) | J19: =IF($B19="","",MAX(0,$E19-MAX(0,SUMIFS(Тех_Движение!$G$2:$G$5111,Тех_Движение!$D$2:$D$5111,$C19,Тех_Движение!$B$2:$B$5111,"<="&Настройки!$B$6)-$F19))) | K19: =IF(OR($B19="",K$3<$D19+Настройки!$B$7),0,MAX(0,$E19-MAX(0,SUMIFS(Тех_Движение!$G$2:$G$5111,Тех_Движение!$D$2:$D$5111,$C19,Тех_Движение!$B$2:$B$5111,"<="&K$3)-$F19))) -> #VALUE! | L19: =IF(OR($B19="",L$3<$D19+Настройки!$B$7),0,MAX(0,$E19-MAX(0,SUMIFS(Тех_Движение!$G$2:$G$5111,Тех_Движение!$D$2:$D$5111,$C19,Тех_Движение!$B$2:$B$5111,"<="&L$3)-$F19))) -> #VALUE! | M19: =IF(OR($B19="",M$3<$D19+Настройки!$B$7),0,MAX(0,$E19-MAX(0,SUMIFS(Тех_Движение!$G$2:$G$5111,Тех_Движение!$D$2:$D$5111,$C19,Тех_Движение!$B$2:$B$5111,"<="&M$3)-$F19))) -> #VALUE! | N19: =IF(OR($B19="",N$3<$D19+Настройки!$B$7),0,MAX(0,$E19-MAX(0,SUMIFS(Тех_Движение!$G$2:$G$5111,Тех_Движение!$D$2:$D$5111,$C19,Тех_Движение!$B$2:$B$5111,"<="&N$3)-$F19))) -> #VALUE! | O19: =IF(OR($B19="",O$3<$D19+Настройки!$B$7),0,MAX(0,$E19-MAX(0,SUMIFS(Тех_Движение!$G$2:$G$5111,Тех_Движение!$D$2:$D$5111,$C19,Тех_Движение!$B$2:$B$5111,"<="&O$3)-$F19))) -> #VALUE! | P19: =IF(OR($B19="",P$3<$D19+Настройки!$B$7),0,MAX(0,$E19-MAX(0,SUMIFS(Тех_Движение!$G$2:$G$5111,Тех_Движение!$D$2:$D$5111,$C19,Тех_Движение!$B$2:$B$5111,"<="&P$3)-$F19))) -> #VALUE! | Q19: =IF(OR($B19="",Q$3<$D19+Настройки!$B$7),0,MAX(0,$E19-MAX(0,SUMIFS(Тех_Движение!$G$2:$G$5111,Тех_Движение!$D$2:$D$5111,$C19,Тех_Движение!$B$2:$B$5111,"<="&Q$3)-$F19))) -> #VALUE! | R19: =IF($B19="","",SUM($K19:$Q19)) | S19: =IF($B19="","",VLOOKUP($C19,Настройки!$A$11:$L$17,9,FALSE)) | T19: =IF($B19="","",$R19*$S19)
A20: =Тех_Движение!$A$17 -> 16 | B20: =IF(Тех_Движение!$F$17>0,Тех_Движение!$I$17,"") | C20: =IF($B20="","",Тех_Движение!$D$17) | D20: =IF($B20="","",Тех_Движение!$B$17) | E20: =IF($B20="","",Тех_Движение!$F$17) | F20: =IF($B20="","",SUMIFS($E$5:$E19,$C$5:$C19,$C20)) | G20: =IF($B20="","",MAX(0,$E20-MAX(0,SUMIFS(Тех_Движение!$G$2:$G$5111,Тех_Движение!$D$2:$D$5111,$C20,Тех_Движение!$B$2:$B$5111,"<="&Настройки!$B$5-1)-$F20))) | H20: =IF($B20="","",IF(AND($D20>=Настройки!$B$5,$D20<=Настройки!$B$6),$E20,0)) | I20: =IF($B20="","",$G20+$H20-$J20) | J20: =IF($B20="","",MAX(0,$E20-MAX(0,SUMIFS(Тех_Движение!$G$2:$G$5111,Тех_Движение!$D$2:$D$5111,$C20,Тех_Движение!$B$2:$B$5111,"<="&Настройки!$B$6)-$F20))) | K20: =IF(OR($B20="",K$3<$D20+Настройки!$B$7),0,MAX(0,$E20-MAX(0,SUMIFS(Тех_Движение!$G$2:$G$5111,Тех_Движение!$D$2:$D$5111,$C20,Тех_Движение!$B$2:$B$5111,"<="&K$3)-$F20))) -> #VALUE! | L20: =IF(OR($B20="",L$3<$D20+Настройки!$B$7),0,MAX(0,$E20-MAX(0,SUMIFS(Тех_Движение!$G$2:$G$5111,Тех_Движение!$D$2:$D$5111,$C20,Тех_Движение!$B$2:$B$5111,"<="&L$3)-$F20))) -> #VALUE! | M20: =IF(OR($B20="",M$3<$D20+Настройки!$B$7),0,MAX(0,$E20-MAX(0,SUMIFS(Тех_Движение!$G$2:$G$5111,Тех_Движение!$D$2:$D$5111,$C20,Тех_Движение!$B$2:$B$5111,"<="&M$3)-$F20))) -> #VALUE! | N20: =IF(OR($B20="",N$3<$D20+Настройки!$B$7),0,MAX(0,$E20-MAX(0,SUMIFS(Тех_Движение!$G$2:$G$5111,Тех_Движение!$D$2:$D$5111,$C20,Тех_Движение!$B$2:$B$5111,"<="&N$3)-$F20))) -> #VALUE! | O20: =IF(OR($B20="",O$3<$D20+Настройки!$B$7),0,MAX(0,$E20-MAX(0,SUMIFS(Тех_Движение!$G$2:$G$5111,Тех_Движение!$D$2:$D$5111,$C20,Тех_Движение!$B$2:$B$5111,"<="&O$3)-$F20))) -> #VALUE! | P20: =IF(OR($B20="",P$3<$D20+Настройки!$B$7),0,MAX(0,$E20-MAX(0,SUMIFS(Тех_Движение!$G$2:$G$5111,Тех_Движение!$D$2:$D$5111,$C20,Тех_Движение!$B$2:$B$5111,"<="&P$3)-$F20))) -> #VALUE! | Q20: =IF(OR($B20="",Q$3<$D20+Настройки!$B$7),0,MAX(0,$E20-MAX(0,SUMIFS(Тех_Движение!$G$2:$G$5111,Тех_Движение!$D$2:$D$5111,$C20,Тех_Движение!$B$2:$B$5111,"<="&Q$3)-$F20))) -> #VALUE! | R20: =IF($B20="","",SUM($K20:$Q20)) | S20: =IF($B20="","",VLOOKUP($C20,Настройки!$A$11:$L$17,9,FALSE)) | T20: =IF($B20="","",$R20*$S20)
A21: =Тех_Движение!$A$18 -> 17 | B21: =IF(Тех_Движение!$F$18>0,Тех_Движение!$I$18,"") -> dd.mm_Г 1800 | C21: =IF($B21="","",Тех_Движение!$D$18) -> Г 1800 | D21: =IF($B21="","",Тех_Движение!$B$18) -> 46243 | E21: =IF($B21="","",Тех_Движение!$F$18) -> 10 | F21: =IF($B21="","",SUMIFS($E$5:$E20,$C$5:$C20,$C21)) -> 9 | G21: =IF($B21="","",MAX(0,$E21-MAX(0,SUMIFS(Тех_Движение!$G$2:$G$5111,Тех_Движение!$D$2:$D$5111,$C21,Тех_Движение!$B$2:$B$5111,"<="&Настройки!$B$5-1)-$F21))) -> 0 | H21: =IF($B21="","",IF(AND($D21>=Настройки!$B$5,$D21<=Настройки!$B$6),$E21,0)) -> 0 | I21: =IF($B21="","",$G21+$H21-$J21) -> 0 | J21: =IF($B21="","",MAX(0,$E21-MAX(0,SUMIFS(Тех_Движение!$G$2:$G$5111,Тех_Движение!$D$2:$D$5111,$C21,Тех_Движение!$B$2:$B$5111,"<="&Настройки!$B$6)-$F21))) -> 0 | K21: =IF(OR($B21="",K$3<$D21+Настройки!$B$7),0,MAX(0,$E21-MAX(0,SUMIFS(Тех_Движение!$G$2:$G$5111,Тех_Движение!$D$2:$D$5111,$C21,Тех_Движение!$B$2:$B$5111,"<="&K$3)-$F21))) -> 0 | L21: =IF(OR($B21="",L$3<$D21+Настройки!$B$7),0,MAX(0,$E21-MAX(0,SUMIFS(Тех_Движение!$G$2:$G$5111,Тех_Движение!$D$2:$D$5111,$C21,Тех_Движение!$B$2:$B$5111,"<="&L$3)-$F21))) -> 0 | M21: =IF(OR($B21="",M$3<$D21+Настройки!$B$7),0,MAX(0,$E21-MAX(0,SUMIFS(Тех_Движение!$G$2:$G$5111,Тех_Движение!$D$2:$D$5111,$C21,Тех_Движение!$B$2:$B$5111,"<="&M$3)-$F21))) -> 0 | N21: =IF(OR($B21="",N$3<$D21+Настройки!$B$7),0,MAX(0,$E21-MAX(0,SUMIFS(Тех_Движение!$G$2:$G$5111,Тех_Движение!$D$2:$D$5111,$C21,Тех_Движение!$B$2:$B$5111,"<="&N$3)-$F21))) -> 0 | O21: =IF(OR($B21="",O$3<$D21+Настройки!$B$7),0,MAX(0,$E21-MAX(0,SUMIFS(Тех_Движение!$G$2:$G$5111,Тех_Движение!$D$2:$D$5111,$C21,Тех_Движение!$B$2:$B$5111,"<="&O$3)-$F21))) -> 0 | P21: =IF(OR($B21="",P$3<$D21+Настройки!$B$7),0,MAX(0,$E21-MAX(0,SUMIFS(Тех_Движение!$G$2:$G$5111,Тех_Движение!$D$2:$D$5111,$C21,Тех_Движение!$B$2:$B$5111,"<="&P$3)-$F21))) -> 0 | Q21: =IF(OR($B21="",Q$3<$D21+Настройки!$B$7),0,MAX(0,$E21-MAX(0,SUMIFS(Тех_Движение!$G$2:$G$5111,Тех_Движение!$D$2:$D$5111,$C21,Тех_Движение!$B$2:$B$5111,"<="&Q$3)-$F21))) -> 0 | R21: =IF($B21="","",SUM($K21:$Q21)) -> 0 | S21: =IF($B21="","",VLOOKUP($C21,Настройки!$A$11:$L$17,9,FALSE)) -> 5 | T21: =IF($B21="","",$R21*$S21) -> 0
A22: =Тех_Движение!$A$19 -> 18 | B22: =IF(Тех_Движение!$F$19>0,Тех_Движение!$I$19,"") -> dd.mm_Г 3500 | C22: =IF($B22="","",Тех_Движение!$D$19) -> Г 3500 | D22: =IF($B22="","",Тех_Движение!$B$19) -> 46243 | E22: =IF($B22="","",Тех_Движение!$F$19) -> 2 | F22: =IF($B22="","",SUMIFS($E$5:$E21,$C$5:$C21,$C22)) -> 2 | G22: =IF($B22="","",MAX(0,$E22-MAX(0,SUMIFS(Тех_Движение!$G$2:$G$5111,Тех_Движение!$D$2:$D$5111,$C22,Тех_Движение!$B$2:$B$5111,"<="&Настройки!$B$5-1)-$F22))) -> 0 | H22: =IF($B22="","",IF(AND($D22>=Настройки!$B$5,$D22<=Настройки!$B$6),$E22,0)) -> 0 | I22: =IF($B22="","",$G22+$H22-$J22) -> 0 | J22: =IF($B22="","",MAX(0,$E22-MAX(0,SUMIFS(Тех_Движение!$G$2:$G$5111,Тех_Движение!$D$2:$D$5111,$C22,Тех_Движение!$B$2:$B$5111,"<="&Настройки!$B$6)-$F22))) -> 0 | K22: =IF(OR($B22="",K$3<$D22+Настройки!$B$7),0,MAX(0,$E22-MAX(0,SUMIFS(Тех_Движение!$G$2:$G$5111,Тех_Движение!$D$2:$D$5111,$C22,Тех_Движение!$B$2:$B$5111,"<="&K$3)-$F22))) -> 0 | L22: =IF(OR($B22="",L$3<$D22+Настройки!$B$7),0,MAX(0,$E22-MAX(0,SUMIFS(Тех_Движение!$G$2:$G$5111,Тех_Движение!$D$2:$D$5111,$C22,Тех_Движение!$B$2:$B$5111,"<="&L$3)-$F22))) -> 0 | M22: =IF(OR($B22="",M$3<$D22+Настройки!$B$7),0,MAX(0,$E22-MAX(0,SUMIFS(Тех_Движение!$G$2:$G$5111,Тех_Движение!$D$2:$D$5111,$C22,Тех_Движение!$B$2:$B$5111,"<="&M$3)-$F22))) -> 0 | N22: =IF(OR($B22="",N$3<$D22+Настройки!$B$7),0,MAX(0,$E22-MAX(0,SUMIFS(Тех_Движение!$G$2:$G$5111,Тех_Движение!$D$2:$D$5111,$C22,Тех_Движение!$B$2:$B$5111,"<="&N$3)-$F22))) -> 0 | O22: =IF(OR($B22="",O$3<$D22+Настройки!$B$7),0,MAX(0,$E22-MAX(0,SUMIFS(Тех_Движение!$G$2:$G$5111,Тех_Движение!$D$2:$D$5111,$C22,Тех_Движение!$B$2:$B$5111,"<="&O$3)-$F22))) -> 0 | P22: =IF(OR($B22="",P$3<$D22+Настройки!$B$7),0,MAX(0,$E22-MAX(0,SUMIFS(Тех_Движение!$G$2:$G$5111,Тех_Движение!$D$2:$D$5111,$C22,Тех_Движение!$B$2:$B$5111,"<="&P$3)-$F22))) -> 0 | Q22: =IF(OR($B22="",Q$3<$D22+Настройки!$B$7),0,MAX(0,$E22-MAX(0,SUMIFS(Тех_Движение!$G$2:$G$5111,Тех_Движение!$D$2:$D$5111,$C22,Тех_Движение!$B$2:$B$5111,"<="&Q$3)-$F22))) -> 0 | R22: =IF($B22="","",SUM($K22:$Q22)) -> 0 | S22: =IF($B22="","",VLOOKUP($C22,Настройки!$A$11:$L$17,9,FALSE)) -> 5 | T22: =IF($B22="","",$R22*$S22) -> 0
A23: =Тех_Движение!$A$20 -> 19 | B23: =IF(Тех_Движение!$F$20>0,Тех_Движение!$I$20,"") | C23: =IF($B23="","",Тех_Движение!$D$20) | D23: =IF($B23="","",Тех_Движение!$B$20) | E23: =IF($B23="","",Тех_Движение!$F$20) | F23: =IF($B23="","",SUMIFS($E$5:$E22,$C$5:$C22,$C23)) | G23: =IF($B23="","",MAX(0,$E23-MAX(0,SUMIFS(Тех_Движение!$G$2:$G$5111,Тех_Движение!$D$2:$D$5111,$C23,Тех_Движение!$B$2:$B$5111,"<="&Настройки!$B$5-1)-$F23))) | H23: =IF($B23="","",IF(AND($D23>=Настройки!$B$5,$D23<=Настройки!$B$6),$E23,0)) | I23: =IF($B23="","",$G23+$H23-$J23) | J23: =IF($B23="","",MAX(0,$E23-MAX(0,SUMIFS(Тех_Движение!$G$2:$G$5111,Тех_Движение!$D$2:$D$5111,$C23,Тех_Движение!$B$2:$B$5111,"<="&Настройки!$B$6)-$F23))) | K23: =IF(OR($B23="",K$3<$D23+Настройки!$B$7),0,MAX(0,$E23-MAX(0,SUMIFS(Тех_Движение!$G$2:$G$5111,Тех_Движение!$D$2:$D$5111,$C23,Тех_Движение!$B$2:$B$5111,"<="&K$3)-$F23))) -> #VALUE! | L23: =IF(OR($B23="",L$3<$D23+Настройки!$B$7),0,MAX(0,$E23-MAX(0,SUMIFS(Тех_Движение!$G$2:$G$5111,Тех_Движение!$D$2:$D$5111,$C23,Тех_Движение!$B$2:$B$5111,"<="&L$3)-$F23))) -> #VALUE! | M23: =IF(OR($B23="",M$3<$D23+Настройки!$B$7),0,MAX(0,$E23-MAX(0,SUMIFS(Тех_Движение!$G$2:$G$5111,Тех_Движение!$D$2:$D$5111,$C23,Тех_Движение!$B$2:$B$5111,"<="&M$3)-$F23))) -> #VALUE! | N23: =IF(OR($B23="",N$3<$D23+Настройки!$B$7),0,MAX(0,$E23-MAX(0,SUMIFS(Тех_Движение!$G$2:$G$5111,Тех_Движение!$D$2:$D$5111,$C23,Тех_Движение!$B$2:$B$5111,"<="&N$3)-$F23))) -> #VALUE! | O23: =IF(OR($B23="",O$3<$D23+Настройки!$B$7),0,MAX(0,$E23-MAX(0,SUMIFS(Тех_Движение!$G$2:$G$5111,Тех_Движение!$D$2:$D$5111,$C23,Тех_Движение!$B$2:$B$5111,"<="&O$3)-$F23))) -> #VALUE! | P23: =IF(OR($B23="",P$3<$D23+Настройки!$B$7),0,MAX(0,$E23-MAX(0,SUMIFS(Тех_Движение!$G$2:$G$5111,Тех_Движение!$D$2:$D$5111,$C23,Тех_Движение!$B$2:$B$5111,"<="&P$3)-$F23))) -> #VALUE! | Q23: =IF(OR($B23="",Q$3<$D23+Настройки!$B$7),0,MAX(0,$E23-MAX(0,SUMIFS(Тех_Движение!$G$2:$G$5111,Тех_Движение!$D$2:$D$5111,$C23,Тех_Движение!$B$2:$B$5111,"<="&Q$3)-$F23))) -> #VALUE! | R23: =IF($B23="","",SUM($K23:$Q23)) | S23: =IF($B23="","",VLOOKUP($C23,Настройки!$A$11:$L$17,9,FALSE)) | T23: =IF($B23="","",$R23*$S23)
A24: =Тех_Движение!$A$21 -> 20 | B24: =IF(Тех_Движение!$F$21>0,Тех_Движение!$I$21,"") -> dd.mm_Ми-К | C24: =IF($B24="","",Тех_Движение!$D$21) -> Ми-К | D24: =IF($B24="","",Тех_Движение!$B$21) -> 46243 | E24: =IF($B24="","",Тех_Движение!$F$21) -> 10 | F24: =IF($B24="","",SUMIFS($E$5:$E23,$C$5:$C23,$C24)) -> 10 | G24: =IF($B24="","",MAX(0,$E24-MAX(0,SUMIFS(Тех_Движение!$G$2:$G$5111,Тех_Движение!$D$2:$D$5111,$C24,Тех_Движение!$B$2:$B$5111,"<="&Настройки!$B$5-1)-$F24))) -> 0 | H24: =IF($B24="","",IF(AND($D24>=Настройки!$B$5,$D24<=Настройки!$B$6),$E24,0)) -> 0 | I24: =IF($B24="","",$G24+$H24-$J24) -> 0 | J24: =IF($B24="","",MAX(0,$E24-MAX(0,SUMIFS(Тех_Движение!$G$2:$G$5111,Тех_Движение!$D$2:$D$5111,$C24,Тех_Движение!$B$2:$B$5111,"<="&Настройки!$B$6)-$F24))) -> 0 | K24: =IF(OR($B24="",K$3<$D24+Настройки!$B$7),0,MAX(0,$E24-MAX(0,SUMIFS(Тех_Движение!$G$2:$G$5111,Тех_Движение!$D$2:$D$5111,$C24,Тех_Движение!$B$2:$B$5111,"<="&K$3)-$F24))) -> 0 | L24: =IF(OR($B24="",L$3<$D24+Настройки!$B$7),0,MAX(0,$E24-MAX(0,SUMIFS(Тех_Движение!$G$2:$G$5111,Тех_Движение!$D$2:$D$5111,$C24,Тех_Движение!$B$2:$B$5111,"<="&L$3)-$F24))) -> 0 | M24: =IF(OR($B24="",M$3<$D24+Настройки!$B$7),0,MAX(0,$E24-MAX(0,SUMIFS(Тех_Движение!$G$2:$G$5111,Тех_Движение!$D$2:$D$5111,$C24,Тех_Движение!$B$2:$B$5111,"<="&M$3)-$F24))) -> 0 | N24: =IF(OR($B24="",N$3<$D24+Настройки!$B$7),0,MAX(0,$E24-MAX(0,SUMIFS(Тех_Движение!$G$2:$G$5111,Тех_Движение!$D$2:$D$5111,$C24,Тех_Движение!$B$2:$B$5111,"<="&N$3)-$F24))) -> 0 | O24: =IF(OR($B24="",O$3<$D24+Настройки!$B$7),0,MAX(0,$E24-MAX(0,SUMIFS(Тех_Движение!$G$2:$G$5111,Тех_Движение!$D$2:$D$5111,$C24,Тех_Движение!$B$2:$B$5111,"<="&O$3)-$F24))) -> 0 | P24: =IF(OR($B24="",P$3<$D24+Настройки!$B$7),0,MAX(0,$E24-MAX(0,SUMIFS(Тех_Движение!$G$2:$G$5111,Тех_Движение!$D$2:$D$5111,$C24,Тех_Движение!$B$2:$B$5111,"<="&P$3)-$F24))) -> 0 | Q24: =IF(OR($B24="",Q$3<$D24+Настройки!$B$7),0,MAX(0,$E24-MAX(0,SUMIFS(Тех_Движение!$G$2:$G$5111,Тех_Движение!$D$2:$D$5111,$C24,Тех_Движение!$B$2:$B$5111,"<="&Q$3)-$F24))) -> 0 | R24: =IF($B24="","",SUM($K24:$Q24)) -> 0 | S24: =IF($B24="","",VLOOKUP($C24,Настройки!$A$11:$L$17,9,FALSE)) -> 1.3636364 | T24: =IF($B24="","",$R24*$S24) -> 0
A25: =Тех_Движение!$A$22 -> 21 | B25: =IF(Тех_Движение!$F$22>0,Тех_Движение!$I$22,"") | C25: =IF($B25="","",Тех_Движение!$D$22) | D25: =IF($B25="","",Тех_Движение!$B$22) | E25: =IF($B25="","",Тех_Движение!$F$22) | F25: =IF($B25="","",SUMIFS($E$5:$E24,$C$5:$C24,$C25)) | G25: =IF($B25="","",MAX(0,$E25-MAX(0,SUMIFS(Тех_Движение!$G$2:$G$5111,Тех_Движение!$D$2:$D$5111,$C25,Тех_Движение!$B$2:$B$5111,"<="&Настройки!$B$5-1)-$F25))) | H25: =IF($B25="","",IF(AND($D25>=Настройки!$B$5,$D25<=Настройки!$B$6),$E25,0)) | I25: =IF($B25="","",$G25+$H25-$J25) | J25: =IF($B25="","",MAX(0,$E25-MAX(0,SUMIFS(Тех_Движение!$G$2:$G$5111,Тех_Движение!$D$2:$D$5111,$C25,Тех_Движение!$B$2:$B$5111,"<="&Настройки!$B$6)-$F25))) | K25: =IF(OR($B25="",K$3<$D25+Настройки!$B$7),0,MAX(0,$E25-MAX(0,SUMIFS(Тех_Движение!$G$2:$G$5111,Тех_Движение!$D$2:$D$5111,$C25,Тех_Движение!$B$2:$B$5111,"<="&K$3)-$F25))) -> #VALUE! | L25: =IF(OR($B25="",L$3<$D25+Настройки!$B$7),0,MAX(0,$E25-MAX(0,SUMIFS(Тех_Движение!$G$2:$G$5111,Тех_Движение!$D$2:$D$5111,$C25,Тех_Движение!$B$2:$B$5111,"<="&L$3)-$F25))) -> #VALUE! | M25: =IF(OR($B25="",M$3<$D25+Настройки!$B$7),0,MAX(0,$E25-MAX(0,SUMIFS(Тех_Движение!$G$2:$G$5111,Тех_Движение!$D$2:$D$5111,$C25,Тех_Движение!$B$2:$B$5111,"<="&M$3)-$F25))) -> #VALUE! | N25: =IF(OR($B25="",N$3<$D25+Настройки!$B$7),0,MAX(0,$E25-MAX(0,SUMIFS(Тех_Движение!$G$2:$G$5111,Тех_Движение!$D$2:$D$5111,$C25,Тех_Движение!$B$2:$B$5111,"<="&N$3)-$F25))) -> #VALUE! | O25: =IF(OR($B25="",O$3<$D25+Настройки!$B$7),0,MAX(0,$E25-MAX(0,SUMIFS(Тех_Движение!$G$2:$G$5111,Тех_Движение!$D$2:$D$5111,$C25,Тех_Движение!$B$2:$B$5111,"<="&O$3)-$F25))) -> #VALUE! | P25: =IF(OR($B25="",P$3<$D25+Настройки!$B$7),0,MAX(0,$E25-MAX(0,SUMIFS(Тех_Движение!$G$2:$G$5111,Тех_Движение!$D$2:$D$5111,$C25,Тех_Движение!$B$2:$B$5111,"<="&P$3)-$F25))) -> #VALUE! | Q25: =IF(OR($B25="",Q$3<$D25+Настройки!$B$7),0,MAX(0,$E25-MAX(0,SUMIFS(Тех_Движение!$G$2:$G$5111,Тех_Движение!$D$2:$D$5111,$C25,Тех_Движение!$B$2:$B$5111,"<="&Q$3)-$F25))) -> #VALUE! | R25: =IF($B25="","",SUM($K25:$Q25)) | S25: =IF($B25="","",VLOOKUP($C25,Настройки!$A$11:$L$17,9,FALSE)) | T25: =IF($B25="","",$R25*$S25)
A26: =Тех_Движение!$A$23 -> 22 | B26: =IF(Тех_Движение!$F$23>0,Тех_Движение!$I$23,"") | C26: =IF($B26="","",Тех_Движение!$D$23) | D26: =IF($B26="","",Тех_Движение!$B$23) | E26: =IF($B26="","",Тех_Движение!$F$23) | F26: =IF($B26="","",SUMIFS($E$5:$E25,$C$5:$C25,$C26)) | G26: =IF($B26="","",MAX(0,$E26-MAX(0,SUMIFS(Тех_Движение!$G$2:$G$5111,Тех_Движение!$D$2:$D$5111,$C26,Тех_Движение!$B$2:$B$5111,"<="&Настройки!$B$5-1)-$F26))) | H26: =IF($B26="","",IF(AND($D26>=Настройки!$B$5,$D26<=Настройки!$B$6),$E26,0)) | I26: =IF($B26="","",$G26+$H26-$J26) | J26: =IF($B26="","",MAX(0,$E26-MAX(0,SUMIFS(Тех_Движение!$G$2:$G$5111,Тех_Движение!$D$2:$D$5111,$C26,Тех_Движение!$B$2:$B$5111,"<="&Настройки!$B$6)-$F26))) | K26: =IF(OR($B26="",K$3<$D26+Настройки!$B$7),0,MAX(0,$E26-MAX(0,SUMIFS(Тех_Движение!$G$2:$G$5111,Тех_Движение!$D$2:$D$5111,$C26,Тех_Движение!$B$2:$B$5111,"<="&K$3)-$F26))) -> #VALUE! | L26: =IF(OR($B26="",L$3<$D26+Настройки!$B$7),0,MAX(0,$E26-MAX(0,SUMIFS(Тех_Движение!$G$2:$G$5111,Тех_Движение!$D$2:$D$5111,$C26,Тех_Движение!$B$2:$B$5111,"<="&L$3)-$F26))) -> #VALUE! | M26: =IF(OR($B26="",M$3<$D26+Настройки!$B$7),0,MAX(0,$E26-MAX(0,SUMIFS(Тех_Движение!$G$2:$G$5111,Тех_Движение!$D$2:$D$5111,$C26,Тех_Движение!$B$2:$B$5111,"<="&M$3)-$F26))) -> #VALUE! | N26: =IF(OR($B26="",N$3<$D26+Настройки!$B$7),0,MAX(0,$E26-MAX(0,SUMIFS(Тех_Движение!$G$2:$G$5111,Тех_Движение!$D$2:$D$5111,$C26,Тех_Движение!$B$2:$B$5111,"<="&N$3)-$F26))) -> #VALUE! | O26: =IF(OR($B26="",O$3<$D26+Настройки!$B$7),0,MAX(0,$E26-MAX(0,SUMIFS(Тех_Движение!$G$2:$G$5111,Тех_Движение!$D$2:$D$5111,$C26,Тех_Движение!$B$2:$B$5111,"<="&O$3)-$F26))) -> #VALUE! | P26: =IF(OR($B26="",P$3<$D26+Настройки!$B$7),0,MAX(0,$E26-MAX(0,SUMIFS(Тех_Движение!$G$2:$G$5111,Тех_Движение!$D$2:$D$5111,$C26,Тех_Движение!$B$2:$B$5111,"<="&P$3)-$F26))) -> #VALUE! | Q26: =IF(OR($B26="",Q$3<$D26+Настройки!$B$7),0,MAX(0,$E26-MAX(0,SUMIFS(Тех_Движение!$G$2:$G$5111,Тех_Движение!$D$2:$D$5111,$C26,Тех_Движение!$B$2:$B$5111,"<="&Q$3)-$F26))) -> #VALUE! | R26: =IF($B26="","",SUM($K26:$Q26)) | S26: =IF($B26="","",VLOOKUP($C26,Настройки!$A$11:$L$17,9,FALSE)) | T26: =IF($B26="","",$R26*$S26)
A27: =Тех_Движение!$A$24 -> 23 | B27: =IF(Тех_Движение!$F$24>0,Тех_Движение!$I$24,"") | C27: =IF($B27="","",Тех_Движение!$D$24) | D27: =IF($B27="","",Тех_Движение!$B$24) | E27: =IF($B27="","",Тех_Движение!$F$24) | F27: =IF($B27="","",SUMIFS($E$5:$E26,$C$5:$C26,$C27)) | G27: =IF($B27="","",MAX(0,$E27-MAX(0,SUMIFS(Тех_Движение!$G$2:$G$5111,Тех_Движение!$D$2:$D$5111,$C27,Тех_Движение!$B$2:$B$5111,"<="&Настройки!$B$5-1)-$F27))) | H27: =IF($B27="","",IF(AND($D27>=Настройки!$B$5,$D27<=Настройки!$B$6),$E27,0)) | I27: =IF($B27="","",$G27+$H27-$J27) | J27: =IF($B27="","",MAX(0,$E27-MAX(0,SUMIFS(Тех_Движение!$G$2:$G$5111,Тех_Движение!$D$2:$D$5111,$C27,Тех_Движение!$B$2:$B$5111,"<="&Настройки!$B$6)-$F27))) | K27: =IF(OR($B27="",K$3<$D27+Настройки!$B$7),0,MAX(0,$E27-MAX(0,SUMIFS(Тех_Движение!$G$2:$G$5111,Тех_Движение!$D$2:$D$5111,$C27,Тех_Движение!$B$2:$B$5111,"<="&K$3)-$F27))) -> #VALUE! | L27: =IF(OR($B27="",L$3<$D27+Настройки!$B$7),0,MAX(0,$E27-MAX(0,SUMIFS(Тех_Движение!$G$2:$G$5111,Тех_Движение!$D$2:$D$5111,$C27,Тех_Движение!$B$2:$B$5111,"<="&L$3)-$F27))) -> #VALUE! | M27: =IF(OR($B27="",M$3<$D27+Настройки!$B$7),0,MAX(0,$E27-MAX(0,SUMIFS(Тех_Движение!$G$2:$G$5111,Тех_Движение!$D$2:$D$5111,$C27,Тех_Движение!$B$2:$B$5111,"<="&M$3)-$F27))) -> #VALUE! | N27: =IF(OR($B27="",N$3<$D27+Настройки!$B$7),0,MAX(0,$E27-MAX(0,SUMIFS(Тех_Движение!$G$2:$G$5111,Тех_Движение!$D$2:$D$5111,$C27,Тех_Движение!$B$2:$B$5111,"<="&N$3)-$F27))) -> #VALUE! | O27: =IF(OR($B27="",O$3<$D27+Настройки!$B$7),0,MAX(0,$E27-MAX(0,SUMIFS(Тех_Движение!$G$2:$G$5111,Тех_Движение!$D$2:$D$5111,$C27,Тех_Движение!$B$2:$B$5111,"<="&O$3)-$F27))) -> #VALUE! | P27: =IF(OR($B27="",P$3<$D27+Настройки!$B$7),0,MAX(0,$E27-MAX(0,SUMIFS(Тех_Движение!$G$2:$G$5111,Тех_Движение!$D$2:$D$5111,$C27,Тех_Движение!$B$2:$B$5111,"<="&P$3)-$F27))) -> #VALUE! | Q27: =IF(OR($B27="",Q$3<$D27+Настройки!$B$7),0,MAX(0,$E27-MAX(0,SUMIFS(Тех_Движение!$G$2:$G$5111,Тех_Движение!$D$2:$D$5111,$C27,Тех_Движение!$B$2:$B$5111,"<="&Q$3)-$F27))) -> #VALUE! | R27: =IF($B27="","",SUM($K27:$Q27)) | S27: =IF($B27="","",VLOOKUP($C27,Настройки!$A$11:$L$17,9,FALSE)) | T27: =IF($B27="","",$R27*$S27)
A28: =Тех_Движение!$A$25 -> 24 | B28: =IF(Тех_Движение!$F$25>0,Тех_Движение!$I$25,"") | C28: =IF($B28="","",Тех_Движение!$D$25) | D28: =IF($B28="","",Тех_Движение!$B$25) | E28: =IF($B28="","",Тех_Движение!$F$25) | F28: =IF($B28="","",SUMIFS($E$5:$E27,$C$5:$C27,$C28)) | G28: =IF($B28="","",MAX(0,$E28-MAX(0,SUMIFS(Тех_Движение!$G$2:$G$5111,Тех_Движение!$D$2:$D$5111,$C28,Тех_Движение!$B$2:$B$5111,"<="&Настройки!$B$5-1)-$F28))) | H28: =IF($B28="","",IF(AND($D28>=Настройки!$B$5,$D28<=Настройки!$B$6),$E28,0)) | I28: =IF($B28="","",$G28+$H28-$J28) | J28: =IF($B28="","",MAX(0,$E28-MAX(0,SUMIFS(Тех_Движение!$G$2:$G$5111,Тех_Движение!$D$2:$D$5111,$C28,Тех_Движение!$B$2:$B$5111,"<="&Настройки!$B$6)-$F28))) | K28: =IF(OR($B28="",K$3<$D28+Настройки!$B$7),0,MAX(0,$E28-MAX(0,SUMIFS(Тех_Движение!$G$2:$G$5111,Тех_Движение!$D$2:$D$5111,$C28,Тех_Движение!$B$2:$B$5111,"<="&K$3)-$F28))) -> #VALUE! | L28: =IF(OR($B28="",L$3<$D28+Настройки!$B$7),0,MAX(0,$E28-MAX(0,SUMIFS(Тех_Движение!$G$2:$G$5111,Тех_Движение!$D$2:$D$5111,$C28,Тех_Движение!$B$2:$B$5111,"<="&L$3)-$F28))) -> #VALUE! | M28: =IF(OR($B28="",M$3<$D28+Настройки!$B$7),0,MAX(0,$E28-MAX(0,SUMIFS(Тех_Движение!$G$2:$G$5111,Тех_Движение!$D$2:$D$5111,$C28,Тех_Движение!$B$2:$B$5111,"<="&M$3)-$F28))) -> #VALUE! | N28: =IF(OR($B28="",N$3<$D28+Настройки!$B$7),0,MAX(0,$E28-MAX(0,SUMIFS(Тех_Движение!$G$2:$G$5111,Тех_Движение!$D$2:$D$5111,$C28,Тех_Движение!$B$2:$B$5111,"<="&N$3)-$F28))) -> #VALUE! | O28: =IF(OR($B28="",O$3<$D28+Настройки!$B$7),0,MAX(0,$E28-MAX(0,SUMIFS(Тех_Движение!$G$2:$G$5111,Тех_Движение!$D$2:$D$5111,$C28,Тех_Движение!$B$2:$B$5111,"<="&O$3)-$F28))) -> #VALUE! | P28: =IF(OR($B28="",P$3<$D28+Настройки!$B$7),0,MAX(0,$E28-MAX(0,SUMIFS(Тех_Движение!$G$2:$G$5111,Тех_Движение!$D$2:$D$5111,$C28,Тех_Движение!$B$2:$B$5111,"<="&P$3)-$F28))) -> #VALUE! | Q28: =IF(OR($B28="",Q$3<$D28+Настройки!$B$7),0,MAX(0,$E28-MAX(0,SUMIFS(Тех_Движение!$G$2:$G$5111,Тех_Движение!$D$2:$D$5111,$C28,Тех_Движение!$B$2:$B$5111,"<="&Q$3)-$F28))) -> #VALUE! | R28: =IF($B28="","",SUM($K28:$Q28)) | S28: =IF($B28="","",VLOOKUP($C28,Настройки!$A$11:$L$17,9,FALSE)) | T28: =IF($B28="","",$R28*$S28)
A29: =Тех_Движение!$A$26 -> 25 | B29: =IF(Тех_Движение!$F$26>0,Тех_Движение!$I$26,"") | C29: =IF($B29="","",Тех_Движение!$D$26) | D29: =IF($B29="","",Тех_Движение!$B$26) | E29: =IF($B29="","",Тех_Движение!$F$26) | F29: =IF($B29="","",SUMIFS($E$5:$E28,$C$5:$C28,$C29)) | G29: =IF($B29="","",MAX(0,$E29-MAX(0,SUMIFS(Тех_Движение!$G$2:$G$5111,Тех_Движение!$D$2:$D$5111,$C29,Тех_Движение!$B$2:$B$5111,"<="&Настройки!$B$5-1)-$F29))) | H29: =IF($B29="","",IF(AND($D29>=Настройки!$B$5,$D29<=Настройки!$B$6),$E29,0)) | I29: =IF($B29="","",$G29+$H29-$J29) | J29: =IF($B29="","",MAX(0,$E29-MAX(0,SUMIFS(Тех_Движение!$G$2:$G$5111,Тех_Движение!$D$2:$D$5111,$C29,Тех_Движение!$B$2:$B$5111,"<="&Настройки!$B$6)-$F29))) | K29: =IF(OR($B29="",K$3<$D29+Настройки!$B$7),0,MAX(0,$E29-MAX(0,SUMIFS(Тех_Движение!$G$2:$G$5111,Тех_Движение!$D$2:$D$5111,$C29,Тех_Движение!$B$2:$B$5111,"<="&K$3)-$F29))) -> #VALUE! | L29: =IF(OR($B29="",L$3<$D29+Настройки!$B$7),0,MAX(0,$E29-MAX(0,SUMIFS(Тех_Движение!$G$2:$G$5111,Тех_Движение!$D$2:$D$5111,$C29,Тех_Движение!$B$2:$B$5111,"<="&L$3)-$F29))) -> #VALUE! | M29: =IF(OR($B29="",M$3<$D29+Настройки!$B$7),0,MAX(0,$E29-MAX(0,SUMIFS(Тех_Движение!$G$2:$G$5111,Тех_Движение!$D$2:$D$5111,$C29,Тех_Движение!$B$2:$B$5111,"<="&M$3)-$F29))) -> #VALUE! | N29: =IF(OR($B29="",N$3<$D29+Настройки!$B$7),0,MAX(0,$E29-MAX(0,SUMIFS(Тех_Движение!$G$2:$G$5111,Тех_Движение!$D$2:$D$5111,$C29,Тех_Движение!$B$2:$B$5111,"<="&N$3)-$F29))) -> #VALUE! | O29: =IF(OR($B29="",O$3<$D29+Настройки!$B$7),0,MAX(0,$E29-MAX(0,SUMIFS(Тех_Движение!$G$2:$G$5111,Тех_Движение!$D$2:$D$5111,$C29,Тех_Движение!$B$2:$B$5111,"<="&O$3)-$F29))) -> #VALUE! | P29: =IF(OR($B29="",P$3<$D29+Настройки!$B$7),0,MAX(0,$E29-MAX(0,SUMIFS(Тех_Движение!$G$2:$G$5111,Тех_Движение!$D$2:$D$5111,$C29,Тех_Движение!$B$2:$B$5111,"<="&P$3)-$F29))) -> #VALUE! | Q29: =IF(OR($B29="",Q$3<$D29+Настройки!$B$7),0,MAX(0,$E29-MAX(0,SUMIFS(Тех_Движение!$G$2:$G$5111,Тех_Движение!$D$2:$D$5111,$C29,Тех_Движение!$B$2:$B$5111,"<="&Q$3)-$F29))) -> #VALUE! | R29: =IF($B29="","",SUM($K29:$Q29)) | S29: =IF($B29="","",VLOOKUP($C29,Настройки!$A$11:$L$17,9,FALSE)) | T29: =IF($B29="","",$R29*$S29)
A30: =Тех_Движение!$A$27 -> 26 | B30: =IF(Тех_Движение!$F$27>0,Тех_Движение!$I$27,"") | C30: =IF($B30="","",Тех_Движение!$D$27) | D30: =IF($B30="","",Тех_Движение!$B$27) | E30: =IF($B30="","",Тех_Движение!$F$27) | F30: =IF($B30="","",SUMIFS($E$5:$E29,$C$5:$C29,$C30)) | G30: =IF($B30="","",MAX(0,$E30-MAX(0,SUMIFS(Тех_Движение!$G$2:$G$5111,Тех_Движение!$D$2:$D$5111,$C30,Тех_Движение!$B$2:$B$5111,"<="&Настройки!$B$5-1)-$F30))) | H30: =IF($B30="","",IF(AND($D30>=Настройки!$B$5,$D30<=Настройки!$B$6),$E30,0)) | I30: =IF($B30="","",$G30+$H30-$J30) | J30: =IF($B30="","",MAX(0,$E30-MAX(0,SUMIFS(Тех_Движение!$G$2:$G$5111,Тех_Движение!$D$2:$D$5111,$C30,Тех_Движение!$B$2:$B$5111,"<="&Настройки!$B$6)-$F30))) | K30: =IF(OR($B30="",K$3<$D30+Настройки!$B$7),0,MAX(0,$E30-MAX(0,SUMIFS(Тех_Движение!$G$2:$G$5111,Тех_Движение!$D$2:$D$5111,$C30,Тех_Движение!$B$2:$B$5111,"<="&K$3)-$F30))) -> #VALUE! | L30: =IF(OR($B30="",L$3<$D30+Настройки!$B$7),0,MAX(0,$E30-MAX(0,SUMIFS(Тех_Движение!$G$2:$G$5111,Тех_Движение!$D$2:$D$5111,$C30,Тех_Движение!$B$2:$B$5111,"<="&L$3)-$F30))) -> #VALUE! | M30: =IF(OR($B30="",M$3<$D30+Настройки!$B$7),0,MAX(0,$E30-MAX(0,SUMIFS(Тех_Движение!$G$2:$G$5111,Тех_Движение!$D$2:$D$5111,$C30,Тех_Движение!$B$2:$B$5111,"<="&M$3)-$F30))) -> #VALUE! | N30: =IF(OR($B30="",N$3<$D30+Настройки!$B$7),0,MAX(0,$E30-MAX(0,SUMIFS(Тех_Движение!$G$2:$G$5111,Тех_Движение!$D$2:$D$5111,$C30,Тех_Движение!$B$2:$B$5111,"<="&N$3)-$F30))) -> #VALUE! | O30: =IF(OR($B30="",O$3<$D30+Настройки!$B$7),0,MAX(0,$E30-MAX(0,SUMIFS(Тех_Движение!$G$2:$G$5111,Тех_Движение!$D$2:$D$5111,$C30,Тех_Движение!$B$2:$B$5111,"<="&O$3)-$F30))) -> #VALUE! | P30: =IF(OR($B30="",P$3<$D30+Настройки!$B$7),0,MAX(0,$E30-MAX(0,SUMIFS(Тех_Движение!$G$2:$G$5111,Тех_Движение!$D$2:$D$5111,$C30,Тех_Движение!$B$2:$B$5111,"<="&P$3)-$F30))) -> #VALUE! | Q30: =IF(OR($B30="",Q$3<$D30+Настройки!$B$7),0,MAX(0,$E30-MAX(0,SUMIFS(Тех_Движение!$G$2:$G$5111,Тех_Движение!$D$2:$D$5111,$C30,Тех_Движение!$B$2:$B$5111,"<="&Q$3)-$F30))) -> #VALUE! | R30: =IF($B30="","",SUM($K30:$Q30)) | S30: =IF($B30="","",VLOOKUP($C30,Настройки!$A$11:$L$17,9,FALSE)) | T30: =IF($B30="","",$R30*$S30)
A31: =Тех_Движение!$A$28 -> 27 | B31: =IF(Тех_Движение!$F$28>0,Тех_Движение!$I$28,"") | C31: =IF($B31="","",Тех_Движение!$D$28) | D31: =IF($B31="","",Тех_Движение!$B$28) | E31: =IF($B31="","",Тех_Движение!$F$28) | F31: =IF($B31="","",SUMIFS($E$5:$E30,$C$5:$C30,$C31)) | G31: =IF($B31="","",MAX(0,$E31-MAX(0,SUMIFS(Тех_Движение!$G$2:$G$5111,Тех_Движение!$D$2:$D$5111,$C31,Тех_Движение!$B$2:$B$5111,"<="&Настройки!$B$5-1)-$F31))) | H31: =IF($B31="","",IF(AND($D31>=Настройки!$B$5,$D31<=Настройки!$B$6),$E31,0)) | I31: =IF($B31="","",$G31+$H31-$J31) | J31: =IF($B31="","",MAX(0,$E31-MAX(0,SUMIFS(Тех_Движение!$G$2:$G$5111,Тех_Движение!$D$2:$D$5111,$C31,Тех_Движение!$B$2:$B$5111,"<="&Настройки!$B$6)-$F31))) | K31: =IF(OR($B31="",K$3<$D31+Настройки!$B$7),0,MAX(0,$E31-MAX(0,SUMIFS(Тех_Движение!$G$2:$G$5111,Тех_Движение!$D$2:$D$5111,$C31,Тех_Движение!$B$2:$B$5111,"<="&K$3)-$F31))) -> #VALUE! | L31: =IF(OR($B31="",L$3<$D31+Настройки!$B$7),0,MAX(0,$E31-MAX(0,SUMIFS(Тех_Движение!$G$2:$G$5111,Тех_Движение!$D$2:$D$5111,$C31,Тех_Движение!$B$2:$B$5111,"<="&L$3)-$F31))) -> #VALUE! | M31: =IF(OR($B31="",M$3<$D31+Настройки!$B$7),0,MAX(0,$E31-MAX(0,SUMIFS(Тех_Движение!$G$2:$G$5111,Тех_Движение!$D$2:$D$5111,$C31,Тех_Движение!$B$2:$B$5111,"<="&M$3)-$F31))) -> #VALUE! | N31: =IF(OR($B31="",N$3<$D31+Настройки!$B$7),0,MAX(0,$E31-MAX(0,SUMIFS(Тех_Движение!$G$2:$G$5111,Тех_Движение!$D$2:$D$5111,$C31,Тех_Движение!$B$2:$B$5111,"<="&N$3)-$F31))) -> #VALUE! | O31: =IF(OR($B31="",O$3<$D31+Настройки!$B$7),0,MAX(0,$E31-MAX(0,SUMIFS(Тех_Движение!$G$2:$G$5111,Тех_Движение!$D$2:$D$5111,$C31,Тех_Движение!$B$2:$B$5111,"<="&O$3)-$F31))) -> #VALUE! | P31: =IF(OR($B31="",P$3<$D31+Настройки!$B$7),0,MAX(0,$E31-MAX(0,SUMIFS(Тех_Движение!$G$2:$G$5111,Тех_Движение!$D$2:$D$5111,$C31,Тех_Движение!$B$2:$B$5111,"<="&P$3)-$F31))) -> #VALUE! | Q31: =IF(OR($B31="",Q$3<$D31+Настройки!$B$7),0,MAX(0,$E31-MAX(0,SUMIFS(Тех_Движение!$G$2:$G$5111,Тех_Движение!$D$2:$D$5111,$C31,Тех_Движение!$B$2:$B$5111,"<="&Q$3)-$F31))) -> #VALUE! | R31: =IF($B31="","",SUM($K31:$Q31)) | S31: =IF($B31="","",VLOOKUP($C31,Настройки!$A$11:$L$17,9,FALSE)) | T31: =IF($B31="","",$R31*$S31)
A32: =Тех_Движение!$A$29 -> 28 | B32: =IF(Тех_Движение!$F$29>0,Тех_Движение!$I$29,"") | C32: =IF($B32="","",Тех_Движение!$D$29) | D32: =IF($B32="","",Тех_Движение!$B$29) | E32: =IF($B32="","",Тех_Движение!$F$29) | F32: =IF($B32="","",SUMIFS($E$5:$E31,$C$5:$C31,$C32)) | G32: =IF($B32="","",MAX(0,$E32-MAX(0,SUMIFS(Тех_Движение!$G$2:$G$5111,Тех_Движение!$D$2:$D$5111,$C32,Тех_Движение!$B$2:$B$5111,"<="&Настройки!$B$5-1)-$F32))) | H32: =IF($B32="","",IF(AND($D32>=Настройки!$B$5,$D32<=Настройки!$B$6),$E32,0)) | I32: =IF($B32="","",$G32+$H32-$J32) | J32: =IF($B32="","",MAX(0,$E32-MAX(0,SUMIFS(Тех_Движение!$G$2:$G$5111,Тех_Движение!$D$2:$D$5111,$C32,Тех_Движение!$B$2:$B$5111,"<="&Настройки!$B$6)-$F32))) | K32: =IF(OR($B32="",K$3<$D32+Настройки!$B$7),0,MAX(0,$E32-MAX(0,SUMIFS(Тех_Движение!$G$2:$G$5111,Тех_Движение!$D$2:$D$5111,$C32,Тех_Движение!$B$2:$B$5111,"<="&K$3)-$F32))) -> #VALUE! | L32: =IF(OR($B32="",L$3<$D32+Настройки!$B$7),0,MAX(0,$E32-MAX(0,SUMIFS(Тех_Движение!$G$2:$G$5111,Тех_Движение!$D$2:$D$5111,$C32,Тех_Движение!$B$2:$B$5111,"<="&L$3)-$F32))) -> #VALUE! | M32: =IF(OR($B32="",M$3<$D32+Настройки!$B$7),0,MAX(0,$E32-MAX(0,SUMIFS(Тех_Движение!$G$2:$G$5111,Тех_Движение!$D$2:$D$5111,$C32,Тех_Движение!$B$2:$B$5111,"<="&M$3)-$F32))) -> #VALUE! | N32: =IF(OR($B32="",N$3<$D32+Настройки!$B$7),0,MAX(0,$E32-MAX(0,SUMIFS(Тех_Движение!$G$2:$G$5111,Тех_Движение!$D$2:$D$5111,$C32,Тех_Движение!$B$2:$B$5111,"<="&N$3)-$F32))) -> #VALUE! | O32: =IF(OR($B32="",O$3<$D32+Настройки!$B$7),0,MAX(0,$E32-MAX(0,SUMIFS(Тех_Движение!$G$2:$G$5111,Тех_Движение!$D$2:$D$5111,$C32,Тех_Движение!$B$2:$B$5111,"<="&O$3)-$F32))) -> #VALUE! | P32: =IF(OR($B32="",P$3<$D32+Настройки!$B$7),0,MAX(0,$E32-MAX(0,SUMIFS(Тех_Движение!$G$2:$G$5111,Тех_Движение!$D$2:$D$5111,$C32,Тех_Движение!$B$2:$B$5111,"<="&P$3)-$F32))) -> #VALUE! | Q32: =IF(OR($B32="",Q$3<$D32+Настройки!$B$7),0,MAX(0,$E32-MAX(0,SUMIFS(Тех_Движение!$G$2:$G$5111,Тех_Движение!$D$2:$D$5111,$C32,Тех_Движение!$B$2:$B$5111,"<="&Q$3)-$F32))) -> #VALUE! | R32: =IF($B32="","",SUM($K32:$Q32)) | S32: =IF($B32="","",VLOOKUP($C32,Настройки!$A$11:$L$17,9,FALSE)) | T32: =IF($B32="","",$R32*$S32)
A33: =Тех_Движение!$A$30 -> 29 | B33: =IF(Тех_Движение!$F$30>0,Тех_Движение!$I$30,"") | C33: =IF($B33="","",Тех_Движение!$D$30) | D33: =IF($B33="","",Тех_Движение!$B$30) | E33: =IF($B33="","",Тех_Движение!$F$30) | F33: =IF($B33="","",SUMIFS($E$5:$E32,$C$5:$C32,$C33)) | G33: =IF($B33="","",MAX(0,$E33-MAX(0,SUMIFS(Тех_Движение!$G$2:$G$5111,Тех_Движение!$D$2:$D$5111,$C33,Тех_Движение!$B$2:$B$5111,"<="&Настройки!$B$5-1)-$F33))) | H33: =IF($B33="","",IF(AND($D33>=Настройки!$B$5,$D33<=Настройки!$B$6),$E33,0)) | I33: =IF($B33="","",$G33+$H33-$J33) | J33: =IF($B33="","",MAX(0,$E33-MAX(0,SUMIFS(Тех_Движение!$G$2:$G$5111,Тех_Движение!$D$2:$D$5111,$C33,Тех_Движение!$B$2:$B$5111,"<="&Настройки!$B$6)-$F33))) | K33: =IF(OR($B33="",K$3<$D33+Настройки!$B$7),0,MAX(0,$E33-MAX(0,SUMIFS(Тех_Движение!$G$2:$G$5111,Тех_Движение!$D$2:$D$5111,$C33,Тех_Движение!$B$2:$B$5111,"<="&K$3)-$F33))) -> #VALUE! | L33: =IF(OR($B33="",L$3<$D33+Настройки!$B$7),0,MAX(0,$E33-MAX(0,SUMIFS(Тех_Движение!$G$2:$G$5111,Тех_Движение!$D$2:$D$5111,$C33,Тех_Движение!$B$2:$B$5111,"<="&L$3)-$F33))) -> #VALUE! | M33: =IF(OR($B33="",M$3<$D33+Настройки!$B$7),0,MAX(0,$E33-MAX(0,SUMIFS(Тех_Движение!$G$2:$G$5111,Тех_Движение!$D$2:$D$5111,$C33,Тех_Движение!$B$2:$B$5111,"<="&M$3)-$F33))) -> #VALUE! | N33: =IF(OR($B33="",N$3<$D33+Настройки!$B$7),0,MAX(0,$E33-MAX(0,SUMIFS(Тех_Движение!$G$2:$G$5111,Тех_Движение!$D$2:$D$5111,$C33,Тех_Движение!$B$2:$B$5111,"<="&N$3)-$F33))) -> #VALUE! | O33: =IF(OR($B33="",O$3<$D33+Настройки!$B$7),0,MAX(0,$E33-MAX(0,SUMIFS(Тех_Движение!$G$2:$G$5111,Тех_Движение!$D$2:$D$5111,$C33,Тех_Движение!$B$2:$B$5111,"<="&O$3)-$F33))) -> #VALUE! | P33: =IF(OR($B33="",P$3<$D33+Настройки!$B$7),0,MAX(0,$E33-MAX(0,SUMIFS(Тех_Движение!$G$2:$G$5111,Тех_Движение!$D$2:$D$5111,$C33,Тех_Движение!$B$2:$B$5111,"<="&P$3)-$F33))) -> #VALUE! | Q33: =IF(OR($B33="",Q$3<$D33+Настройки!$B$7),0,MAX(0,$E33-MAX(0,SUMIFS(Тех_Движение!$G$2:$G$5111,Тех_Движение!$D$2:$D$5111,$C33,Тех_Движение!$B$2:$B$5111,"<="&Q$3)-$F33))) -> #VALUE! | R33: =IF($B33="","",SUM($K33:$Q33)) | S33: =IF($B33="","",VLOOKUP($C33,Настройки!$A$11:$L$17,9,FALSE)) | T33: =IF($B33="","",$R33*$S33)
A34: =Тех_Движение!$A$31 -> 30 | B34: =IF(Тех_Движение!$F$31>0,Тех_Движение!$I$31,"") | C34: =IF($B34="","",Тех_Движение!$D$31) | D34: =IF($B34="","",Тех_Движение!$B$31) | E34: =IF($B34="","",Тех_Движение!$F$31) | F34: =IF($B34="","",SUMIFS($E$5:$E33,$C$5:$C33,$C34)) | G34: =IF($B34="","",MAX(0,$E34-MAX(0,SUMIFS(Тех_Движение!$G$2:$G$5111,Тех_Движение!$D$2:$D$5111,$C34,Тех_Движение!$B$2:$B$5111,"<="&Настройки!$B$5-1)-$F34))) | H34: =IF($B34="","",IF(AND($D34>=Настройки!$B$5,$D34<=Настройки!$B$6),$E34,0)) | I34: =IF($B34="","",$G34+$H34-$J34) | J34: =IF($B34="","",MAX(0,$E34-MAX(0,SUMIFS(Тех_Движение!$G$2:$G$5111,Тех_Движение!$D$2:$D$5111,$C34,Тех_Движение!$B$2:$B$5111,"<="&Настройки!$B$6)-$F34))) | K34: =IF(OR($B34="",K$3<$D34+Настройки!$B$7),0,MAX(0,$E34-MAX(0,SUMIFS(Тех_Движение!$G$2:$G$5111,Тех_Движение!$D$2:$D$5111,$C34,Тех_Движение!$B$2:$B$5111,"<="&K$3)-$F34))) -> #VALUE! | L34: =IF(OR($B34="",L$3<$D34+Настройки!$B$7),0,MAX(0,$E34-MAX(0,SUMIFS(Тех_Движение!$G$2:$G$5111,Тех_Движение!$D$2:$D$5111,$C34,Тех_Движение!$B$2:$B$5111,"<="&L$3)-$F34))) -> #VALUE! | M34: =IF(OR($B34="",M$3<$D34+Настройки!$B$7),0,MAX(0,$E34-MAX(0,SUMIFS(Тех_Движение!$G$2:$G$5111,Тех_Движение!$D$2:$D$5111,$C34,Тех_Движение!$B$2:$B$5111,"<="&M$3)-$F34))) -> #VALUE! | N34: =IF(OR($B34="",N$3<$D34+Настройки!$B$7),0,MAX(0,$E34-MAX(0,SUMIFS(Тех_Движение!$G$2:$G$5111,Тех_Движение!$D$2:$D$5111,$C34,Тех_Движение!$B$2:$B$5111,"<="&N$3)-$F34))) -> #VALUE! | O34: =IF(OR($B34="",O$3<$D34+Настройки!$B$7),0,MAX(0,$E34-MAX(0,SUMIFS(Тех_Движение!$G$2:$G$5111,Тех_Движение!$D$2:$D$5111,$C34,Тех_Движение!$B$2:$B$5111,"<="&O$3)-$F34))) -> #VALUE! | P34: =IF(OR($B34="",P$3<$D34+Настройки!$B$7),0,MAX(0,$E34-MAX(0,SUMIFS(Тех_Движение!$G$2:$G$5111,Тех_Движение!$D$2:$D$5111,$C34,Тех_Движение!$B$2:$B$5111,"<="&P$3)-$F34))) -> #VALUE! | Q34: =IF(OR($B34="",Q$3<$D34+Настройки!$B$7),0,MAX(0,$E34-MAX(0,SUMIFS(Тех_Движение!$G$2:$G$5111,Тех_Движение!$D$2:$D$5111,$C34,Тех_Движение!$B$2:$B$5111,"<="&Q$3)-$F34))) -> #VALUE! | R34: =IF($B34="","",SUM($K34:$Q34)) | S34: =IF($B34="","",VLOOKUP($C34,Настройки!$A$11:$L$17,9,FALSE)) | T34: =IF($B34="","",$R34*$S34)
A35: =Тех_Движение!$A$32 -> 31 | B35: =IF(Тех_Движение!$F$32>0,Тех_Движение!$I$32,"") | C35: =IF($B35="","",Тех_Движение!$D$32) | D35: =IF($B35="","",Тех_Движение!$B$32) | E35: =IF($B35="","",Тех_Движение!$F$32) | F35: =IF($B35="","",SUMIFS($E$5:$E34,$C$5:$C34,$C35)) | G35: =IF($B35="","",MAX(0,$E35-MAX(0,SUMIFS(Тех_Движение!$G$2:$G$5111,Тех_Движение!$D$2:$D$5111,$C35,Тех_Движение!$B$2:$B$5111,"<="&Настройки!$B$5-1)-$F35))) | H35: =IF($B35="","",IF(AND($D35>=Настройки!$B$5,$D35<=Настройки!$B$6),$E35,0)) | I35: =IF($B35="","",$G35+$H35-$J35) | J35: =IF($B35="","",MAX(0,$E35-MAX(0,SUMIFS(Тех_Движение!$G$2:$G$5111,Тех_Движение!$D$2:$D$5111,$C35,Тех_Движение!$B$2:$B$5111,"<="&Настройки!$B$6)-$F35))) | K35: =IF(OR($B35="",K$3<$D35+Настройки!$B$7),0,MAX(0,$E35-MAX(0,SUMIFS(Тех_Движение!$G$2:$G$5111,Тех_Движение!$D$2:$D$5111,$C35,Тех_Движение!$B$2:$B$5111,"<="&K$3)-$F35))) -> #VALUE! | L35: =IF(OR($B35="",L$3<$D35+Настройки!$B$7),0,MAX(0,$E35-MAX(0,SUMIFS(Тех_Движение!$G$2:$G$5111,Тех_Движение!$D$2:$D$5111,$C35,Тех_Движение!$B$2:$B$5111,"<="&L$3)-$F35))) -> #VALUE! | M35: =IF(OR($B35="",M$3<$D35+Настройки!$B$7),0,MAX(0,$E35-MAX(0,SUMIFS(Тех_Движение!$G$2:$G$5111,Тех_Движение!$D$2:$D$5111,$C35,Тех_Движение!$B$2:$B$5111,"<="&M$3)-$F35))) -> #VALUE! | N35: =IF(OR($B35="",N$3<$D35+Настройки!$B$7),0,MAX(0,$E35-MAX(0,SUMIFS(Тех_Движение!$G$2:$G$5111,Тех_Движение!$D$2:$D$5111,$C35,Тех_Движение!$B$2:$B$5111,"<="&N$3)-$F35))) -> #VALUE! | O35: =IF(OR($B35="",O$3<$D35+Настройки!$B$7),0,MAX(0,$E35-MAX(0,SUMIFS(Тех_Движение!$G$2:$G$5111,Тех_Движение!$D$2:$D$5111,$C35,Тех_Движение!$B$2:$B$5111,"<="&O$3)-$F35))) -> #VALUE! | P35: =IF(OR($B35="",P$3<$D35+Настройки!$B$7),0,MAX(0,$E35-MAX(0,SUMIFS(Тех_Движение!$G$2:$G$5111,Тех_Движение!$D$2:$D$5111,$C35,Тех_Движение!$B$2:$B$5111,"<="&P$3)-$F35))) -> #VALUE! | Q35: =IF(OR($B35="",Q$3<$D35+Настройки!$B$7),0,MAX(0,$E35-MAX(0,SUMIFS(Тех_Движение!$G$2:$G$5111,Тех_Движение!$D$2:$D$5111,$C35,Тех_Движение!$B$2:$B$5111,"<="&Q$3)-$F35))) -> #VALUE! | R35: =IF($B35="","",SUM($K35:$Q35)) | S35: =IF($B35="","",VLOOKUP($C35,Настройки!$A$11:$L$17,9,FALSE)) | T35: =IF($B35="","",$R35*$S35)
A36: =Тех_Движение!$A$33 -> 32 | B36: =IF(Тех_Движение!$F$33>0,Тех_Движение!$I$33,"") -> dd.mm_Г 3500 | C36: =IF($B36="","",Тех_Движение!$D$33) -> Г 3500 | D36: =IF($B36="","",Тех_Движение!$B$33) -> 46245 | E36: =IF($B36="","",Тех_Движение!$F$33) -> 10 | F36: =IF($B36="","",SUMIFS($E$5:$E35,$C$5:$C35,$C36)) -> 4 | G36: =IF($B36="","",MAX(0,$E36-MAX(0,SUMIFS(Тех_Движение!$G$2:$G$5111,Тех_Движение!$D$2:$D$5111,$C36,Тех_Движение!$B$2:$B$5111,"<="&Настройки!$B$5-1)-$F36))) -> 0 | H36: =IF($B36="","",IF(AND($D36>=Настройки!$B$5,$D36<=Настройки!$B$6),$E36,0)) -> 0 | I36: =IF($B36="","",$G36+$H36-$J36) -> 0 | J36: =IF($B36="","",MAX(0,$E36-MAX(0,SUMIFS(Тех_Движение!$G$2:$G$5111,Тех_Движение!$D$2:$D$5111,$C36,Тех_Движение!$B$2:$B$5111,"<="&Настройки!$B$6)-$F36))) -> 0 | K36: =IF(OR($B36="",K$3<$D36+Настройки!$B$7),0,MAX(0,$E36-MAX(0,SUMIFS(Тех_Движение!$G$2:$G$5111,Тех_Движение!$D$2:$D$5111,$C36,Тех_Движение!$B$2:$B$5111,"<="&K$3)-$F36))) -> 0 | L36: =IF(OR($B36="",L$3<$D36+Настройки!$B$7),0,MAX(0,$E36-MAX(0,SUMIFS(Тех_Движение!$G$2:$G$5111,Тех_Движение!$D$2:$D$5111,$C36,Тех_Движение!$B$2:$B$5111,"<="&L$3)-$F36))) -> 0 | M36: =IF(OR($B36="",M$3<$D36+Настройки!$B$7),0,MAX(0,$E36-MAX(0,SUMIFS(Тех_Движение!$G$2:$G$5111,Тех_Движение!$D$2:$D$5111,$C36,Тех_Движение!$B$2:$B$5111,"<="&M$3)-$F36))) -> 0 | N36: =IF(OR($B36="",N$3<$D36+Настройки!$B$7),0,MAX(0,$E36-MAX(0,SUMIFS(Тех_Движение!$G$2:$G$5111,Тех_Движение!$D$2:$D$5111,$C36,Тех_Движение!$B$2:$B$5111,"<="&N$3)-$F36))) -> 0 | O36: =IF(OR($B36="",O$3<$D36+Настройки!$B$7),0,MAX(0,$E36-MAX(0,SUMIFS(Тех_Движение!$G$2:$G$5111,Тех_Движение!$D$2:$D$5111,$C36,Тех_Движение!$B$2:$B$5111,"<="&O$3)-$F36))) -> 0 | P36: =IF(OR($B36="",P$3<$D36+Настройки!$B$7),0,MAX(0,$E36-MAX(0,SUMIFS(Тех_Движение!$G$2:$G$5111,Тех_Движение!$D$2:$D$5111,$C36,Тех_Движение!$B$2:$B$5111,"<="&P$3)-$F36))) -> 0 | Q36: =IF(OR($B36="",Q$3<$D36+Настройки!$B$7),0,MAX(0,$E36-MAX(0,SUMIFS(Тех_Движение!$G$2:$G$5111,Тех_Движение!$D$2:$D$5111,$C36,Тех_Движение!$B$2:$B$5111,"<="&Q$3)-$F36))) -> 0 | R36: =IF($B36="","",SUM($K36:$Q36)) -> 0 | S36: =IF($B36="","",VLOOKUP($C36,Настройки!$A$11:$L$17,9,FALSE)) -> 5 | T36: =IF($B36="","",$R36*$S36) -> 0
A37: =Тех_Движение!$A$34 -> 33 | B37: =IF(Тех_Движение!$F$34>0,Тех_Движение!$I$34,"") | C37: =IF($B37="","",Тех_Движение!$D$34) | D37: =IF($B37="","",Тех_Движение!$B$34) | E37: =IF($B37="","",Тех_Движение!$F$34) | F37: =IF($B37="","",SUMIFS($E$5:$E36,$C$5:$C36,$C37)) | G37: =IF($B37="","",MAX(0,$E37-MAX(0,SUMIFS(Тех_Движение!$G$2:$G$5111,Тех_Движение!$D$2:$D$5111,$C37,Тех_Движение!$B$2:$B$5111,"<="&Настройки!$B$5-1)-$F37))) | H37: =IF($B37="","",IF(AND($D37>=Настройки!$B$5,$D37<=Настройки!$B$6),$E37,0)) | I37: =IF($B37="","",$G37+$H37-$J37) | J37: =IF($B37="","",MAX(0,$E37-MAX(0,SUMIFS(Тех_Движение!$G$2:$G$5111,Тех_Движение!$D$2:$D$5111,$C37,Тех_Движение!$B$2:$B$5111,"<="&Настройки!$B$6)-$F37))) | K37: =IF(OR($B37="",K$3<$D37+Настройки!$B$7),0,MAX(0,$E37-MAX(0,SUMIFS(Тех_Движение!$G$2:$G$5111,Тех_Движение!$D$2:$D$5111,$C37,Тех_Движение!$B$2:$B$5111,"<="&K$3)-$F37))) -> #VALUE! | L37: =IF(OR($B37="",L$3<$D37+Настройки!$B$7),0,MAX(0,$E37-MAX(0,SUMIFS(Тех_Движение!$G$2:$G$5111,Тех_Движение!$D$2:$D$5111,$C37,Тех_Движение!$B$2:$B$5111,"<="&L$3)-$F37))) -> #VALUE! | M37: =IF(OR($B37="",M$3<$D37+Настройки!$B$7),0,MAX(0,$E37-MAX(0,SUMIFS(Тех_Движение!$G$2:$G$5111,Тех_Движение!$D$2:$D$5111,$C37,Тех_Движение!$B$2:$B$5111,"<="&M$3)-$F37))) -> #VALUE! | N37: =IF(OR($B37="",N$3<$D37+Настройки!$B$7),0,MAX(0,$E37-MAX(0,SUMIFS(Тех_Движение!$G$2:$G$5111,Тех_Движение!$D$2:$D$5111,$C37,Тех_Движение!$B$2:$B$5111,"<="&N$3)-$F37))) -> #VALUE! | O37: =IF(OR($B37="",O$3<$D37+Настройки!$B$7),0,MAX(0,$E37-MAX(0,SUMIFS(Тех_Движение!$G$2:$G$5111,Тех_Движение!$D$2:$D$5111,$C37,Тех_Движение!$B$2:$B$5111,"<="&O$3)-$F37))) -> #VALUE! | P37: =IF(OR($B37="",P$3<$D37+Настройки!$B$7),0,MAX(0,$E37-MAX(0,SUMIFS(Тех_Движение!$G$2:$G$5111,Тех_Движение!$D$2:$D$5111,$C37,Тех_Движение!$B$2:$B$5111,"<="&P$3)-$F37))) -> #VALUE! | Q37: =IF(OR($B37="",Q$3<$D37+Настройки!$B$7),0,MAX(0,$E37-MAX(0,SUMIFS(Тех_Движение!$G$2:$G$5111,Тех_Движение!$D$2:$D$5111,$C37,Тех_Движение!$B$2:$B$5111,"<="&Q$3)-$F37))) -> #VALUE! | R37: =IF($B37="","",SUM($K37:$Q37)) | S37: =IF($B37="","",VLOOKUP($C37,Настройки!$A$11:$L$17,9,FALSE)) | T37: =IF($B37="","",$R37*$S37)
A38: =Тех_Движение!$A$35 -> 34 | B38: =IF(Тех_Движение!$F$35>0,Тех_Движение!$I$35,"") | C38: =IF($B38="","",Тех_Движение!$D$35) | D38: =IF($B38="","",Тех_Движение!$B$35) | E38: =IF($B38="","",Тех_Движение!$F$35) | F38: =IF($B38="","",SUMIFS($E$5:$E37,$C$5:$C37,$C38)) | G38: =IF($B38="","",MAX(0,$E38-MAX(0,SUMIFS(Тех_Движение!$G$2:$G$5111,Тех_Движение!$D$2:$D$5111,$C38,Тех_Движение!$B$2:$B$5111,"<="&Настройки!$B$5-1)-$F38))) | H38: =IF($B38="","",IF(AND($D38>=Настройки!$B$5,$D38<=Настройки!$B$6),$E38,0)) | I38: =IF($B38="","",$G38+$H38-$J38) | J38: =IF($B38="","",MAX(0,$E38-MAX(0,SUMIFS(Тех_Движение!$G$2:$G$5111,Тех_Движение!$D$2:$D$5111,$C38,Тех_Движение!$B$2:$B$5111,"<="&Настройки!$B$6)-$F38))) | K38: =IF(OR($B38="",K$3<$D38+Настройки!$B$7),0,MAX(0,$E38-MAX(0,SUMIFS(Тех_Движение!$G$2:$G$5111,Тех_Движение!$D$2:$D$5111,$C38,Тех_Движение!$B$2:$B$5111,"<="&K$3)-$F38))) -> #VALUE! | L38: =IF(OR($B38="",L$3<$D38+Настройки!$B$7),0,MAX(0,$E38-MAX(0,SUMIFS(Тех_Движение!$G$2:$G$5111,Тех_Движение!$D$2:$D$5111,$C38,Тех_Движение!$B$2:$B$5111,"<="&L$3)-$F38))) -> #VALUE! | M38: =IF(OR($B38="",M$3<$D38+Настройки!$B$7),0,MAX(0,$E38-MAX(0,SUMIFS(Тех_Движение!$G$2:$G$5111,Тех_Движение!$D$2:$D$5111,$C38,Тех_Движение!$B$2:$B$5111,"<="&M$3)-$F38))) -> #VALUE! | N38: =IF(OR($B38="",N$3<$D38+Настройки!$B$7),0,MAX(0,$E38-MAX(0,SUMIFS(Тех_Движение!$G$2:$G$5111,Тех_Движение!$D$2:$D$5111,$C38,Тех_Движение!$B$2:$B$5111,"<="&N$3)-$F38))) -> #VALUE! | O38: =IF(OR($B38="",O$3<$D38+Настройки!$B$7),0,MAX(0,$E38-MAX(0,SUMIFS(Тех_Движение!$G$2:$G$5111,Тех_Движение!$D$2:$D$5111,$C38,Тех_Движение!$B$2:$B$5111,"<="&O$3)-$F38))) -> #VALUE! | P38: =IF(OR($B38="",P$3<$D38+Настройки!$B$7),0,MAX(0,$E38-MAX(0,SUMIFS(Тех_Движение!$G$2:$G$5111,Тех_Движение!$D$2:$D$5111,$C38,Тех_Движение!$B$2:$B$5111,"<="&P$3)-$F38))) -> #VALUE! | Q38: =IF(OR($B38="",Q$3<$D38+Настройки!$B$7),0,MAX(0,$E38-MAX(0,SUMIFS(Тех_Движение!$G$2:$G$5111,Тех_Движение!$D$2:$D$5111,$C38,Тех_Движение!$B$2:$B$5111,"<="&Q$3)-$F38))) -> #VALUE! | R38: =IF($B38="","",SUM($K38:$Q38)) | S38: =IF($B38="","",VLOOKUP($C38,Настройки!$A$11:$L$17,9,FALSE)) | T38: =IF($B38="","",$R38*$S38)
A39: =Тех_Движение!$A$36 -> 35 | B39: =IF(Тех_Движение!$F$36>0,Тех_Движение!$I$36,"") | C39: =IF($B39="","",Тех_Движение!$D$36) | D39: =IF($B39="","",Тех_Движение!$B$36) | E39: =IF($B39="","",Тех_Движение!$F$36) | F39: =IF($B39="","",SUMIFS($E$5:$E38,$C$5:$C38,$C39)) | G39: =IF($B39="","",MAX(0,$E39-MAX(0,SUMIFS(Тех_Движение!$G$2:$G$5111,Тех_Движение!$D$2:$D$5111,$C39,Тех_Движение!$B$2:$B$5111,"<="&Настройки!$B$5-1)-$F39))) | H39: =IF($B39="","",IF(AND($D39>=Настройки!$B$5,$D39<=Настройки!$B$6),$E39,0)) | I39: =IF($B39="","",$G39+$H39-$J39) | J39: =IF($B39="","",MAX(0,$E39-MAX(0,SUMIFS(Тех_Движение!$G$2:$G$5111,Тех_Движение!$D$2:$D$5111,$C39,Тех_Движение!$B$2:$B$5111,"<="&Настройки!$B$6)-$F39))) | K39: =IF(OR($B39="",K$3<$D39+Настройки!$B$7),0,MAX(0,$E39-MAX(0,SUMIFS(Тех_Движение!$G$2:$G$5111,Тех_Движение!$D$2:$D$5111,$C39,Тех_Движение!$B$2:$B$5111,"<="&K$3)-$F39))) -> #VALUE! | L39: =IF(OR($B39="",L$3<$D39+Настройки!$B$7),0,MAX(0,$E39-MAX(0,SUMIFS(Тех_Движение!$G$2:$G$5111,Тех_Движение!$D$2:$D$5111,$C39,Тех_Движение!$B$2:$B$5111,"<="&L$3)-$F39))) -> #VALUE! | M39: =IF(OR($B39="",M$3<$D39+Настройки!$B$7),0,MAX(0,$E39-MAX(0,SUMIFS(Тех_Движение!$G$2:$G$5111,Тех_Движение!$D$2:$D$5111,$C39,Тех_Движение!$B$2:$B$5111,"<="&M$3)-$F39))) -> #VALUE! | N39: =IF(OR($B39="",N$3<$D39+Настройки!$B$7),0,MAX(0,$E39-MAX(0,SUMIFS(Тех_Движение!$G$2:$G$5111,Тех_Движение!$D$2:$D$5111,$C39,Тех_Движение!$B$2:$B$5111,"<="&N$3)-$F39))) -> #VALUE! | O39: =IF(OR($B39="",O$3<$D39+Настройки!$B$7),0,MAX(0,$E39-MAX(0,SUMIFS(Тех_Движение!$G$2:$G$5111,Тех_Движение!$D$2:$D$5111,$C39,Тех_Движение!$B$2:$B$5111,"<="&O$3)-$F39))) -> #VALUE! | P39: =IF(OR($B39="",P$3<$D39+Настройки!$B$7),0,MAX(0,$E39-MAX(0,SUMIFS(Тех_Движение!$G$2:$G$5111,Тех_Движение!$D$2:$D$5111,$C39,Тех_Движение!$B$2:$B$5111,"<="&P$3)-$F39))) -> #VALUE! | Q39: =IF(OR($B39="",Q$3<$D39+Настройки!$B$7),0,MAX(0,$E39-MAX(0,SUMIFS(Тех_Движение!$G$2:$G$5111,Тех_Движение!$D$2:$D$5111,$C39,Тех_Движение!$B$2:$B$5111,"<="&Q$3)-$F39))) -> #VALUE! | R39: =IF($B39="","",SUM($K39:$Q39)) | S39: =IF($B39="","",VLOOKUP($C39,Настройки!$A$11:$L$17,9,FALSE)) | T39: =IF($B39="","",$R39*$S39)
A40: =Тех_Движение!$A$37 -> 36 | B40: =IF(Тех_Движение!$F$37>0,Тех_Движение!$I$37,"") | C40: =IF($B40="","",Тех_Движение!$D$37) | D40: =IF($B40="","",Тех_Движение!$B$37) | E40: =IF($B40="","",Тех_Движение!$F$37) | F40: =IF($B40="","",SUMIFS($E$5:$E39,$C$5:$C39,$C40)) | G40: =IF($B40="","",MAX(0,$E40-MAX(0,SUMIFS(Тех_Движение!$G$2:$G$5111,Тех_Движение!$D$2:$D$5111,$C40,Тех_Движение!$B$2:$B$5111,"<="&Настройки!$B$5-1)-$F40))) | H40: =IF($B40="","",IF(AND($D40>=Настройки!$B$5,$D40<=Настройки!$B$6),$E40,0)) | I40: =IF($B40="","",$G40+$H40-$J40) | J40: =IF($B40="","",MAX(0,$E40-MAX(0,SUMIFS(Тех_Движение!$G$2:$G$5111,Тех_Движение!$D$2:$D$5111,$C40,Тех_Движение!$B$2:$B$5111,"<="&Настройки!$B$6)-$F40))) | K40: =IF(OR($B40="",K$3<$D40+Настройки!$B$7),0,MAX(0,$E40-MAX(0,SUMIFS(Тех_Движение!$G$2:$G$5111,Тех_Движение!$D$2:$D$5111,$C40,Тех_Движение!$B$2:$B$5111,"<="&K$3)-$F40))) -> #VALUE! | L40: =IF(OR($B40="",L$3<$D40+Настройки!$B$7),0,MAX(0,$E40-MAX(0,SUMIFS(Тех_Движение!$G$2:$G$5111,Тех_Движение!$D$2:$D$5111,$C40,Тех_Движение!$B$2:$B$5111,"<="&L$3)-$F40))) -> #VALUE! | M40: =IF(OR($B40="",M$3<$D40+Настройки!$B$7),0,MAX(0,$E40-MAX(0,SUMIFS(Тех_Движение!$G$2:$G$5111,Тех_Движение!$D$2:$D$5111,$C40,Тех_Движение!$B$2:$B$5111,"<="&M$3)-$F40))) -> #VALUE! | N40: =IF(OR($B40="",N$3<$D40+Настройки!$B$7),0,MAX(0,$E40-MAX(0,SUMIFS(Тех_Движение!$G$2:$G$5111,Тех_Движение!$D$2:$D$5111,$C40,Тех_Движение!$B$2:$B$5111,"<="&N$3)-$F40))) -> #VALUE! | O40: =IF(OR($B40="",O$3<$D40+Настройки!$B$7),0,MAX(0,$E40-MAX(0,SUMIFS(Тех_Движение!$G$2:$G$5111,Тех_Движение!$D$2:$D$5111,$C40,Тех_Движение!$B$2:$B$5111,"<="&O$3)-$F40))) -> #VALUE! | P40: =IF(OR($B40="",P$3<$D40+Настройки!$B$7),0,MAX(0,$E40-MAX(0,SUMIFS(Тех_Движение!$G$2:$G$5111,Тех_Движение!$D$2:$D$5111,$C40,Тех_Движение!$B$2:$B$5111,"<="&P$3)-$F40))) -> #VALUE! | Q40: =IF(OR($B40="",Q$3<$D40+Настройки!$B$7),0,MAX(0,$E40-MAX(0,SUMIFS(Тех_Движение!$G$2:$G$5111,Тех_Движение!$D$2:$D$5111,$C40,Тех_Движение!$B$2:$B$5111,"<="&Q$3)-$F40))) -> #VALUE! | R40: =IF($B40="","",SUM($K40:$Q40)) | S40: =IF($B40="","",VLOOKUP($C40,Настройки!$A$11:$L$17,9,FALSE)) | T40: =IF($B40="","",$R40*$S40)
A41: =Тех_Движение!$A$38 -> 37 | B41: =IF(Тех_Движение!$F$38>0,Тех_Движение!$I$38,"") | C41: =IF($B41="","",Тех_Движение!$D$38) | D41: =IF($B41="","",Тех_Движение!$B$38) | E41: =IF($B41="","",Тех_Движение!$F$38) | F41: =IF($B41="","",SUMIFS($E$5:$E40,$C$5:$C40,$C41)) | G41: =IF($B41="","",MAX(0,$E41-MAX(0,SUMIFS(Тех_Движение!$G$2:$G$5111,Тех_Движение!$D$2:$D$5111,$C41,Тех_Движение!$B$2:$B$5111,"<="&Настройки!$B$5-1)-$F41))) | H41: =IF($B41="","",IF(AND($D41>=Настройки!$B$5,$D41<=Настройки!$B$6),$E41,0)) | I41: =IF($B41="","",$G41+$H41-$J41) | J41: =IF($B41="","",MAX(0,$E41-MAX(0,SUMIFS(Тех_Движение!$G$2:$G$5111,Тех_Движение!$D$2:$D$5111,$C41,Тех_Движение!$B$2:$B$5111,"<="&Настройки!$B$6)-$F41))) | K41: =IF(OR($B41="",K$3<$D41+Настройки!$B$7),0,MAX(0,$E41-MAX(0,SUMIFS(Тех_Движение!$G$2:$G$5111,Тех_Движение!$D$2:$D$5111,$C41,Тех_Движение!$B$2:$B$5111,"<="&K$3)-$F41))) -> #VALUE! | L41: =IF(OR($B41="",L$3<$D41+Настройки!$B$7),0,MAX(0,$E41-MAX(0,SUMIFS(Тех_Движение!$G$2:$G$5111,Тех_Движение!$D$2:$D$5111,$C41,Тех_Движение!$B$2:$B$5111,"<="&L$3)-$F41))) -> #VALUE! | M41: =IF(OR($B41="",M$3<$D41+Настройки!$B$7),0,MAX(0,$E41-MAX(0,SUMIFS(Тех_Движение!$G$2:$G$5111,Тех_Движение!$D$2:$D$5111,$C41,Тех_Движение!$B$2:$B$5111,"<="&M$3)-$F41))) -> #VALUE! | N41: =IF(OR($B41="",N$3<$D41+Настройки!$B$7),0,MAX(0,$E41-MAX(0,SUMIFS(Тех_Движение!$G$2:$G$5111,Тех_Движение!$D$2:$D$5111,$C41,Тех_Движение!$B$2:$B$5111,"<="&N$3)-$F41))) -> #VALUE! | O41: =IF(OR($B41="",O$3<$D41+Настройки!$B$7),0,MAX(0,$E41-MAX(0,SUMIFS(Тех_Движение!$G$2:$G$5111,Тех_Движение!$D$2:$D$5111,$C41,Тех_Движение!$B$2:$B$5111,"<="&O$3)-$F41))) -> #VALUE! | P41: =IF(OR($B41="",P$3<$D41+Настройки!$B$7),0,MAX(0,$E41-MAX(0,SUMIFS(Тех_Движение!$G$2:$G$5111,Тех_Движение!$D$2:$D$5111,$C41,Тех_Движение!$B$2:$B$5111,"<="&P$3)-$F41))) -> #VALUE! | Q41: =IF(OR($B41="",Q$3<$D41+Настройки!$B$7),0,MAX(0,$E41-MAX(0,SUMIFS(Тех_Движение!$G$2:$G$5111,Тех_Движение!$D$2:$D$5111,$C41,Тех_Движение!$B$2:$B$5111,"<="&Q$3)-$F41))) -> #VALUE! | R41: =IF($B41="","",SUM($K41:$Q41)) | S41: =IF($B41="","",VLOOKUP($C41,Настройки!$A$11:$L$17,9,FALSE)) | T41: =IF($B41="","",$R41*$S41)
A42: =Тех_Движение!$A$39 -> 38 | B42: =IF(Тех_Движение!$F$39>0,Тех_Движение!$I$39,"") | C42: =IF($B42="","",Тех_Движение!$D$39) | D42: =IF($B42="","",Тех_Движение!$B$39) | E42: =IF($B42="","",Тех_Движение!$F$39) | F42: =IF($B42="","",SUMIFS($E$5:$E41,$C$5:$C41,$C42)) | G42: =IF($B42="","",MAX(0,$E42-MAX(0,SUMIFS(Тех_Движение!$G$2:$G$5111,Тех_Движение!$D$2:$D$5111,$C42,Тех_Движение!$B$2:$B$5111,"<="&Настройки!$B$5-1)-$F42))) | H42: =IF($B42="","",IF(AND($D42>=Настройки!$B$5,$D42<=Настройки!$B$6),$E42,0)) | I42: =IF($B42="","",$G42+$H42-$J42) | J42: =IF($B42="","",MAX(0,$E42-MAX(0,SUMIFS(Тех_Движение!$G$2:$G$5111,Тех_Движение!$D$2:$D$5111,$C42,Тех_Движение!$B$2:$B$5111,"<="&Настройки!$B$6)-$F42))) | K42: =IF(OR($B42="",K$3<$D42+Настройки!$B$7),0,MAX(0,$E42-MAX(0,SUMIFS(Тех_Движение!$G$2:$G$5111,Тех_Движение!$D$2:$D$5111,$C42,Тех_Движение!$B$2:$B$5111,"<="&K$3)-$F42))) -> #VALUE! | L42: =IF(OR($B42="",L$3<$D42+Настройки!$B$7),0,MAX(0,$E42-MAX(0,SUMIFS(Тех_Движение!$G$2:$G$5111,Тех_Движение!$D$2:$D$5111,$C42,Тех_Движение!$B$2:$B$5111,"<="&L$3)-$F42))) -> #VALUE! | M42: =IF(OR($B42="",M$3<$D42+Настройки!$B$7),0,MAX(0,$E42-MAX(0,SUMIFS(Тех_Движение!$G$2:$G$5111,Тех_Движение!$D$2:$D$5111,$C42,Тех_Движение!$B$2:$B$5111,"<="&M$3)-$F42))) -> #VALUE! | N42: =IF(OR($B42="",N$3<$D42+Настройки!$B$7),0,MAX(0,$E42-MAX(0,SUMIFS(Тех_Движение!$G$2:$G$5111,Тех_Движение!$D$2:$D$5111,$C42,Тех_Движение!$B$2:$B$5111,"<="&N$3)-$F42))) -> #VALUE! | O42: =IF(OR($B42="",O$3<$D42+Настройки!$B$7),0,MAX(0,$E42-MAX(0,SUMIFS(Тех_Движение!$G$2:$G$5111,Тех_Движение!$D$2:$D$5111,$C42,Тех_Движение!$B$2:$B$5111,"<="&O$3)-$F42))) -> #VALUE! | P42: =IF(OR($B42="",P$3<$D42+Настройки!$B$7),0,MAX(0,$E42-MAX(0,SUMIFS(Тех_Движение!$G$2:$G$5111,Тех_Движение!$D$2:$D$5111,$C42,Тех_Движение!$B$2:$B$5111,"<="&P$3)-$F42))) -> #VALUE! | Q42: =IF(OR($B42="",Q$3<$D42+Настройки!$B$7),0,MAX(0,$E42-MAX(0,SUMIFS(Тех_Движение!$G$2:$G$5111,Тех_Движение!$D$2:$D$5111,$C42,Тех_Движение!$B$2:$B$5111,"<="&Q$3)-$F42))) -> #VALUE! | R42: =IF($B42="","",SUM($K42:$Q42)) | S42: =IF($B42="","",VLOOKUP($C42,Настройки!$A$11:$L$17,9,FALSE)) | T42: =IF($B42="","",$R42*$S42)
A43: =Тех_Движение!$A$40 -> 39 | B43: =IF(Тех_Движение!$F$40>0,Тех_Движение!$I$40,"") | C43: =IF($B43="","",Тех_Движение!$D$40) | D43: =IF($B43="","",Тех_Движение!$B$40) | E43: =IF($B43="","",Тех_Движение!$F$40) | F43: =IF($B43="","",SUMIFS($E$5:$E42,$C$5:$C42,$C43)) | G43: =IF($B43="","",MAX(0,$E43-MAX(0,SUMIFS(Тех_Движение!$G$2:$G$5111,Тех_Движение!$D$2:$D$5111,$C43,Тех_Движение!$B$2:$B$5111,"<="&Настройки!$B$5-1)-$F43))) | H43: =IF($B43="","",IF(AND($D43>=Настройки!$B$5,$D43<=Настройки!$B$6),$E43,0)) | I43: =IF($B43="","",$G43+$H43-$J43) | J43: =IF($B43="","",MAX(0,$E43-MAX(0,SUMIFS(Тех_Движение!$G$2:$G$5111,Тех_Движение!$D$2:$D$5111,$C43,Тех_Движение!$B$2:$B$5111,"<="&Настройки!$B$6)-$F43))) | K43: =IF(OR($B43="",K$3<$D43+Настройки!$B$7),0,MAX(0,$E43-MAX(0,SUMIFS(Тех_Движение!$G$2:$G$5111,Тех_Движение!$D$2:$D$5111,$C43,Тех_Движение!$B$2:$B$5111,"<="&K$3)-$F43))) -> #VALUE! | L43: =IF(OR($B43="",L$3<$D43+Настройки!$B$7),0,MAX(0,$E43-MAX(0,SUMIFS(Тех_Движение!$G$2:$G$5111,Тех_Движение!$D$2:$D$5111,$C43,Тех_Движение!$B$2:$B$5111,"<="&L$3)-$F43))) -> #VALUE! | M43: =IF(OR($B43="",M$3<$D43+Настройки!$B$7),0,MAX(0,$E43-MAX(0,SUMIFS(Тех_Движение!$G$2:$G$5111,Тех_Движение!$D$2:$D$5111,$C43,Тех_Движение!$B$2:$B$5111,"<="&M$3)-$F43))) -> #VALUE! | N43: =IF(OR($B43="",N$3<$D43+Настройки!$B$7),0,MAX(0,$E43-MAX(0,SUMIFS(Тех_Движение!$G$2:$G$5111,Тех_Движение!$D$2:$D$5111,$C43,Тех_Движение!$B$2:$B$5111,"<="&N$3)-$F43))) -> #VALUE! | O43: =IF(OR($B43="",O$3<$D43+Настройки!$B$7),0,MAX(0,$E43-MAX(0,SUMIFS(Тех_Движение!$G$2:$G$5111,Тех_Движение!$D$2:$D$5111,$C43,Тех_Движение!$B$2:$B$5111,"<="&O$3)-$F43))) -> #VALUE! | P43: =IF(OR($B43="",P$3<$D43+Настройки!$B$7),0,MAX(0,$E43-MAX(0,SUMIFS(Тех_Движение!$G$2:$G$5111,Тех_Движение!$D$2:$D$5111,$C43,Тех_Движение!$B$2:$B$5111,"<="&P$3)-$F43))) -> #VALUE! | Q43: =IF(OR($B43="",Q$3<$D43+Настройки!$B$7),0,MAX(0,$E43-MAX(0,SUMIFS(Тех_Движение!$G$2:$G$5111,Тех_Движение!$D$2:$D$5111,$C43,Тех_Движение!$B$2:$B$5111,"<="&Q$3)-$F43))) -> #VALUE! | R43: =IF($B43="","",SUM($K43:$Q43)) | S43: =IF($B43="","",VLOOKUP($C43,Настройки!$A$11:$L$17,9,FALSE)) | T43: =IF($B43="","",$R43*$S43)
A44: =Тех_Движение!$A$41 -> 40 | B44: =IF(Тех_Движение!$F$41>0,Тех_Движение!$I$41,"") | C44: =IF($B44="","",Тех_Движение!$D$41) | D44: =IF($B44="","",Тех_Движение!$B$41) | E44: =IF($B44="","",Тех_Движение!$F$41) | F44: =IF($B44="","",SUMIFS($E$5:$E43,$C$5:$C43,$C44)) | G44: =IF($B44="","",MAX(0,$E44-MAX(0,SUMIFS(Тех_Движение!$G$2:$G$5111,Тех_Движение!$D$2:$D$5111,$C44,Тех_Движение!$B$2:$B$5111,"<="&Настройки!$B$5-1)-$F44))) | H44: =IF($B44="","",IF(AND($D44>=Настройки!$B$5,$D44<=Настройки!$B$6),$E44,0)) | I44: =IF($B44="","",$G44+$H44-$J44) | J44: =IF($B44="","",MAX(0,$E44-MAX(0,SUMIFS(Тех_Движение!$G$2:$G$5111,Тех_Движение!$D$2:$D$5111,$C44,Тех_Движение!$B$2:$B$5111,"<="&Настройки!$B$6)-$F44))) | K44: =IF(OR($B44="",K$3<$D44+Настройки!$B$7),0,MAX(0,$E44-MAX(0,SUMIFS(Тех_Движение!$G$2:$G$5111,Тех_Движение!$D$2:$D$5111,$C44,Тех_Движение!$B$2:$B$5111,"<="&K$3)-$F44))) -> #VALUE! | L44: =IF(OR($B44="",L$3<$D44+Настройки!$B$7),0,MAX(0,$E44-MAX(0,SUMIFS(Тех_Движение!$G$2:$G$5111,Тех_Движение!$D$2:$D$5111,$C44,Тех_Движение!$B$2:$B$5111,"<="&L$3)-$F44))) -> #VALUE! | M44: =IF(OR($B44="",M$3<$D44+Настройки!$B$7),0,MAX(0,$E44-MAX(0,SUMIFS(Тех_Движение!$G$2:$G$5111,Тех_Движение!$D$2:$D$5111,$C44,Тех_Движение!$B$2:$B$5111,"<="&M$3)-$F44))) -> #VALUE! | N44: =IF(OR($B44="",N$3<$D44+Настройки!$B$7),0,MAX(0,$E44-MAX(0,SUMIFS(Тех_Движение!$G$2:$G$5111,Тех_Движение!$D$2:$D$5111,$C44,Тех_Движение!$B$2:$B$5111,"<="&N$3)-$F44))) -> #VALUE! | O44: =IF(OR($B44="",O$3<$D44+Настройки!$B$7),0,MAX(0,$E44-MAX(0,SUMIFS(Тех_Движение!$G$2:$G$5111,Тех_Движение!$D$2:$D$5111,$C44,Тех_Движение!$B$2:$B$5111,"<="&O$3)-$F44))) -> #VALUE! | P44: =IF(OR($B44="",P$3<$D44+Настройки!$B$7),0,MAX(0,$E44-MAX(0,SUMIFS(Тех_Движение!$G$2:$G$5111,Тех_Движение!$D$2:$D$5111,$C44,Тех_Движение!$B$2:$B$5111,"<="&P$3)-$F44))) -> #VALUE! | Q44: =IF(OR($B44="",Q$3<$D44+Настройки!$B$7),0,MAX(0,$E44-MAX(0,SUMIFS(Тех_Движение!$G$2:$G$5111,Тех_Движение!$D$2:$D$5111,$C44,Тех_Движение!$B$2:$B$5111,"<="&Q$3)-$F44))) -> #VALUE! | R44: =IF($B44="","",SUM($K44:$Q44)) | S44: =IF($B44="","",VLOOKUP($C44,Настройки!$A$11:$L$17,9,FALSE)) | T44: =IF($B44="","",$R44*$S44)
A45: =Тех_Движение!$A$42 -> 41 | B45: =IF(Тех_Движение!$F$42>0,Тех_Движение!$I$42,"") | C45: =IF($B45="","",Тех_Движение!$D$42) | D45: =IF($B45="","",Тех_Движение!$B$42) | E45: =IF($B45="","",Тех_Движение!$F$42) | F45: =IF($B45="","",SUMIFS($E$5:$E44,$C$5:$C44,$C45)) | G45: =IF($B45="","",MAX(0,$E45-MAX(0,SUMIFS(Тех_Движение!$G$2:$G$5111,Тех_Движение!$D$2:$D$5111,$C45,Тех_Движение!$B$2:$B$5111,"<="&Настройки!$B$5-1)-$F45))) | H45: =IF($B45="","",IF(AND($D45>=Настройки!$B$5,$D45<=Настройки!$B$6),$E45,0)) | I45: =IF($B45="","",$G45+$H45-$J45) | J45: =IF($B45="","",MAX(0,$E45-MAX(0,SUMIFS(Тех_Движение!$G$2:$G$5111,Тех_Движение!$D$2:$D$5111,$C45,Тех_Движение!$B$2:$B$5111,"<="&Настройки!$B$6)-$F45))) | K45: =IF(OR($B45="",K$3<$D45+Настройки!$B$7),0,MAX(0,$E45-MAX(0,SUMIFS(Тех_Движение!$G$2:$G$5111,Тех_Движение!$D$2:$D$5111,$C45,Тех_Движение!$B$2:$B$5111,"<="&K$3)-$F45))) -> #VALUE! | L45: =IF(OR($B45="",L$3<$D45+Настройки!$B$7),0,MAX(0,$E45-MAX(0,SUMIFS(Тех_Движение!$G$2:$G$5111,Тех_Движение!$D$2:$D$5111,$C45,Тех_Движение!$B$2:$B$5111,"<="&L$3)-$F45))) -> #VALUE! | M45: =IF(OR($B45="",M$3<$D45+Настройки!$B$7),0,MAX(0,$E45-MAX(0,SUMIFS(Тех_Движение!$G$2:$G$5111,Тех_Движение!$D$2:$D$5111,$C45,Тех_Движение!$B$2:$B$5111,"<="&M$3)-$F45))) -> #VALUE! | N45: =IF(OR($B45="",N$3<$D45+Настройки!$B$7),0,MAX(0,$E45-MAX(0,SUMIFS(Тех_Движение!$G$2:$G$5111,Тех_Движение!$D$2:$D$5111,$C45,Тех_Движение!$B$2:$B$5111,"<="&N$3)-$F45))) -> #VALUE! | O45: =IF(OR($B45="",O$3<$D45+Настройки!$B$7),0,MAX(0,$E45-MAX(0,SUMIFS(Тех_Движение!$G$2:$G$5111,Тех_Движение!$D$2:$D$5111,$C45,Тех_Движение!$B$2:$B$5111,"<="&O$3)-$F45))) -> #VALUE! | P45: =IF(OR($B45="",P$3<$D45+Настройки!$B$7),0,MAX(0,$E45-MAX(0,SUMIFS(Тех_Движение!$G$2:$G$5111,Тех_Движение!$D$2:$D$5111,$C45,Тех_Движение!$B$2:$B$5111,"<="&P$3)-$F45))) -> #VALUE! | Q45: =IF(OR($B45="",Q$3<$D45+Настройки!$B$7),0,MAX(0,$E45-MAX(0,SUMIFS(Тех_Движение!$G$2:$G$5111,Тех_Движение!$D$2:$D$5111,$C45,Тех_Движение!$B$2:$B$5111,"<="&Q$3)-$F45))) -> #VALUE! | R45: =IF($B45="","",SUM($K45:$Q45)) | S45: =IF($B45="","",VLOOKUP($C45,Настройки!$A$11:$L$17,9,FALSE)) | T45: =IF($B45="","",$R45*$S45)
A46: =Тех_Движение!$A$43 -> 42 | B46: =IF(Тех_Движение!$F$43>0,Тех_Движение!$I$43,"") | C46: =IF($B46="","",Тех_Движение!$D$43) | D46: =IF($B46="","",Тех_Движение!$B$43) | E46: =IF($B46="","",Тех_Движение!$F$43) | F46: =IF($B46="","",SUMIFS($E$5:$E45,$C$5:$C45,$C46)) | G46: =IF($B46="","",MAX(0,$E46-MAX(0,SUMIFS(Тех_Движение!$G$2:$G$5111,Тех_Движение!$D$2:$D$5111,$C46,Тех_Движение!$B$2:$B$5111,"<="&Настройки!$B$5-1)-$F46))) | H46: =IF($B46="","",IF(AND($D46>=Настройки!$B$5,$D46<=Настройки!$B$6),$E46,0)) | I46: =IF($B46="","",$G46+$H46-$J46) | J46: =IF($B46="","",MAX(0,$E46-MAX(0,SUMIFS(Тех_Движение!$G$2:$G$5111,Тех_Движение!$D$2:$D$5111,$C46,Тех_Движение!$B$2:$B$5111,"<="&Настройки!$B$6)-$F46))) | K46: =IF(OR($B46="",K$3<$D46+Настройки!$B$7),0,MAX(0,$E46-MAX(0,SUMIFS(Тех_Движение!$G$2:$G$5111,Тех_Движение!$D$2:$D$5111,$C46,Тех_Движение!$B$2:$B$5111,"<="&K$3)-$F46))) -> #VALUE! | L46: =IF(OR($B46="",L$3<$D46+Настройки!$B$7),0,MAX(0,$E46-MAX(0,SUMIFS(Тех_Движение!$G$2:$G$5111,Тех_Движение!$D$2:$D$5111,$C46,Тех_Движение!$B$2:$B$5111,"<="&L$3)-$F46))) -> #VALUE! | M46: =IF(OR($B46="",M$3<$D46+Настройки!$B$7),0,MAX(0,$E46-MAX(0,SUMIFS(Тех_Движение!$G$2:$G$5111,Тех_Движение!$D$2:$D$5111,$C46,Тех_Движение!$B$2:$B$5111,"<="&M$3)-$F46))) -> #VALUE! | N46: =IF(OR($B46="",N$3<$D46+Настройки!$B$7),0,MAX(0,$E46-MAX(0,SUMIFS(Тех_Движение!$G$2:$G$5111,Тех_Движение!$D$2:$D$5111,$C46,Тех_Движение!$B$2:$B$5111,"<="&N$3)-$F46))) -> #VALUE! | O46: =IF(OR($B46="",O$3<$D46+Настройки!$B$7),0,MAX(0,$E46-MAX(0,SUMIFS(Тех_Движение!$G$2:$G$5111,Тех_Движение!$D$2:$D$5111,$C46,Тех_Движение!$B$2:$B$5111,"<="&O$3)-$F46))) -> #VALUE! | P46: =IF(OR($B46="",P$3<$D46+Настройки!$B$7),0,MAX(0,$E46-MAX(0,SUMIFS(Тех_Движение!$G$2:$G$5111,Тех_Движение!$D$2:$D$5111,$C46,Тех_Движение!$B$2:$B$5111,"<="&P$3)-$F46))) -> #VALUE! | Q46: =IF(OR($B46="",Q$3<$D46+Настройки!$B$7),0,MAX(0,$E46-MAX(0,SUMIFS(Тех_Движение!$G$2:$G$5111,Тех_Движение!$D$2:$D$5111,$C46,Тех_Движение!$B$2:$B$5111,"<="&Q$3)-$F46))) -> #VALUE! | R46: =IF($B46="","",SUM($K46:$Q46)) | S46: =IF($B46="","",VLOOKUP($C46,Настройки!$A$11:$L$17,9,FALSE)) | T46: =IF($B46="","",$R46*$S46)
A47: =Тех_Движение!$A$44 -> 43 | B47: =IF(Тех_Движение!$F$44>0,Тех_Движение!$I$44,"") | C47: =IF($B47="","",Тех_Движение!$D$44) | D47: =IF($B47="","",Тех_Движение!$B$44) | E47: =IF($B47="","",Тех_Движение!$F$44) | F47: =IF($B47="","",SUMIFS($E$5:$E46,$C$5:$C46,$C47)) | G47: =IF($B47="","",MAX(0,$E47-MAX(0,SUMIFS(Тех_Движение!$G$2:$G$5111,Тех_Движение!$D$2:$D$5111,$C47,Тех_Движение!$B$2:$B$5111,"<="&Настройки!$B$5-1)-$F47))) | H47: =IF($B47="","",IF(AND($D47>=Настройки!$B$5,$D47<=Настройки!$B$6),$E47,0)) | I47: =IF($B47="","",$G47+$H47-$J47) | J47: =IF($B47="","",MAX(0,$E47-MAX(0,SUMIFS(Тех_Движение!$G$2:$G$5111,Тех_Движение!$D$2:$D$5111,$C47,Тех_Движение!$B$2:$B$5111,"<="&Настройки!$B$6)-$F47))) | K47: =IF(OR($B47="",K$3<$D47+Настройки!$B$7),0,MAX(0,$E47-MAX(0,SUMIFS(Тех_Движение!$G$2:$G$5111,Тех_Движение!$D$2:$D$5111,$C47,Тех_Движение!$B$2:$B$5111,"<="&K$3)-$F47))) -> #VALUE! | L47: =IF(OR($B47="",L$3<$D47+Настройки!$B$7),0,MAX(0,$E47-MAX(0,SUMIFS(Тех_Движение!$G$2:$G$5111,Тех_Движение!$D$2:$D$5111,$C47,Тех_Движение!$B$2:$B$5111,"<="&L$3)-$F47))) -> #VALUE! | M47: =IF(OR($B47="",M$3<$D47+Настройки!$B$7),0,MAX(0,$E47-MAX(0,SUMIFS(Тех_Движение!$G$2:$G$5111,Тех_Движение!$D$2:$D$5111,$C47,Тех_Движение!$B$2:$B$5111,"<="&M$3)-$F47))) -> #VALUE! | N47: =IF(OR($B47="",N$3<$D47+Настройки!$B$7),0,MAX(0,$E47-MAX(0,SUMIFS(Тех_Движение!$G$2:$G$5111,Тех_Движение!$D$2:$D$5111,$C47,Тех_Движение!$B$2:$B$5111,"<="&N$3)-$F47))) -> #VALUE! | O47: =IF(OR($B47="",O$3<$D47+Настройки!$B$7),0,MAX(0,$E47-MAX(0,SUMIFS(Тех_Движение!$G$2:$G$5111,Тех_Движение!$D$2:$D$5111,$C47,Тех_Движение!$B$2:$B$5111,"<="&O$3)-$F47))) -> #VALUE! | P47: =IF(OR($B47="",P$3<$D47+Настройки!$B$7),0,MAX(0,$E47-MAX(0,SUMIFS(Тех_Движение!$G$2:$G$5111,Тех_Движение!$D$2:$D$5111,$C47,Тех_Движение!$B$2:$B$5111,"<="&P$3)-$F47))) -> #VALUE! | Q47: =IF(OR($B47="",Q$3<$D47+Настройки!$B$7),0,MAX(0,$E47-MAX(0,SUMIFS(Тех_Движение!$G$2:$G$5111,Тех_Движение!$D$2:$D$5111,$C47,Тех_Движение!$B$2:$B$5111,"<="&Q$3)-$F47))) -> #VALUE! | R47: =IF($B47="","",SUM($K47:$Q47)) | S47: =IF($B47="","",VLOOKUP($C47,Настройки!$A$11:$L$17,9,FALSE)) | T47: =IF($B47="","",$R47*$S47)
A48: =Тех_Движение!$A$45 -> 44 | B48: =IF(Тех_Движение!$F$45>0,Тех_Движение!$I$45,"") | C48: =IF($B48="","",Тех_Движение!$D$45) | D48: =IF($B48="","",Тех_Движение!$B$45) | E48: =IF($B48="","",Тех_Движение!$F$45) | F48: =IF($B48="","",SUMIFS($E$5:$E47,$C$5:$C47,$C48)) | G48: =IF($B48="","",MAX(0,$E48-MAX(0,SUMIFS(Тех_Движение!$G$2:$G$5111,Тех_Движение!$D$2:$D$5111,$C48,Тех_Движение!$B$2:$B$5111,"<="&Настройки!$B$5-1)-$F48))) | H48: =IF($B48="","",IF(AND($D48>=Настройки!$B$5,$D48<=Настройки!$B$6),$E48,0)) | I48: =IF($B48="","",$G48+$H48-$J48) | J48: =IF($B48="","",MAX(0,$E48-MAX(0,SUMIFS(Тех_Движение!$G$2:$G$5111,Тех_Движение!$D$2:$D$5111,$C48,Тех_Движение!$B$2:$B$5111,"<="&Настройки!$B$6)-$F48))) | K48: =IF(OR($B48="",K$3<$D48+Настройки!$B$7),0,MAX(0,$E48-MAX(0,SUMIFS(Тех_Движение!$G$2:$G$5111,Тех_Движение!$D$2:$D$5111,$C48,Тех_Движение!$B$2:$B$5111,"<="&K$3)-$F48))) -> #VALUE! | L48: =IF(OR($B48="",L$3<$D48+Настройки!$B$7),0,MAX(0,$E48-MAX(0,SUMIFS(Тех_Движение!$G$2:$G$5111,Тех_Движение!$D$2:$D$5111,$C48,Тех_Движение!$B$2:$B$5111,"<="&L$3)-$F48))) -> #VALUE! | M48: =IF(OR($B48="",M$3<$D48+Настройки!$B$7),0,MAX(0,$E48-MAX(0,SUMIFS(Тех_Движение!$G$2:$G$5111,Тех_Движение!$D$2:$D$5111,$C48,Тех_Движение!$B$2:$B$5111,"<="&M$3)-$F48))) -> #VALUE! | N48: =IF(OR($B48="",N$3<$D48+Настройки!$B$7),0,MAX(0,$E48-MAX(0,SUMIFS(Тех_Движение!$G$2:$G$5111,Тех_Движение!$D$2:$D$5111,$C48,Тех_Движение!$B$2:$B$5111,"<="&N$3)-$F48))) -> #VALUE! | O48: =IF(OR($B48="",O$3<$D48+Настройки!$B$7),0,MAX(0,$E48-MAX(0,SUMIFS(Тех_Движение!$G$2:$G$5111,Тех_Движение!$D$2:$D$5111,$C48,Тех_Движение!$B$2:$B$5111,"<="&O$3)-$F48))) -> #VALUE! | P48: =IF(OR($B48="",P$3<$D48+Настройки!$B$7),0,MAX(0,$E48-MAX(0,SUMIFS(Тех_Движение!$G$2:$G$5111,Тех_Движение!$D$2:$D$5111,$C48,Тех_Движение!$B$2:$B$5111,"<="&P$3)-$F48))) -> #VALUE! | Q48: =IF(OR($B48="",Q$3<$D48+Настройки!$B$7),0,MAX(0,$E48-MAX(0,SUMIFS(Тех_Движение!$G$2:$G$5111,Тех_Движение!$D$2:$D$5111,$C48,Тех_Движение!$B$2:$B$5111,"<="&Q$3)-$F48))) -> #VALUE! | R48: =IF($B48="","",SUM($K48:$Q48)) | S48: =IF($B48="","",VLOOKUP($C48,Настройки!$A$11:$L$17,9,FALSE)) | T48: =IF($B48="","",$R48*$S48)
A49: =Тех_Движение!$A$46 -> 45 | B49: =IF(Тех_Движение!$F$46>0,Тех_Движение!$I$46,"") -> dd.mm_Г 1800 | C49: =IF($B49="","",Тех_Движение!$D$46) -> Г 1800 | D49: =IF($B49="","",Тех_Движение!$B$46) -> 46247 | E49: =IF($B49="","",Тех_Движение!$F$46) -> 10 | F49: =IF($B49="","",SUMIFS($E$5:$E48,$C$5:$C48,$C49)) -> 19 | G49: =IF($B49="","",MAX(0,$E49-MAX(0,SUMIFS(Тех_Движение!$G$2:$G$5111,Тех_Движение!$D$2:$D$5111,$C49,Тех_Движение!$B$2:$B$5111,"<="&Настройки!$B$5-1)-$F49))) -> 0 | H49: =IF($B49="","",IF(AND($D49>=Настройки!$B$5,$D49<=Настройки!$B$6),$E49,0)) -> 0 | I49: =IF($B49="","",$G49+$H49-$J49) -> 0 | J49: =IF($B49="","",MAX(0,$E49-MAX(0,SUMIFS(Тех_Движение!$G$2:$G$5111,Тех_Движение!$D$2:$D$5111,$C49,Тех_Движение!$B$2:$B$5111,"<="&Настройки!$B$6)-$F49))) -> 0 | K49: =IF(OR($B49="",K$3<$D49+Настройки!$B$7),0,MAX(0,$E49-MAX(0,SUMIFS(Тех_Движение!$G$2:$G$5111,Тех_Движение!$D$2:$D$5111,$C49,Тех_Движение!$B$2:$B$5111,"<="&K$3)-$F49))) -> 0 | L49: =IF(OR($B49="",L$3<$D49+Настройки!$B$7),0,MAX(0,$E49-MAX(0,SUMIFS(Тех_Движение!$G$2:$G$5111,Тех_Движение!$D$2:$D$5111,$C49,Тех_Движение!$B$2:$B$5111,"<="&L$3)-$F49))) -> 0 | M49: =IF(OR($B49="",M$3<$D49+Настройки!$B$7),0,MAX(0,$E49-MAX(0,SUMIFS(Тех_Движение!$G$2:$G$5111,Тех_Движение!$D$2:$D$5111,$C49,Тех_Движение!$B$2:$B$5111,"<="&M$3)-$F49))) -> 0 | N49: =IF(OR($B49="",N$3<$D49+Настройки!$B$7),0,MAX(0,$E49-MAX(0,SUMIFS(Тех_Движение!$G$2:$G$5111,Тех_Движение!$D$2:$D$5111,$C49,Тех_Движение!$B$2:$B$5111,"<="&N$3)-$F49))) -> 0 | O49: =IF(OR($B49="",O$3<$D49+Настройки!$B$7),0,MAX(0,$E49-MAX(0,SUMIFS(Тех_Движение!$G$2:$G$5111,Тех_Движение!$D$2:$D$5111,$C49,Тех_Движение!$B$2:$B$5111,"<="&O$3)-$F49))) -> 0 | P49: =IF(OR($B49="",P$3<$D49+Настройки!$B$7),0,MAX(0,$E49-MAX(0,SUMIFS(Тех_Движение!$G$2:$G$5111,Тех_Движение!$D$2:$D$5111,$C49,Тех_Движение!$B$2:$B$5111,"<="&P$3)-$F49))) -> 0 | Q49: =IF(OR($B49="",Q$3<$D49+Настройки!$B$7),0,MAX(0,$E49-MAX(0,SUMIFS(Тех_Движение!$G$2:$G$5111,Тех_Движение!$D$2:$D$5111,$C49,Тех_Движение!$B$2:$B$5111,"<="&Q$3)-$F49))) -> 0 | R49: =IF($B49="","",SUM($K49:$Q49)) -> 0 | S49: =IF($B49="","",VLOOKUP($C49,Настройки!$A$11:$L$17,9,FALSE)) -> 5 | T49: =IF($B49="","",$R49*$S49) -> 0
A50: =Тех_Движение!$A$47 -> 46 | B50: =IF(Тех_Движение!$F$47>0,Тех_Движение!$I$47,"") | C50: =IF($B50="","",Тех_Движение!$D$47) | D50: =IF($B50="","",Тех_Движение!$B$47) | E50: =IF($B50="","",Тех_Движение!$F$47) | F50: =IF($B50="","",SUMIFS($E$5:$E49,$C$5:$C49,$C50)) | G50: =IF($B50="","",MAX(0,$E50-MAX(0,SUMIFS(Тех_Движение!$G$2:$G$5111,Тех_Движение!$D$2:$D$5111,$C50,Тех_Движение!$B$2:$B$5111,"<="&Настройки!$B$5-1)-$F50))) | H50: =IF($B50="","",IF(AND($D50>=Настройки!$B$5,$D50<=Настройки!$B$6),$E50,0)) | I50: =IF($B50="","",$G50+$H50-$J50) | J50: =IF($B50="","",MAX(0,$E50-MAX(0,SUMIFS(Тех_Движение!$G$2:$G$5111,Тех_Движение!$D$2:$D$5111,$C50,Тех_Движение!$B$2:$B$5111,"<="&Настройки!$B$6)-$F50))) | K50: =IF(OR($B50="",K$3<$D50+Настройки!$B$7),0,MAX(0,$E50-MAX(0,SUMIFS(Тех_Движение!$G$2:$G$5111,Тех_Движение!$D$2:$D$5111,$C50,Тех_Движение!$B$2:$B$5111,"<="&K$3)-$F50))) -> #VALUE! | L50: =IF(OR($B50="",L$3<$D50+Настройки!$B$7),0,MAX(0,$E50-MAX(0,SUMIFS(Тех_Движение!$G$2:$G$5111,Тех_Движение!$D$2:$D$5111,$C50,Тех_Движение!$B$2:$B$5111,"<="&L$3)-$F50))) -> #VALUE! | M50: =IF(OR($B50="",M$3<$D50+Настройки!$B$7),0,MAX(0,$E50-MAX(0,SUMIFS(Тех_Движение!$G$2:$G$5111,Тех_Движение!$D$2:$D$5111,$C50,Тех_Движение!$B$2:$B$5111,"<="&M$3)-$F50))) -> #VALUE! | N50: =IF(OR($B50="",N$3<$D50+Настройки!$B$7),0,MAX(0,$E50-MAX(0,SUMIFS(Тех_Движение!$G$2:$G$5111,Тех_Движение!$D$2:$D$5111,$C50,Тех_Движение!$B$2:$B$5111,"<="&N$3)-$F50))) -> #VALUE! | O50: =IF(OR($B50="",O$3<$D50+Настройки!$B$7),0,MAX(0,$E50-MAX(0,SUMIFS(Тех_Движение!$G$2:$G$5111,Тех_Движение!$D$2:$D$5111,$C50,Тех_Движение!$B$2:$B$5111,"<="&O$3)-$F50))) -> #VALUE! | P50: =IF(OR($B50="",P$3<$D50+Настройки!$B$7),0,MAX(0,$E50-MAX(0,SUMIFS(Тех_Движение!$G$2:$G$5111,Тех_Движение!$D$2:$D$5111,$C50,Тех_Движение!$B$2:$B$5111,"<="&P$3)-$F50))) -> #VALUE! | Q50: =IF(OR($B50="",Q$3<$D50+Настройки!$B$7),0,MAX(0,$E50-MAX(0,SUMIFS(Тех_Движение!$G$2:$G$5111,Тех_Движение!$D$2:$D$5111,$C50,Тех_Движение!$B$2:$B$5111,"<="&Q$3)-$F50))) -> #VALUE! | R50: =IF($B50="","",SUM($K50:$Q50)) | S50: =IF($B50="","",VLOOKUP($C50,Настройки!$A$11:$L$17,9,FALSE)) | T50: =IF($B50="","",$R50*$S50)
A51: =Тех_Движение!$A$48 -> 47 | B51: =IF(Тех_Движение!$F$48>0,Тех_Движение!$I$48,"") | C51: =IF($B51="","",Тех_Движение!$D$48) | D51: =IF($B51="","",Тех_Движение!$B$48) | E51: =IF($B51="","",Тех_Движение!$F$48) | F51: =IF($B51="","",SUMIFS($E$5:$E50,$C$5:$C50,$C51)) | G51: =IF($B51="","",MAX(0,$E51-MAX(0,SUMIFS(Тех_Движение!$G$2:$G$5111,Тех_Движение!$D$2:$D$5111,$C51,Тех_Движение!$B$2:$B$5111,"<="&Настройки!$B$5-1)-$F51))) | H51: =IF($B51="","",IF(AND($D51>=Настройки!$B$5,$D51<=Настройки!$B$6),$E51,0)) | I51: =IF($B51="","",$G51+$H51-$J51) | J51: =IF($B51="","",MAX(0,$E51-MAX(0,SUMIFS(Тех_Движение!$G$2:$G$5111,Тех_Движение!$D$2:$D$5111,$C51,Тех_Движение!$B$2:$B$5111,"<="&Настройки!$B$6)-$F51))) | K51: =IF(OR($B51="",K$3<$D51+Настройки!$B$7),0,MAX(0,$E51-MAX(0,SUMIFS(Тех_Движение!$G$2:$G$5111,Тех_Движение!$D$2:$D$5111,$C51,Тех_Движение!$B$2:$B$5111,"<="&K$3)-$F51))) -> #VALUE! | L51: =IF(OR($B51="",L$3<$D51+Настройки!$B$7),0,MAX(0,$E51-MAX(0,SUMIFS(Тех_Движение!$G$2:$G$5111,Тех_Движение!$D$2:$D$5111,$C51,Тех_Движение!$B$2:$B$5111,"<="&L$3)-$F51))) -> #VALUE! | M51: =IF(OR($B51="",M$3<$D51+Настройки!$B$7),0,MAX(0,$E51-MAX(0,SUMIFS(Тех_Движение!$G$2:$G$5111,Тех_Движение!$D$2:$D$5111,$C51,Тех_Движение!$B$2:$B$5111,"<="&M$3)-$F51))) -> #VALUE! | N51: =IF(OR($B51="",N$3<$D51+Настройки!$B$7),0,MAX(0,$E51-MAX(0,SUMIFS(Тех_Движение!$G$2:$G$5111,Тех_Движение!$D$2:$D$5111,$C51,Тех_Движение!$B$2:$B$5111,"<="&N$3)-$F51))) -> #VALUE! | O51: =IF(OR($B51="",O$3<$D51+Настройки!$B$7),0,MAX(0,$E51-MAX(0,SUMIFS(Тех_Движение!$G$2:$G$5111,Тех_Движение!$D$2:$D$5111,$C51,Тех_Движение!$B$2:$B$5111,"<="&O$3)-$F51))) -> #VALUE! | P51: =IF(OR($B51="",P$3<$D51+Настройки!$B$7),0,MAX(0,$E51-MAX(0,SUMIFS(Тех_Движение!$G$2:$G$5111,Тех_Движение!$D$2:$D$5111,$C51,Тех_Движение!$B$2:$B$5111,"<="&P$3)-$F51))) -> #VALUE! | Q51: =IF(OR($B51="",Q$3<$D51+Настройки!$B$7),0,MAX(0,$E51-MAX(0,SUMIFS(Тех_Движение!$G$2:$G$5111,Тех_Движение!$D$2:$D$5111,$C51,Тех_Движение!$B$2:$B$5111,"<="&Q$3)-$F51))) -> #VALUE! | R51: =IF($B51="","",SUM($K51:$Q51)) | S51: =IF($B51="","",VLOOKUP($C51,Настройки!$A$11:$L$17,9,FALSE)) | T51: =IF($B51="","",$R51*$S51)
A52: =Тех_Движение!$A$49 -> 48 | B52: =IF(Тех_Движение!$F$49>0,Тех_Движение!$I$49,"") -> dd.mm_Ми-К | C52: =IF($B52="","",Тех_Движение!$D$49) -> Ми-К | D52: =IF($B52="","",Тех_Движение!$B$49) -> 46247 | E52: =IF($B52="","",Тех_Движение!$F$49) -> 10 | F52: =IF($B52="","",SUMIFS($E$5:$E51,$C$5:$C51,$C52)) -> 20 | G52: =IF($B52="","",MAX(0,$E52-MAX(0,SUMIFS(Тех_Движение!$G$2:$G$5111,Тех_Движение!$D$2:$D$5111,$C52,Тех_Движение!$B$2:$B$5111,"<="&Настройки!$B$5-1)-$F52))) -> 0 | H52: =IF($B52="","",IF(AND($D52>=Настройки!$B$5,$D52<=Настройки!$B$6),$E52,0)) -> 0 | I52: =IF($B52="","",$G52+$H52-$J52) -> 0 | J52: =IF($B52="","",MAX(0,$E52-MAX(0,SUMIFS(Тех_Движение!$G$2:$G$5111,Тех_Движение!$D$2:$D$5111,$C52,Тех_Движение!$B$2:$B$5111,"<="&Настройки!$B$6)-$F52))) -> 0 | K52: =IF(OR($B52="",K$3<$D52+Настройки!$B$7),0,MAX(0,$E52-MAX(0,SUMIFS(Тех_Движение!$G$2:$G$5111,Тех_Движение!$D$2:$D$5111,$C52,Тех_Движение!$B$2:$B$5111,"<="&K$3)-$F52))) -> 0 | L52: =IF(OR($B52="",L$3<$D52+Настройки!$B$7),0,MAX(0,$E52-MAX(0,SUMIFS(Тех_Движение!$G$2:$G$5111,Тех_Движение!$D$2:$D$5111,$C52,Тех_Движение!$B$2:$B$5111,"<="&L$3)-$F52))) -> 0 | M52: =IF(OR($B52="",M$3<$D52+Настройки!$B$7),0,MAX(0,$E52-MAX(0,SUMIFS(Тех_Движение!$G$2:$G$5111,Тех_Движение!$D$2:$D$5111,$C52,Тех_Движение!$B$2:$B$5111,"<="&M$3)-$F52))) -> 0 | N52: =IF(OR($B52="",N$3<$D52+Настройки!$B$7),0,MAX(0,$E52-MAX(0,SUMIFS(Тех_Движение!$G$2:$G$5111,Тех_Движение!$D$2:$D$5111,$C52,Тех_Движение!$B$2:$B$5111,"<="&N$3)-$F52))) -> 0 | O52: =IF(OR($B52="",O$3<$D52+Настройки!$B$7),0,MAX(0,$E52-MAX(0,SUMIFS(Тех_Движение!$G$2:$G$5111,Тех_Движение!$D$2:$D$5111,$C52,Тех_Движение!$B$2:$B$5111,"<="&O$3)-$F52))) -> 0 | P52: =IF(OR($B52="",P$3<$D52+Настройки!$B$7),0,MAX(0,$E52-MAX(0,SUMIFS(Тех_Движение!$G$2:$G$5111,Тех_Движение!$D$2:$D$5111,$C52,Тех_Движение!$B$2:$B$5111,"<="&P$3)-$F52))) -> 0 | Q52: =IF(OR($B52="",Q$3<$D52+Настройки!$B$7),0,MAX(0,$E52-MAX(0,SUMIFS(Тех_Движение!$G$2:$G$5111,Тех_Движение!$D$2:$D$5111,$C52,Тех_Движение!$B$2:$B$5111,"<="&Q$3)-$F52))) -> 0 | R52: =IF($B52="","",SUM($K52:$Q52)) -> 0 | S52: =IF($B52="","",VLOOKUP($C52,Настройки!$A$11:$L$17,9,FALSE)) -> 1.3636364 | T52: =IF($B52="","",$R52*$S52) -> 0
A53: =Тех_Движение!$A$50 -> 49 | B53: =IF(Тех_Движение!$F$50>0,Тех_Движение!$I$50,"") | C53: =IF($B53="","",Тех_Движение!$D$50) | D53: =IF($B53="","",Тех_Движение!$B$50) | E53: =IF($B53="","",Тех_Движение!$F$50) | F53: =IF($B53="","",SUMIFS($E$5:$E52,$C$5:$C52,$C53)) | G53: =IF($B53="","",MAX(0,$E53-MAX(0,SUMIFS(Тех_Движение!$G$2:$G$5111,Тех_Движение!$D$2:$D$5111,$C53,Тех_Движение!$B$2:$B$5111,"<="&Настройки!$B$5-1)-$F53))) | H53: =IF($B53="","",IF(AND($D53>=Настройки!$B$5,$D53<=Настройки!$B$6),$E53,0)) | I53: =IF($B53="","",$G53+$H53-$J53) | J53: =IF($B53="","",MAX(0,$E53-MAX(0,SUMIFS(Тех_Движение!$G$2:$G$5111,Тех_Движение!$D$2:$D$5111,$C53,Тех_Движение!$B$2:$B$5111,"<="&Настройки!$B$6)-$F53))) | K53: =IF(OR($B53="",K$3<$D53+Настройки!$B$7),0,MAX(0,$E53-MAX(0,SUMIFS(Тех_Движение!$G$2:$G$5111,Тех_Движение!$D$2:$D$5111,$C53,Тех_Движение!$B$2:$B$5111,"<="&K$3)-$F53))) -> #VALUE! | L53: =IF(OR($B53="",L$3<$D53+Настройки!$B$7),0,MAX(0,$E53-MAX(0,SUMIFS(Тех_Движение!$G$2:$G$5111,Тех_Движение!$D$2:$D$5111,$C53,Тех_Движение!$B$2:$B$5111,"<="&L$3)-$F53))) -> #VALUE! | M53: =IF(OR($B53="",M$3<$D53+Настройки!$B$7),0,MAX(0,$E53-MAX(0,SUMIFS(Тех_Движение!$G$2:$G$5111,Тех_Движение!$D$2:$D$5111,$C53,Тех_Движение!$B$2:$B$5111,"<="&M$3)-$F53))) -> #VALUE! | N53: =IF(OR($B53="",N$3<$D53+Настройки!$B$7),0,MAX(0,$E53-MAX(0,SUMIFS(Тех_Движение!$G$2:$G$5111,Тех_Движение!$D$2:$D$5111,$C53,Тех_Движение!$B$2:$B$5111,"<="&N$3)-$F53))) -> #VALUE! | O53: =IF(OR($B53="",O$3<$D53+Настройки!$B$7),0,MAX(0,$E53-MAX(0,SUMIFS(Тех_Движение!$G$2:$G$5111,Тех_Движение!$D$2:$D$5111,$C53,Тех_Движение!$B$2:$B$5111,"<="&O$3)-$F53))) -> #VALUE! | P53: =IF(OR($B53="",P$3<$D53+Настройки!$B$7),0,MAX(0,$E53-MAX(0,SUMIFS(Тех_Движение!$G$2:$G$5111,Тех_Движение!$D$2:$D$5111,$C53,Тех_Движение!$B$2:$B$5111,"<="&P$3)-$F53))) -> #VALUE! | Q53: =IF(OR($B53="",Q$3<$D53+Настройки!$B$7),0,MAX(0,$E53-MAX(0,SUMIFS(Тех_Движение!$G$2:$G$5111,Тех_Движение!$D$2:$D$5111,$C53,Тех_Движение!$B$2:$B$5111,"<="&Q$3)-$F53))) -> #VALUE! | R53: =IF($B53="","",SUM($K53:$Q53)) | S53: =IF($B53="","",VLOOKUP($C53,Настройки!$A$11:$L$17,9,FALSE)) | T53: =IF($B53="","",$R53*$S53)
A54: =Тех_Движение!$A$51 -> 50 | B54: =IF(Тех_Движение!$F$51>0,Тех_Движение!$I$51,"") | C54: =IF($B54="","",Тех_Движение!$D$51) | D54: =IF($B54="","",Тех_Движение!$B$51) | E54: =IF($B54="","",Тех_Движение!$F$51) | F54: =IF($B54="","",SUMIFS($E$5:$E53,$C$5:$C53,$C54)) | G54: =IF($B54="","",MAX(0,$E54-MAX(0,SUMIFS(Тех_Движение!$G$2:$G$5111,Тех_Движение!$D$2:$D$5111,$C54,Тех_Движение!$B$2:$B$5111,"<="&Настройки!$B$5-1)-$F54))) | H54: =IF($B54="","",IF(AND($D54>=Настройки!$B$5,$D54<=Настройки!$B$6),$E54,0)) | I54: =IF($B54="","",$G54+$H54-$J54) | J54: =IF($B54="","",MAX(0,$E54-MAX(0,SUMIFS(Тех_Движение!$G$2:$G$5111,Тех_Движение!$D$2:$D$5111,$C54,Тех_Движение!$B$2:$B$5111,"<="&Настройки!$B$6)-$F54))) | K54: =IF(OR($B54="",K$3<$D54+Настройки!$B$7),0,MAX(0,$E54-MAX(0,SUMIFS(Тех_Движение!$G$2:$G$5111,Тех_Движение!$D$2:$D$5111,$C54,Тех_Движение!$B$2:$B$5111,"<="&K$3)-$F54))) -> #VALUE! | L54: =IF(OR($B54="",L$3<$D54+Настройки!$B$7),0,MAX(0,$E54-MAX(0,SUMIFS(Тех_Движение!$G$2:$G$5111,Тех_Движение!$D$2:$D$5111,$C54,Тех_Движение!$B$2:$B$5111,"<="&L$3)-$F54))) -> #VALUE! | M54: =IF(OR($B54="",M$3<$D54+Настройки!$B$7),0,MAX(0,$E54-MAX(0,SUMIFS(Тех_Движение!$G$2:$G$5111,Тех_Движение!$D$2:$D$5111,$C54,Тех_Движение!$B$2:$B$5111,"<="&M$3)-$F54))) -> #VALUE! | N54: =IF(OR($B54="",N$3<$D54+Настройки!$B$7),0,MAX(0,$E54-MAX(0,SUMIFS(Тех_Движение!$G$2:$G$5111,Тех_Движение!$D$2:$D$5111,$C54,Тех_Движение!$B$2:$B$5111,"<="&N$3)-$F54))) -> #VALUE! | O54: =IF(OR($B54="",O$3<$D54+Настройки!$B$7),0,MAX(0,$E54-MAX(0,SUMIFS(Тех_Движение!$G$2:$G$5111,Тех_Движение!$D$2:$D$5111,$C54,Тех_Движение!$B$2:$B$5111,"<="&O$3)-$F54))) -> #VALUE! | P54: =IF(OR($B54="",P$3<$D54+Настройки!$B$7),0,MAX(0,$E54-MAX(0,SUMIFS(Тех_Движение!$G$2:$G$5111,Тех_Движение!$D$2:$D$5111,$C54,Тех_Движение!$B$2:$B$5111,"<="&P$3)-$F54))) -> #VALUE! | Q54: =IF(OR($B54="",Q$3<$D54+Настройки!$B$7),0,MAX(0,$E54-MAX(0,SUMIFS(Тех_Движение!$G$2:$G$5111,Тех_Движение!$D$2:$D$5111,$C54,Тех_Движение!$B$2:$B$5111,"<="&Q$3)-$F54))) -> #VALUE! | R54: =IF($B54="","",SUM($K54:$Q54)) | S54: =IF($B54="","",VLOOKUP($C54,Настройки!$A$11:$L$17,9,FALSE)) | T54: =IF($B54="","",$R54*$S54)
A55: =Тех_Движение!$A$52 -> 51 | B55: =IF(Тех_Движение!$F$52>0,Тех_Движение!$I$52,"") | C55: =IF($B55="","",Тех_Движение!$D$52) | D55: =IF($B55="","",Тех_Движение!$B$52) | E55: =IF($B55="","",Тех_Движение!$F$52) | F55: =IF($B55="","",SUMIFS($E$5:$E54,$C$5:$C54,$C55)) | G55: =IF($B55="","",MAX(0,$E55-MAX(0,SUMIFS(Тех_Движение!$G$2:$G$5111,Тех_Движение!$D$2:$D$5111,$C55,Тех_Движение!$B$2:$B$5111,"<="&Настройки!$B$5-1)-$F55))) | H55: =IF($B55="","",IF(AND($D55>=Настройки!$B$5,$D55<=Настройки!$B$6),$E55,0)) | I55: =IF($B55="","",$G55+$H55-$J55) | J55: =IF($B55="","",MAX(0,$E55-MAX(0,SUMIFS(Тех_Движение!$G$2:$G$5111,Тех_Движение!$D$2:$D$5111,$C55,Тех_Движение!$B$2:$B$5111,"<="&Настройки!$B$6)-$F55))) | K55: =IF(OR($B55="",K$3<$D55+Настройки!$B$7),0,MAX(0,$E55-MAX(0,SUMIFS(Тех_Движение!$G$2:$G$5111,Тех_Движение!$D$2:$D$5111,$C55,Тех_Движение!$B$2:$B$5111,"<="&K$3)-$F55))) -> #VALUE! | L55: =IF(OR($B55="",L$3<$D55+Настройки!$B$7),0,MAX(0,$E55-MAX(0,SUMIFS(Тех_Движение!$G$2:$G$5111,Тех_Движение!$D$2:$D$5111,$C55,Тех_Движение!$B$2:$B$5111,"<="&L$3)-$F55))) -> #VALUE! | M55: =IF(OR($B55="",M$3<$D55+Настройки!$B$7),0,MAX(0,$E55-MAX(0,SUMIFS(Тех_Движение!$G$2:$G$5111,Тех_Движение!$D$2:$D$5111,$C55,Тех_Движение!$B$2:$B$5111,"<="&M$3)-$F55))) -> #VALUE! | N55: =IF(OR($B55="",N$3<$D55+Настройки!$B$7),0,MAX(0,$E55-MAX(0,SUMIFS(Тех_Движение!$G$2:$G$5111,Тех_Движение!$D$2:$D$5111,$C55,Тех_Движение!$B$2:$B$5111,"<="&N$3)-$F55))) -> #VALUE! | O55: =IF(OR($B55="",O$3<$D55+Настройки!$B$7),0,MAX(0,$E55-MAX(0,SUMIFS(Тех_Движение!$G$2:$G$5111,Тех_Движение!$D$2:$D$5111,$C55,Тех_Движение!$B$2:$B$5111,"<="&O$3)-$F55))) -> #VALUE! | P55: =IF(OR($B55="",P$3<$D55+Настройки!$B$7),0,MAX(0,$E55-MAX(0,SUMIFS(Тех_Движение!$G$2:$G$5111,Тех_Движение!$D$2:$D$5111,$C55,Тех_Движение!$B$2:$B$5111,"<="&P$3)-$F55))) -> #VALUE! | Q55: =IF(OR($B55="",Q$3<$D55+Настройки!$B$7),0,MAX(0,$E55-MAX(0,SUMIFS(Тех_Движение!$G$2:$G$5111,Тех_Движение!$D$2:$D$5111,$C55,Тех_Движение!$B$2:$B$5111,"<="&Q$3)-$F55))) -> #VALUE! | R55: =IF($B55="","",SUM($K55:$Q55)) | S55: =IF($B55="","",VLOOKUP($C55,Настройки!$A$11:$L$17,9,FALSE)) | T55: =IF($B55="","",$R55*$S55)
A56: =Тех_Движение!$A$53 -> 52 | B56: =IF(Тех_Движение!$F$53>0,Тех_Движение!$I$53,"") | C56: =IF($B56="","",Тех_Движение!$D$53) | D56: =IF($B56="","",Тех_Движение!$B$53) | E56: =IF($B56="","",Тех_Движение!$F$53) | F56: =IF($B56="","",SUMIFS($E$5:$E55,$C$5:$C55,$C56)) | G56: =IF($B56="","",MAX(0,$E56-MAX(0,SUMIFS(Тех_Движение!$G$2:$G$5111,Тех_Движение!$D$2:$D$5111,$C56,Тех_Движение!$B$2:$B$5111,"<="&Настройки!$B$5-1)-$F56))) | H56: =IF($B56="","",IF(AND($D56>=Настройки!$B$5,$D56<=Настройки!$B$6),$E56,0)) | I56: =IF($B56="","",$G56+$H56-$J56) | J56: =IF($B56="","",MAX(0,$E56-MAX(0,SUMIFS(Тех_Движение!$G$2:$G$5111,Тех_Движение!$D$2:$D$5111,$C56,Тех_Движение!$B$2:$B$5111,"<="&Настройки!$B$6)-$F56))) | K56: =IF(OR($B56="",K$3<$D56+Настройки!$B$7),0,MAX(0,$E56-MAX(0,SUMIFS(Тех_Движение!$G$2:$G$5111,Тех_Движение!$D$2:$D$5111,$C56,Тех_Движение!$B$2:$B$5111,"<="&K$3)-$F56))) -> #VALUE! | L56: =IF(OR($B56="",L$3<$D56+Настройки!$B$7),0,MAX(0,$E56-MAX(0,SUMIFS(Тех_Движение!$G$2:$G$5111,Тех_Движение!$D$2:$D$5111,$C56,Тех_Движение!$B$2:$B$5111,"<="&L$3)-$F56))) -> #VALUE! | M56: =IF(OR($B56="",M$3<$D56+Настройки!$B$7),0,MAX(0,$E56-MAX(0,SUMIFS(Тех_Движение!$G$2:$G$5111,Тех_Движение!$D$2:$D$5111,$C56,Тех_Движение!$B$2:$B$5111,"<="&M$3)-$F56))) -> #VALUE! | N56: =IF(OR($B56="",N$3<$D56+Настройки!$B$7),0,MAX(0,$E56-MAX(0,SUMIFS(Тех_Движение!$G$2:$G$5111,Тех_Движение!$D$2:$D$5111,$C56,Тех_Движение!$B$2:$B$5111,"<="&N$3)-$F56))) -> #VALUE! | O56: =IF(OR($B56="",O$3<$D56+Настройки!$B$7),0,MAX(0,$E56-MAX(0,SUMIFS(Тех_Движение!$G$2:$G$5111,Тех_Движение!$D$2:$D$5111,$C56,Тех_Движение!$B$2:$B$5111,"<="&O$3)-$F56))) -> #VALUE! | P56: =IF(OR($B56="",P$3<$D56+Настройки!$B$7),0,MAX(0,$E56-MAX(0,SUMIFS(Тех_Движение!$G$2:$G$5111,Тех_Движение!$D$2:$D$5111,$C56,Тех_Движение!$B$2:$B$5111,"<="&P$3)-$F56))) -> #VALUE! | Q56: =IF(OR($B56="",Q$3<$D56+Настройки!$B$7),0,MAX(0,$E56-MAX(0,SUMIFS(Тех_Движение!$G$2:$G$5111,Тех_Движение!$D$2:$D$5111,$C56,Тех_Движение!$B$2:$B$5111,"<="&Q$3)-$F56))) -> #VALUE! | R56: =IF($B56="","",SUM($K56:$Q56)) | S56: =IF($B56="","",VLOOKUP($C56,Настройки!$A$11:$L$17,9,FALSE)) | T56: =IF($B56="","",$R56*$S56)
A57: =Тех_Движение!$A$54 -> 53 | B57: =IF(Тех_Движение!$F$54>0,Тех_Движение!$I$54,"") | C57: =IF($B57="","",Тех_Движение!$D$54) | D57: =IF($B57="","",Тех_Движение!$B$54) | E57: =IF($B57="","",Тех_Движение!$F$54) | F57: =IF($B57="","",SUMIFS($E$5:$E56,$C$5:$C56,$C57)) | G57: =IF($B57="","",MAX(0,$E57-MAX(0,SUMIFS(Тех_Движение!$G$2:$G$5111,Тех_Движение!$D$2:$D$5111,$C57,Тех_Движение!$B$2:$B$5111,"<="&Настройки!$B$5-1)-$F57))) | H57: =IF($B57="","",IF(AND($D57>=Настройки!$B$5,$D57<=Настройки!$B$6),$E57,0)) | I57: =IF($B57="","",$G57+$H57-$J57) | J57: =IF($B57="","",MAX(0,$E57-MAX(0,SUMIFS(Тех_Движение!$G$2:$G$5111,Тех_Движение!$D$2:$D$5111,$C57,Тех_Движение!$B$2:$B$5111,"<="&Настройки!$B$6)-$F57))) | K57: =IF(OR($B57="",K$3<$D57+Настройки!$B$7),0,MAX(0,$E57-MAX(0,SUMIFS(Тех_Движение!$G$2:$G$5111,Тех_Движение!$D$2:$D$5111,$C57,Тех_Движение!$B$2:$B$5111,"<="&K$3)-$F57))) -> #VALUE! | L57: =IF(OR($B57="",L$3<$D57+Настройки!$B$7),0,MAX(0,$E57-MAX(0,SUMIFS(Тех_Движение!$G$2:$G$5111,Тех_Движение!$D$2:$D$5111,$C57,Тех_Движение!$B$2:$B$5111,"<="&L$3)-$F57))) -> #VALUE! | M57: =IF(OR($B57="",M$3<$D57+Настройки!$B$7),0,MAX(0,$E57-MAX(0,SUMIFS(Тех_Движение!$G$2:$G$5111,Тех_Движение!$D$2:$D$5111,$C57,Тех_Движение!$B$2:$B$5111,"<="&M$3)-$F57))) -> #VALUE! | N57: =IF(OR($B57="",N$3<$D57+Настройки!$B$7),0,MAX(0,$E57-MAX(0,SUMIFS(Тех_Движение!$G$2:$G$5111,Тех_Движение!$D$2:$D$5111,$C57,Тех_Движение!$B$2:$B$5111,"<="&N$3)-$F57))) -> #VALUE! | O57: =IF(OR($B57="",O$3<$D57+Настройки!$B$7),0,MAX(0,$E57-MAX(0,SUMIFS(Тех_Движение!$G$2:$G$5111,Тех_Движение!$D$2:$D$5111,$C57,Тех_Движение!$B$2:$B$5111,"<="&O$3)-$F57))) -> #VALUE! | P57: =IF(OR($B57="",P$3<$D57+Настройки!$B$7),0,MAX(0,$E57-MAX(0,SUMIFS(Тех_Движение!$G$2:$G$5111,Тех_Движение!$D$2:$D$5111,$C57,Тех_Движение!$B$2:$B$5111,"<="&P$3)-$F57))) -> #VALUE! | Q57: =IF(OR($B57="",Q$3<$D57+Настройки!$B$7),0,MAX(0,$E57-MAX(0,SUMIFS(Тех_Движение!$G$2:$G$5111,Тех_Движение!$D$2:$D$5111,$C57,Тех_Движение!$B$2:$B$5111,"<="&Q$3)-$F57))) -> #VALUE! | R57: =IF($B57="","",SUM($K57:$Q57)) | S57: =IF($B57="","",VLOOKUP($C57,Настройки!$A$11:$L$17,9,FALSE)) | T57: =IF($B57="","",$R57*$S57)
A58: =Тех_Движение!$A$55 -> 54 | B58: =IF(Тех_Движение!$F$55>0,Тех_Движение!$I$55,"") | C58: =IF($B58="","",Тех_Движение!$D$55) | D58: =IF($B58="","",Тех_Движение!$B$55) | E58: =IF($B58="","",Тех_Движение!$F$55) | F58: =IF($B58="","",SUMIFS($E$5:$E57,$C$5:$C57,$C58)) | G58: =IF($B58="","",MAX(0,$E58-MAX(0,SUMIFS(Тех_Движение!$G$2:$G$5111,Тех_Движение!$D$2:$D$5111,$C58,Тех_Движение!$B$2:$B$5111,"<="&Настройки!$B$5-1)-$F58))) | H58: =IF($B58="","",IF(AND($D58>=Настройки!$B$5,$D58<=Настройки!$B$6),$E58,0)) | I58: =IF($B58="","",$G58+$H58-$J58) | J58: =IF($B58="","",MAX(0,$E58-MAX(0,SUMIFS(Тех_Движение!$G$2:$G$5111,Тех_Движение!$D$2:$D$5111,$C58,Тех_Движение!$B$2:$B$5111,"<="&Настройки!$B$6)-$F58))) | K58: =IF(OR($B58="",K$3<$D58+Настройки!$B$7),0,MAX(0,$E58-MAX(0,SUMIFS(Тех_Движение!$G$2:$G$5111,Тех_Движение!$D$2:$D$5111,$C58,Тех_Движение!$B$2:$B$5111,"<="&K$3)-$F58))) -> #VALUE! | L58: =IF(OR($B58="",L$3<$D58+Настройки!$B$7),0,MAX(0,$E58-MAX(0,SUMIFS(Тех_Движение!$G$2:$G$5111,Тех_Движение!$D$2:$D$5111,$C58,Тех_Движение!$B$2:$B$5111,"<="&L$3)-$F58))) -> #VALUE! | M58: =IF(OR($B58="",M$3<$D58+Настройки!$B$7),0,MAX(0,$E58-MAX(0,SUMIFS(Тех_Движение!$G$2:$G$5111,Тех_Движение!$D$2:$D$5111,$C58,Тех_Движение!$B$2:$B$5111,"<="&M$3)-$F58))) -> #VALUE! | N58: =IF(OR($B58="",N$3<$D58+Настройки!$B$7),0,MAX(0,$E58-MAX(0,SUMIFS(Тех_Движение!$G$2:$G$5111,Тех_Движение!$D$2:$D$5111,$C58,Тех_Движение!$B$2:$B$5111,"<="&N$3)-$F58))) -> #VALUE! | O58: =IF(OR($B58="",O$3<$D58+Настройки!$B$7),0,MAX(0,$E58-MAX(0,SUMIFS(Тех_Движение!$G$2:$G$5111,Тех_Движение!$D$2:$D$5111,$C58,Тех_Движение!$B$2:$B$5111,"<="&O$3)-$F58))) -> #VALUE! | P58: =IF(OR($B58="",P$3<$D58+Настройки!$B$7),0,MAX(0,$E58-MAX(0,SUMIFS(Тех_Движение!$G$2:$G$5111,Тех_Движение!$D$2:$D$5111,$C58,Тех_Движение!$B$2:$B$5111,"<="&P$3)-$F58))) -> #VALUE! | Q58: =IF(OR($B58="",Q$3<$D58+Настройки!$B$7),0,MAX(0,$E58-MAX(0,SUMIFS(Тех_Движение!$G$2:$G$5111,Тех_Движение!$D$2:$D$5111,$C58,Тех_Движение!$B$2:$B$5111,"<="&Q$3)-$F58))) -> #VALUE! | R58: =IF($B58="","",SUM($K58:$Q58)) | S58: =IF($B58="","",VLOOKUP($C58,Настройки!$A$11:$L$17,9,FALSE)) | T58: =IF($B58="","",$R58*$S58)
A59: =Тех_Движение!$A$56 -> 55 | B59: =IF(Тех_Движение!$F$56>0,Тех_Движение!$I$56,"") | C59: =IF($B59="","",Тех_Движение!$D$56) | D59: =IF($B59="","",Тех_Движение!$B$56) | E59: =IF($B59="","",Тех_Движение!$F$56) | F59: =IF($B59="","",SUMIFS($E$5:$E58,$C$5:$C58,$C59)) | G59: =IF($B59="","",MAX(0,$E59-MAX(0,SUMIFS(Тех_Движение!$G$2:$G$5111,Тех_Движение!$D$2:$D$5111,$C59,Тех_Движение!$B$2:$B$5111,"<="&Настройки!$B$5-1)-$F59))) | H59: =IF($B59="","",IF(AND($D59>=Настройки!$B$5,$D59<=Настройки!$B$6),$E59,0)) | I59: =IF($B59="","",$G59+$H59-$J59) | J59: =IF($B59="","",MAX(0,$E59-MAX(0,SUMIFS(Тех_Движение!$G$2:$G$5111,Тех_Движение!$D$2:$D$5111,$C59,Тех_Движение!$B$2:$B$5111,"<="&Настройки!$B$6)-$F59))) | K59: =IF(OR($B59="",K$3<$D59+Настройки!$B$7),0,MAX(0,$E59-MAX(0,SUMIFS(Тех_Движение!$G$2:$G$5111,Тех_Движение!$D$2:$D$5111,$C59,Тех_Движение!$B$2:$B$5111,"<="&K$3)-$F59))) -> #VALUE! | L59: =IF(OR($B59="",L$3<$D59+Настройки!$B$7),0,MAX(0,$E59-MAX(0,SUMIFS(Тех_Движение!$G$2:$G$5111,Тех_Движение!$D$2:$D$5111,$C59,Тех_Движение!$B$2:$B$5111,"<="&L$3)-$F59))) -> #VALUE! | M59: =IF(OR($B59="",M$3<$D59+Настройки!$B$7),0,MAX(0,$E59-MAX(0,SUMIFS(Тех_Движение!$G$2:$G$5111,Тех_Движение!$D$2:$D$5111,$C59,Тех_Движение!$B$2:$B$5111,"<="&M$3)-$F59))) -> #VALUE! | N59: =IF(OR($B59="",N$3<$D59+Настройки!$B$7),0,MAX(0,$E59-MAX(0,SUMIFS(Тех_Движение!$G$2:$G$5111,Тех_Движение!$D$2:$D$5111,$C59,Тех_Движение!$B$2:$B$5111,"<="&N$3)-$F59))) -> #VALUE! | O59: =IF(OR($B59="",O$3<$D59+Настройки!$B$7),0,MAX(0,$E59-MAX(0,SUMIFS(Тех_Движение!$G$2:$G$5111,Тех_Движение!$D$2:$D$5111,$C59,Тех_Движение!$B$2:$B$5111,"<="&O$3)-$F59))) -> #VALUE! | P59: =IF(OR($B59="",P$3<$D59+Настройки!$B$7),0,MAX(0,$E59-MAX(0,SUMIFS(Тех_Движение!$G$2:$G$5111,Тех_Движение!$D$2:$D$5111,$C59,Тех_Движение!$B$2:$B$5111,"<="&P$3)-$F59))) -> #VALUE! | Q59: =IF(OR($B59="",Q$3<$D59+Настройки!$B$7),0,MAX(0,$E59-MAX(0,SUMIFS(Тех_Движение!$G$2:$G$5111,Тех_Движение!$D$2:$D$5111,$C59,Тех_Движение!$B$2:$B$5111,"<="&Q$3)-$F59))) -> #VALUE! | R59: =IF($B59="","",SUM($K59:$Q59)) | S59: =IF($B59="","",VLOOKUP($C59,Настройки!$A$11:$L$17,9,FALSE)) | T59: =IF($B59="","",$R59*$S59)
A60: =Тех_Движение!$A$57 -> 56 | B60: =IF(Тех_Движение!$F$57>0,Тех_Движение!$I$57,"") | C60: =IF($B60="","",Тех_Движение!$D$57) | D60: =IF($B60="","",Тех_Движение!$B$57) | E60: =IF($B60="","",Тех_Движение!$F$57) | F60: =IF($B60="","",SUMIFS($E$5:$E59,$C$5:$C59,$C60)) | G60: =IF($B60="","",MAX(0,$E60-MAX(0,SUMIFS(Тех_Движение!$G$2:$G$5111,Тех_Движение!$D$2:$D$5111,$C60,Тех_Движение!$B$2:$B$5111,"<="&Настройки!$B$5-1)-$F60))) | H60: =IF($B60="","",IF(AND($D60>=Настройки!$B$5,$D60<=Настройки!$B$6),$E60,0)) | I60: =IF($B60="","",$G60+$H60-$J60) | J60: =IF($B60="","",MAX(0,$E60-MAX(0,SUMIFS(Тех_Движение!$G$2:$G$5111,Тех_Движение!$D$2:$D$5111,$C60,Тех_Движение!$B$2:$B$5111,"<="&Настройки!$B$6)-$F60))) | K60: =IF(OR($B60="",K$3<$D60+Настройки!$B$7),0,MAX(0,$E60-MAX(0,SUMIFS(Тех_Движение!$G$2:$G$5111,Тех_Движение!$D$2:$D$5111,$C60,Тех_Движение!$B$2:$B$5111,"<="&K$3)-$F60))) -> #VALUE! | L60: =IF(OR($B60="",L$3<$D60+Настройки!$B$7),0,MAX(0,$E60-MAX(0,SUMIFS(Тех_Движение!$G$2:$G$5111,Тех_Движение!$D$2:$D$5111,$C60,Тех_Движение!$B$2:$B$5111,"<="&L$3)-$F60))) -> #VALUE! | M60: =IF(OR($B60="",M$3<$D60+Настройки!$B$7),0,MAX(0,$E60-MAX(0,SUMIFS(Тех_Движение!$G$2:$G$5111,Тех_Движение!$D$2:$D$5111,$C60,Тех_Движение!$B$2:$B$5111,"<="&M$3)-$F60))) -> #VALUE! | N60: =IF(OR($B60="",N$3<$D60+Настройки!$B$7),0,MAX(0,$E60-MAX(0,SUMIFS(Тех_Движение!$G$2:$G$5111,Тех_Движение!$D$2:$D$5111,$C60,Тех_Движение!$B$2:$B$5111,"<="&N$3)-$F60))) -> #VALUE! | O60: =IF(OR($B60="",O$3<$D60+Настройки!$B$7),0,MAX(0,$E60-MAX(0,SUMIFS(Тех_Движение!$G$2:$G$5111,Тех_Движение!$D$2:$D$5111,$C60,Тех_Движение!$B$2:$B$5111,"<="&O$3)-$F60))) -> #VALUE! | P60: =IF(OR($B60="",P$3<$D60+Настройки!$B$7),0,MAX(0,$E60-MAX(0,SUMIFS(Тех_Движение!$G$2:$G$5111,Тех_Движение!$D$2:$D$5111,$C60,Тех_Движение!$B$2:$B$5111,"<="&P$3)-$F60))) -> #VALUE! | Q60: =IF(OR($B60="",Q$3<$D60+Настройки!$B$7),0,MAX(0,$E60-MAX(0,SUMIFS(Тех_Движение!$G$2:$G$5111,Тех_Движение!$D$2:$D$5111,$C60,Тех_Движение!$B$2:$B$5111,"<="&Q$3)-$F60))) -> #VALUE! | R60: =IF($B60="","",SUM($K60:$Q60)) | S60: =IF($B60="","",VLOOKUP($C60,Настройки!$A$11:$L$17,9,FALSE)) | T60: =IF($B60="","",$R60*$S60)
A61: =Тех_Движение!$A$58 -> 57 | B61: =IF(Тех_Движение!$F$58>0,Тех_Движение!$I$58,"") | C61: =IF($B61="","",Тех_Движение!$D$58) | D61: =IF($B61="","",Тех_Движение!$B$58) | E61: =IF($B61="","",Тех_Движение!$F$58) | F61: =IF($B61="","",SUMIFS($E$5:$E60,$C$5:$C60,$C61)) | G61: =IF($B61="","",MAX(0,$E61-MAX(0,SUMIFS(Тех_Движение!$G$2:$G$5111,Тех_Движение!$D$2:$D$5111,$C61,Тех_Движение!$B$2:$B$5111,"<="&Настройки!$B$5-1)-$F61))) | H61: =IF($B61="","",IF(AND($D61>=Настройки!$B$5,$D61<=Настройки!$B$6),$E61,0)) | I61: =IF($B61="","",$G61+$H61-$J61) | J61: =IF($B61="","",MAX(0,$E61-MAX(0,SUMIFS(Тех_Движение!$G$2:$G$5111,Тех_Движение!$D$2:$D$5111,$C61,Тех_Движение!$B$2:$B$5111,"<="&Настройки!$B$6)-$F61))) | K61: =IF(OR($B61="",K$3<$D61+Настройки!$B$7),0,MAX(0,$E61-MAX(0,SUMIFS(Тех_Движение!$G$2:$G$5111,Тех_Движение!$D$2:$D$5111,$C61,Тех_Движение!$B$2:$B$5111,"<="&K$3)-$F61))) -> #VALUE! | L61: =IF(OR($B61="",L$3<$D61+Настройки!$B$7),0,MAX(0,$E61-MAX(0,SUMIFS(Тех_Движение!$G$2:$G$5111,Тех_Движение!$D$2:$D$5111,$C61,Тех_Движение!$B$2:$B$5111,"<="&L$3)-$F61))) -> #VALUE! | M61: =IF(OR($B61="",M$3<$D61+Настройки!$B$7),0,MAX(0,$E61-MAX(0,SUMIFS(Тех_Движение!$G$2:$G$5111,Тех_Движение!$D$2:$D$5111,$C61,Тех_Движение!$B$2:$B$5111,"<="&M$3)-$F61))) -> #VALUE! | N61: =IF(OR($B61="",N$3<$D61+Настройки!$B$7),0,MAX(0,$E61-MAX(0,SUMIFS(Тех_Движение!$G$2:$G$5111,Тех_Движение!$D$2:$D$5111,$C61,Тех_Движение!$B$2:$B$5111,"<="&N$3)-$F61))) -> #VALUE! | O61: =IF(OR($B61="",O$3<$D61+Настройки!$B$7),0,MAX(0,$E61-MAX(0,SUMIFS(Тех_Движение!$G$2:$G$5111,Тех_Движение!$D$2:$D$5111,$C61,Тех_Движение!$B$2:$B$5111,"<="&O$3)-$F61))) -> #VALUE! | P61: =IF(OR($B61="",P$3<$D61+Настройки!$B$7),0,MAX(0,$E61-MAX(0,SUMIFS(Тех_Движение!$G$2:$G$5111,Тех_Движение!$D$2:$D$5111,$C61,Тех_Движение!$B$2:$B$5111,"<="&P$3)-$F61))) -> #VALUE! | Q61: =IF(OR($B61="",Q$3<$D61+Настройки!$B$7),0,MAX(0,$E61-MAX(0,SUMIFS(Тех_Движение!$G$2:$G$5111,Тех_Движение!$D$2:$D$5111,$C61,Тех_Движение!$B$2:$B$5111,"<="&Q$3)-$F61))) -> #VALUE! | R61: =IF($B61="","",SUM($K61:$Q61)) | S61: =IF($B61="","",VLOOKUP($C61,Настройки!$A$11:$L$17,9,FALSE)) | T61: =IF($B61="","",$R61*$S61)
A62: =Тех_Движение!$A$59 -> 58 | B62: =IF(Тех_Движение!$F$59>0,Тех_Движение!$I$59,"") | C62: =IF($B62="","",Тех_Движение!$D$59) | D62: =IF($B62="","",Тех_Движение!$B$59) | E62: =IF($B62="","",Тех_Движение!$F$59) | F62: =IF($B62="","",SUMIFS($E$5:$E61,$C$5:$C61,$C62)) | G62: =IF($B62="","",MAX(0,$E62-MAX(0,SUMIFS(Тех_Движение!$G$2:$G$5111,Тех_Движение!$D$2:$D$5111,$C62,Тех_Движение!$B$2:$B$5111,"<="&Настройки!$B$5-1)-$F62))) | H62: =IF($B62="","",IF(AND($D62>=Настройки!$B$5,$D62<=Настройки!$B$6),$E62,0)) | I62: =IF($B62="","",$G62+$H62-$J62) | J62: =IF($B62="","",MAX(0,$E62-MAX(0,SUMIFS(Тех_Движение!$G$2:$G$5111,Тех_Движение!$D$2:$D$5111,$C62,Тех_Движение!$B$2:$B$5111,"<="&Настройки!$B$6)-$F62))) | K62: =IF(OR($B62="",K$3<$D62+Настройки!$B$7),0,MAX(0,$E62-MAX(0,SUMIFS(Тех_Движение!$G$2:$G$5111,Тех_Движение!$D$2:$D$5111,$C62,Тех_Движение!$B$2:$B$5111,"<="&K$3)-$F62))) -> #VALUE! | L62: =IF(OR($B62="",L$3<$D62+Настройки!$B$7),0,MAX(0,$E62-MAX(0,SUMIFS(Тех_Движение!$G$2:$G$5111,Тех_Движение!$D$2:$D$5111,$C62,Тех_Движение!$B$2:$B$5111,"<="&L$3)-$F62))) -> #VALUE! | M62: =IF(OR($B62="",M$3<$D62+Настройки!$B$7),0,MAX(0,$E62-MAX(0,SUMIFS(Тех_Движение!$G$2:$G$5111,Тех_Движение!$D$2:$D$5111,$C62,Тех_Движение!$B$2:$B$5111,"<="&M$3)-$F62))) -> #VALUE! | N62: =IF(OR($B62="",N$3<$D62+Настройки!$B$7),0,MAX(0,$E62-MAX(0,SUMIFS(Тех_Движение!$G$2:$G$5111,Тех_Движение!$D$2:$D$5111,$C62,Тех_Движение!$B$2:$B$5111,"<="&N$3)-$F62))) -> #VALUE! | O62: =IF(OR($B62="",O$3<$D62+Настройки!$B$7),0,MAX(0,$E62-MAX(0,SUMIFS(Тех_Движение!$G$2:$G$5111,Тех_Движение!$D$2:$D$5111,$C62,Тех_Движение!$B$2:$B$5111,"<="&O$3)-$F62))) -> #VALUE! | P62: =IF(OR($B62="",P$3<$D62+Настройки!$B$7),0,MAX(0,$E62-MAX(0,SUMIFS(Тех_Движение!$G$2:$G$5111,Тех_Движение!$D$2:$D$5111,$C62,Тех_Движение!$B$2:$B$5111,"<="&P$3)-$F62))) -> #VALUE! | Q62: =IF(OR($B62="",Q$3<$D62+Настройки!$B$7),0,MAX(0,$E62-MAX(0,SUMIFS(Тех_Движение!$G$2:$G$5111,Тех_Движение!$D$2:$D$5111,$C62,Тех_Движение!$B$2:$B$5111,"<="&Q$3)-$F62))) -> #VALUE! | R62: =IF($B62="","",SUM($K62:$Q62)) | S62: =IF($B62="","",VLOOKUP($C62,Настройки!$A$11:$L$17,9,FALSE)) | T62: =IF($B62="","",$R62*$S62)
