Workbook

Sheet 01_Справочник_Товары
A1: СПРАВОЧНИК ТОВАРОВ
A2: Артикул WB | B2: Код | C2: Название | D2: Вес, кг | E2: Объём, л | F2: Кол-во в ячейке | G2: Брендирование | H2: Вес-категория | I2: Хранение
A3: 1088614022 | B3: АК-10 | C3: Аккумулятор 10 | D3: 0.55 | E3: =12.5*9*8.3/1000 -> 0.93375 | F3: 42 | G3: да | H3: =IF(D3="","",IF(D3<=1,"до 1кг",IF(D3<=5,"1-5кг",IF(D3<=10,"5-10кг",">10кг")))) -> до 1кг | I3: =15/F3 -> 0.35714286
A4: 604564457 | B4: АК-15 | C4: Аккумулятор 15 | D4: 0.76 | E4: 0.93375 | F4: 42 | G4: да | H4: =IF(D4="","",IF(D4<=1,"до 1кг",IF(D4<=5,"1-5кг",IF(D4<=10,"5-10кг",">10кг")))) -> до 1кг | I4: =15/F4 -> 0.35714286
A5: 402395402 | B5: Г 1800 | C5: Гайковерт 1800 | D5: 5.12 | E5: 14.76 | F5: 2 | G5: да | H5: =IF(D5="","",IF(D5<=1,"до 1кг",IF(D5<=5,"1-5кг",IF(D5<=10,"5-10кг",">10кг")))) -> 5-10кг | I5: 5
A6: 548182523 | B6: Г 3500 | C6: Гайковерт 3500 | D6: 4.7 | E6: 14.76 | F6: 2 | G6: да | H6: =IF(D6="","",IF(D6<=1,"до 1кг",IF(D6<=5,"1-5кг",IF(D6<=10,"5-10кг",">10кг")))) -> 1-5кг | I6: 5
A7: 1006014419 | B7: Г 800 | C7: Гайковерт 800 | D7: 3.7 | E7: 12.768 | F7: 3 | G7: да | H7: =IF(D7="","",IF(D7<=1,"до 1кг",IF(D7<=5,"1-5кг",IF(D7<=10,"5-10кг",">10кг")))) -> 1-5кг | I7: 5
A8: 706101815 | B8: Ми-К | C8: Микрофон KMS-902MC | D8: 0.67 | E8: =30*19*6/1000 -> 3.42 | F8: =ROUNDDOWN(40/E8,0) -> 11 | G8: нет | H8: =IF(D8="","",IF(D8<=1,"до 1кг",IF(D8<=5,"1-5кг",IF(D8<=10,"5-10кг",">10кг")))) -> до 1кг | I8: =15/F8 -> 1.3636364
B9: Ми-П | C9: Петличный Микрофон | D9: 0.3 | E9: =12*9*4/1000 -> 0.432 | F9: =ROUNDDOWN(40/E9,0) -> 92 | G9: нет | H9: =IF(D9="","",IF(D9<=1,"до 1кг",IF(D9<=5,"1-5кг",IF(D9<=10,"5-10кг",">10кг")))) -> до 1кг | I9: =15/F9 -> 0.16304348

Sheet 02Тариф
A1: ТАРИФЫ НАЧИСЛЕНИЯ СЕЛЛЕРУ (₽/шт)
A2: Этап | B2: до 1кг | C2: 1-5кг | D2: 5-10кг | E2: >10кг | H2: Код | I2: Приемка | J2: Отправка | K2: Всего
A3: ПриёмкаПРЯМОЙ ПОТОК | B3: 10 | C3: 10 | D3: 10 | E3: 10 | H3: ='01_Справочник_Товары'!B3 -> АК-10 | I3: =B3 -> 10 | J3: =+B4+B5+B6 -> 40 | K3: =I3+J3 -> 50
A4: БрендПРЯМОЙ ПОТОК | B4: 10 | C4: 10 | D4: 15 | E4: 20 | H4: ='01_Справочник_Товары'!B4 -> АК-15 | I4: =B3 -> 10 | J4: =B4+B5+B6 -> 40 | K4: =I4+J4 -> 50
A5: УпаковкаПРЯМОЙ ПОТОК | B5: 20 | C5: 30 | D5: 35 | E5: 45 | H5: ='01_Справочник_Товары'!B5 -> Г 1800 | I5: =C3 -> 10 | J5: =C4+C5+C6 -> 55 | K5: =I5+J5 -> 65
A6: СборкаПРЯМОЙ ПОТОК | B6: 10 | C6: 15 | D6: 25 | E6: 30 | H6: ='01_Справочник_Товары'!B6 -> Г 3500 | I6: =D3 -> 10 | J6: =D4+D5+D6 -> 75 | K6: =I6+J6 -> 85
A7: ПриёмкаОБРАТНЫЙ ПОТОК | B7: 10 | C7: 10 | D7: 10 | E7: 10 | H7: ='01_Справочник_Товары'!B7 -> Г 800 | I7: =C3 -> 10 | J7: =C4+C5+C6 -> 55 | K7: =I7+J7 -> 65
A8: ПроверкаОБРАТНЫЙ ПОТОК | B8: 10 | C8: 15 | D8: 20 | E8: 25 | H8: ='01_Справочник_Товары'!B8 -> Ми-К | I8: =B3 -> 10 | J8: =B4+B6 -> 20 | K8: =I8+J8 -> 30
A9: РемонтОБРАТНЫЙ ПОТОК | B9: 30 | C9: 30 | D9: 35 | E9: 45 | H9: ='01_Справочник_Товары'!B9 -> Ми-П | I9: =B3 -> 10 | J9: =B4+B6 -> 20 | K9: =I9+J9 -> 30
A10: УпаковкаОБРАТНЫЙ ПОТОК | B10: 15 | C10: 15 | D10: 25 | E10: 30
A11: ВОЗВРАТ_СКЛАД | B11: 10 | C11: 10 | D11: 10 | E11: 10
A12: ВОЗВРАТ_РЕМОНТ | B12: 30 | C12: 30 | D12: 35 | E12: 45
A13: ВОЗВРАТ_СЕЛЛЕРУ | B13: 10 | C13: 10 | D13: 15 | E13: 15
A15: ТАРИФЫ МОТИВАЦИИ ПЕРСОНАЛУ (₽/шт)
A16: Этап | B16: до 1кг | C16: 1-5кг | D16: 5-10кг | E16: >10кг | H16: Код | I16: Приемка | J16: Отправка | K16: Всего
A17: ПриёмкаПРЯМОЙ ПОТОК | B17: 1 | C17: 2 | D17: 3 | E17: 2 | H17: ='01_Справочник_Товары'!B3 -> АК-10 | I17: =B17 -> 1 | J17: =+B18+B19+B20 -> 12 | K17: =I17+J17 -> 13
A18: БрендПРЯМОЙ ПОТОК | B18: 3 | C18: 5 | D18: 10 | E18: 10 | H18: ='01_Справочник_Товары'!B4 -> АК-15 | I18: =B17 -> 1 | J18: =B18+B19+B20 -> 12 | K18: =I18+J18 -> 13
A19: УпаковкаПРЯМОЙ ПОТОК | B19: 8 | C19: 16 | D19: 21 | E19: 25 | H19: ='01_Справочник_Товары'!B5 -> Г 1800 | I19: =C17 -> 2 | J19: =C18+C19+C20 -> 23 | K19: =I19+J19 -> 25
A20: СборкаПРЯМОЙ ПОТОК | B20: 1 | C20: 2 | D20: 3 | E20: 3 | H20: ='01_Справочник_Товары'!B6 -> Г 3500 | I20: =D17 -> 3 | J20: =D18+D19+D20 -> 34 | K20: =I20+J20 -> 37
A21: ПриёмкаОБРАТНЫЙ ПОТОК | B21: 1 | C21: 2 | D21: 3 | E21: 2 | H21: ='01_Справочник_Товары'!B7 -> Г 800 | I21: =C17 -> 2 | J21: =C18+C19+C20 -> 23 | K21: =I21+J21 -> 25
A22: ПроверкаОБРАТНЫЙ ПОТОК | B22: 5 | C22: 8 | D22: 13 | E22: 15 | H22: ='01_Справочник_Товары'!B8 -> Ми-К | I22: =B17 -> 1 | J22: =B18+B20 -> 4 | K22: =I22+J22 -> 5
A23: РемонтОБРАТНЫЙ ПОТОК | B23: 15 | C23: 15 | D23: 18 | E23: 20 | H23: ='01_Справочник_Товары'!B9 -> Ми-П | I23: =B17 -> 1 | J23: =B18+B20 -> 4 | K23: =I23+J23 -> 5
A24: УпаковкаОБРАТНЫЙ ПОТОК | B24: 9 | C24: 11 | D24: 13 | E24: 15
A25: ВОЗВРАТ_СКЛАД | B25: 1 | C25: 2 | D25: 3 | E25: 2
A26: ВОЗВРАТ_РЕМОНТ | B26: 15 | C26: 15 | D26: 18 | E26: 20
A27: ВОЗВРАТ_СЕЛЛЕРУ | B27: 3 | C27: 4 | D27: 5 | E27: 5
A29: КОФФИЦИЕНТ ПЕРЕВОДА
A30: Этап | B30: до 1кг | C30: 1-5кг | D30: 5-10кг | E30: >10кг
A31: ПриёмкаПРЯМОЙ ПОТОК | B31: =B17/B3 -> 0.1 | C31: =C17/C3 -> 0.2 | D31: =D17/D3 -> 0.3 | E31: =E17/E3 -> 0.2
A32: БрендПРЯМОЙ ПОТОК | B32: =B18/B4 -> 0.3 | C32: =C18/C4 -> 0.5 | D32: =D18/D4 -> 0.66666667 | E32: =E18/E4 -> 0.5
A33: УпаковкаПРЯМОЙ ПОТОК | B33: =B19/B5 -> 0.4 | C33: =C19/C5 -> 0.53333333 | D33: =D19/D5 -> 0.6 | E33: =E19/E5 -> 0.55555556
A34: СборкаПРЯМОЙ ПОТОК | B34: =B20/B6 -> 0.1 | C34: =C20/C6 -> 0.13333333 | D34: =D20/D6 -> 0.12 | E34: =E20/E6 -> 0.1
A35: ПриёмкаОБРАТНЫЙ ПОТОК | B35: =B21/B7 -> 0.1 | C35: =C21/C7 -> 0.2 | D35: =D21/D7 -> 0.3 | E35: =E21/E7 -> 0.2
A36: ПроверкаОБРАТНЫЙ ПОТОК | B36: =B22/B8 -> 0.5 | C36: =C22/C8 -> 0.53333333 | D36: =D22/D8 -> 0.65 | E36: =E22/E8 -> 0.6
A37: РемонтОБРАТНЫЙ ПОТОК | B37: =B23/B9 -> 0.5 | C37: =C23/C9 -> 0.5 | D37: =D23/D9 -> 0.51428571 | E37: =E23/E9 -> 0.44444444
A38: УпаковкаОБРАТНЫЙ ПОТОК | B38: =B24/B10 -> 0.6 | C38: =C24/C10 -> 0.73333333 | D38: =D24/D10 -> 0.52 | E38: =E24/E10 -> 0.5
A39: ВОЗВРАТ_СКЛАД | B39: =B25/B11 -> 0.1 | C39: =C25/C11 -> 0.2 | D39: =D25/D11 -> 0.3 | E39: =E25/E11 -> 0.2
A40: ВОЗВРАТ_РЕМОНТ | B40: =B26/B12 -> 0.5 | C40: =C26/C12 -> 0.5 | D40: =D26/D12 -> 0.51428571 | E40: =E26/E12 -> 0.44444444
A41: ВОЗВРАТ_СЕЛЛЕРУ | B41: =B27/B13 -> 0.3 | C41: =C27/C13 -> 0.4 | D41: =D27/D13 -> 0.33333333 | E41: =E27/E13 -> 0.33333333

Sheet Motivation
A1: Дата | B1: Товар | C1: Приход | D1: Убытие | E1: Тариф приемки | F1: Тариф отправки | G1: Приемка, руб | H1: Отправка, руб | I1: ИТОГО, руб | J1: Оператор
A2: 46241 | B2: Ми-К | C2: 10 | D2: 0 | E2: 1 | F2: 12 | G2: 10 | H2: 0 | I2: 10
A3: 46242 | B3: Г 1800 | C3: 9 | D3: 0 | E3: 2 | F3: 23 | G3: 18 | H3: 0 | I3: 18
A4: 46242 | B4: Г 3500 | C4: 2 | D4: 2 | E4: 3 | F4: 34 | G4: 6 | H4: 68 | I4: 74
A5: 46242 | B5: Ми-К | C5: 0 | D5: 3 | E5: 1 | F5: 12 | G5: 0 | H5: 36 | I5: 36
A6: 46243 | B6: Г 1800 | C6: 10 | D6: 0 | E6: 2 | F6: 23 | G6: 20 | H6: 0 | I6: 20
A7: 46243 | B7: Г 3500 | C7: 2 | D7: 0 | E7: 3 | F7: 34 | G7: 6 | H7: 0 | I7: 6
A8: 46243 | B8: Ми-К | C8: 10 | D8: 5 | E8: 1 | F8: 12 | G8: 10 | H8: 60 | I8: 70
A9: 46244 | B9: Г 1800 | C9: 0 | D9: 6 | E9: 2 | F9: 23 | G9: 0 | H9: 138 | I9: 138
A10: 46244 | B10: Г 3500 | C10: 0 | D10: 2 | E10: 3 | F10: 34 | G10: 0 | H10: 68 | I10: 68
A11: 46244 | B11: Ми-К | C11: 0 | D11: 2 | E11: 1 | F11: 12 | G11: 0 | H11: 24 | I11: 24
A12: 46245 | B12: Г 1800 | C12: 0 | D12: 2 | E12: 2 | F12: 23 | G12: 0 | H12: 46 | I12: 46
A13: 46245 | B13: Г 3500 | C13: 10 | D13: 3 | E13: 3 | F13: 34 | G13: 30 | H13: 102 | I13: 132
... A121: 46271 | B121: Г 800 | C121: 0 | D121: 10 | E121: 2 | F121: 23 | G121: 0 | H121: 230 | I121: 230
A124: 46273 | B124: АК-10 | C124: 0 | D124: 1 | E124: 1 | F124: 12 | G124: 0 | H124: 12 | I124: 12 | J124: Завалишин Д.Л.
A125: 46273 | B125: АК-15 | C125: 0 | D125: 1 | E125: 1 | F125: 12 | G125: 0 | H125: 12 | I125: 12 | J125: Завалишин Д.Л.
A126: 46273 | B126: Г 1800 | C126: 0 | D126: 11 | E126: 2 | F126: 23 | G126: 0 | H126: 253 | I126: 253 | J126: Завалишин Д.Л.
A127: 46273 | B127: Г 800 | C127: 0 | D127: 3 | E127: 2 | F127: 23 | G127: 0 | H127: 69 | I127: 69 | J127: Завалишин Д.Л.
A128: 46274 | B128: АК-15 | C128: 0 | D128: 1 | E128: 1 | F128: 12 | G128: 0 | H128: 12 | I128: 12 | J128: Завалишин Д.Л.
A129: 46274 | B129: Г 1800 | C129: 0 | D129: 8 | E129: 2 | F129: 23 | G129: 0 | H129: 184 | I129: 184 | J129: Завалишин Д.Л.
A130: 46274 | B130: Г 800 | C130: 0 | D130: 5 | E130: 2 | F130: 23 | G130: 0 | H130: 115 | I130: 115 | J130: Завалишин Д.Л.
A131: 46274 | B131: Ми-К | C131: 0 | D131: 1 | E131: 1 | F131: 12 | G131: 0 | H131: 12 | I131: 12 | J131: Завалишин Д.Л.
A132: 46275 | B132: АК-15 | C132: 10 | D132: 0 | E132: 1 | F132: 12 | G132: 10 | H132: 0 | I132: 10 | J132: Завалишин Д.Л.
A133: 46275 | B133: Г 1800 | C133: 129 | D133: 10 | E133: 2 | F133: 23 | G133: 258 | H133: 230 | I133: 488 | J133: Завалишин Д.Л.
A134: 46275 | B134: Г 3500 | C134: 2 | D134: 0 | E134: 3 | F134: 34 | G134: 6 | H134: 0 | I134: 6 | J134: Завалишин Д.Л.
A135: 46275 | B135: Г 800 | C135: 0 | D135: 8 | E135: 2 | F135: 23 | G135: 0 | H135: 184 | I135: 184 | J135: Завалишин Д.Л.
... A149: 46278 | B149: Г 800 | C149: 0 | D149: 4 | E149: 2 | F149: 23 | G149: 0 | H149: 92 | I149: 92 | J149: Завалишин Д.Л.
I150: =SUM(I124:I149) -> 2131 | K150: =I150-300 -> 1831
A152: 46272 | B152: Г 1800 | C152: 3 | D152: 3 | E152: 2 | F152: 23 | G152: 6 | H152: 69 | I152: 75 | J152: Пузанов Д.В.
A153: 46272 | B153: Г 800 | C153: 2 | D153: 2 | E153: 2 | F153: 23 | G153: 4 | H153: 46 | I153: 50 | J153: Пузанов Д.В.
A154: 46272 | B154: Ми-К | C154: 1 | D154: 1 | E154: 1 | F154: 12 | G154: 1 | H154: 12 | I154: 13 | J154: Пузанов Д.В.
A155: 46276 | B155: АК-10 | C155: 0 | D155: 5 | E155: 1 | F155: 12 | G155: 0 | H155: 60 | I155: 60 | J155: Пузанов Д.В.
A156: 46276 | B156: АК-15 | C156: 0 | D156: 2 | E156: 1 | F156: 12 | G156: 0 | H156: 24 | I156: 24 | J156: Пузанов Д.В.
A157: 46276 | B157: Г 1800 | C157: 0 | D157: 12 | E157: 2 | F157: 23 | G157: 0 | H157: 276 | I157: 276 | J157: Пузанов Д.В.
A158: 46276 | B158: Г 3500 | C158: 0 | D158: 2 | E158: 3 | F158: 34 | G158: 0 | H158: 68 | I158: 68 | J158: Пузанов Д.В.
A159: 46276 | B159: Г 800 | C159: 64 | D159: 4 | E159: 2 | F159: 23 | G159: 128 | H159: 92 | I159: 220 | J159: Пузанов Д.В.
A160: 46276 | B160: Ми-К | C160: 0 | D160: 6 | E160: 1 | F160: 12 | G160: 0 | H160: 72 | I160: 72 | J160: Пузанов Д.В.
A161: 46276 | B161: Ми-П | C161: 0 | D161: 1 | E161: 1 | F161: 12 | G161: 0 | H161: 12 | I161: 12 | J161: Пузанов Д.В.
H162: ИТОГО: | I162: =SUM(I152:I161) -> 870

Sheet 05Движение
A1: ДВИЖЕНИЕ ТОВАРА
A2: Прибытие / Убытие. Остаток на конец = начало + приход – уход.
A3: Дата | B3: Код | C3: Остаток начало | D3: Прибытие | E3: Убытие | F3: Остаток конец
A4: 46272 | B4: Ak10 | C4: 18 | D4: 0 | E4: 0 | F4: =C4+D4-E4 -> 18
A5: 46272 | B5: Ak15 | C5: 24 | D5: 0 | E5: 0 | F5: =C5+D5-E5 -> 24
A6: 46272 | B6: G1800 | C6: 66 | D6: 3 | E6: 3 | F6: =C6+D6-E6 -> 66
A7: 46272 | B7: G3500 | C7: 3 | D7: 0 | E7: 0 | F7: =C7+D7-E7 -> 3
A8: 46272 | B8: G800 | C8: 39 | D8: 2 | E8: 2 | F8: =C8+D8-E8 -> 39
A9: 46272 | B9: MiK | C9: 17 | D9: 1 | E9: 1 | F9: =C9+D9-E9 -> 17
A10: 46272 | B10: MiP | C10: 0 | D10: 0 | E10: 0 | F10: =C10+D10-E10 -> 0
A11: ПН | B11: Пузанов Д.В. | C11: =SUM(C4:C10) -> 167 | D11: =SUM(D4:D10) -> 6 | E11: =SUM(E4:E10) -> 6 | F11: =SUM(F4:F10) -> 167
A13: 46273 | B13: Ak10 | C13: =F4 -> 18 | D13: 0 | E13: 1 | F13: =C13+D13-E13 -> 17
A14: 46273 | B14: Ak15 | C14: =F5 -> 24 | D14: 0 | E14: 1 | F14: =C14+D14-E14 -> 23
A15: 46273 | B15: G1800 | C15: =F6 -> 66 | D15: 0 | E15: 11 | F15: =C15+D15-E15 -> 55
A16: 46273 | B16: G3500 | C16: =F7 -> 3 | D16: 0 | E16: 0 | F16: =C16+D16-E16 -> 3
A17: 46273 | B17: G800 | C17: =F8 -> 39 | D17: 0 | E17: 3 | F17: =C17+D17-E17 -> 36
A18: 46273 | B18: MiK | C18: =F9 -> 17 | D18: 0 | E18: 0 | F18: =C18+D18-E18 -> 17
A19: 46273 | B19: MiP | C19: =F10 -> 0 | D19: 0 | E19: 0 | F19: =C19+D19-E19 -> 0
A20: ВТ | B20: Завалишин Д.Л. | C20: =SUM(C13:C19) -> 167 | D20: =SUM(D13:D19) -> 0 | E20: =SUM(E13:E19) -> 16 | F20: =SUM(F13:F19) -> 151
A22: 46274 | B22: Ak10 | C22: =F13 -> 17 | D22: 0 | E22: 0 | F22: =C22+D22-E22 -> 17
A23: 46274 | B23: Ak15 | C23: =F14 -> 23 | D23: 0 | E23: 1 | F23: =C23+D23-E23 -> 22
A24: 46274 | B24: G1800 | C24: =F15 -> 55 | D24: 0 | E24: 8 | F24: =C24+D24-E24 -> 47
A25: 46274 | B25: G3500 | C25: =F16 -> 3 | D25: 0 | E25: 0 | F25: =C25+D25-E25 -> 3
A26: 46274 | B26: G800 | C26: =F17 -> 36 | D26: 0 | E26: 5 | F26: =C26+D26-E26 -> 31
A27: 46274 | B27: MiK | C27: =F18 -> 17 | D27: 0 | E27: 1 | F27: =C27+D27-E27 -> 16
A28: 46274 | B28: MiP | C28: =F19 -> 0 | D28: 0 | E28: 0 | F28: =C28+D28-E28 -> 0
A29: СР | B29: Завалишин Д.Л. | C29: =SUM(C22:C28) -> 151 | D29: =SUM(D22:D28) -> 0 | E29: =SUM(E22:E28) -> 15 | F29: =SUM(F22:F28) -> 136
A31: 46275 | B31: Ak10 | C31: =F22 -> 17 | D31: 0 | E31: 0 | F31: =C31+D31-E31 -> 17
A32: 46275 | B32: Ak15 | C32: =F23 -> 22 | D32: 10 | E32: 0 | F32: =C32+D32-E32 -> 32
A33: 46275 | B33: G1800 | C33: =F24 -> 47 | D33: 129 | E33: 10 | F33: =C33+D33-E33 -> 166
A34: 46275 | B34: G3500 | C34: =F25 -> 3 | D34: 2 | E34: 0 | F34: =C34+D34-E34 -> 5
A35: 46275 | B35: G800 | C35: =F26 -> 31 | D35: 0 | E35: 8 | F35: =C35+D35-E35 -> 23
A36: 46275 | B36: MiK | C36: =F27 -> 16 | D36: 10 | E36: 1 | F36: =C36+D36-E36 -> 25
A37: 46275 | B37: MiP | C37: =F28 -> 0 | D37: 27 | E37: 1 | F37: =C37+D37-E37 -> 26
A38: ЧТ | B38: Завалишин Д.Л. | C38: =SUM(C31:C37) -> 136 | D38: =SUM(D31:D37) -> 178 | E38: =SUM(E31:E37) -> 20 | F38: =SUM(F31:F37) -> 294
A40: 46276 | B40: Ak10 | C40: =F31 -> 17 | D40: 0 | E40: 5 | F40: =C40+D40-E40 -> 12
A41: 46276 | B41: Ak15 | C41: =F32 -> 32 | D41: 0 | E41: 2 | F41: =C41+D41-E41 -> 30
A42: 46276 | B42: G1800 | C42: =F33 -> 166 | D42: 0 | E42: 12 | F42: =C42+D42-E42 -> 154
A43: 46276 | B43: G3500 | C43: =F34 -> 5 | D43: 0 | E43: 2 | F43: =C43+D43-E43 -> 3
A44: 46276 | B44: G800 | C44: =F35 -> 23 | D44: 64 | E44: 4 | F44: =C44+D44-E44 -> 83
A45: 46276 | B45: MiK | C45: =F36 -> 25 | D45: 0 | E45: 6 | F45: =C45+D45-E45 -> 19
A46: 46276 | B46: MiP | C46: =F37 -> 26 | D46: 0 | E46: 1 | F46: =C46+D46-E46 -> 25
A47: ПТ | B47: Пузанов Д.В. | C47: =SUM(C40:C46) -> 294 | D47: =SUM(D40:D46) -> 64 | E47: =SUM(E40:E46) -> 32 | F47: =SUM(F40:F46) -> 326
A49: 46277 | B49: Ak10 | C49: =F40 -> 12 | D49: 0 | E49: 1 | F49: =C49+D49-E49 -> 11
A50: 46277 | B50: Ak15 | C50: =F41 -> 30 | D50: 0 | E50: 2 | F50: =C50+D50-E50 -> 28
A51: 46277 | B51: G1800 | C51: =F42 -> 154 | D51: 0 | E51: 5 | F51: =C51+D51-E51 -> 149
A52: 46277 | B52: G3500 | C52: =F43 -> 3 | D52: 0 | E52: 1 | F52: =C52+D52-E52 -> 2
A53: 46277 | B53: G800 | C53: =F44 -> 83 | D53: 0 | E53: 8 | F53: =C53+D53-E53 -> 75
A54: 46277 | B54: MiK | C54: =F45 -> 19 | D54: 0 | E54: 4 | F54: =C54+D54-E54 -> 15
A55: 46277 | B55: MiP | C55: =F46 -> 25 | D55: 0 | E55: 1 | F55: =C55+D55-E55 -> 24
A56: СБ | B56: Завалишин Д.Л. | C56: =SUM(C49:C55) -> 326 | D56: =SUM(D49:D55) -> 0 | E56: =SUM(E49:E55) -> 22 | F56: =SUM(F49:F55) -> 304
A58: 46278 | B58: Ak10 | C58: =F49 -> 11 | D58: 0 | E58: 4 | F58: =C58+D58-E58 -> 7
A59: 46278 | B59: Ak15 | C59: =F50 -> 28 | D59: 0 | E59: 2 | F59: =C59+D59-E59 -> 26
A60: 46278 | B60: G1800 | C60: =F51 -> 149 | D60: 0 | E60: 2 | F60: =C60+D60-E60 -> 147
A61: 46278 | B61: G3500 | C61: =F52 -> 2 | D61: 2 | E61: 2 | F61: =C61+D61-E61 -> 2
A62: 46278 | B62: G800 | C62: =F53 -> 75 | D62: 0 | E62: 4 | F62: =C62+D62-E62 -> 71
A63: 46278 | B63: MiK | C63: =F54 -> 15 | D63: 0 | E63: 0 | F63: =C63+D63-E63 -> 15
A64: 46278 | B64: MiP | C64: =F55 -> 24 | D64: 0 | E64: 0 | F64: =C64+D64-E64 -> 24
A65: ВС | B65: Завалишин Д.Л. | C65: =SUM(C58:C64) -> 304 | D65: =SUM(D58:D64) -> 2 | E65: =SUM(E58:E64) -> 14 | F65: =SUM(F58:F64) -> 292
B67: =B4 -> Ak10 | C67: =C4 -> 18 | D67: =D4+D13+D22+D31+D40+D49+D58 -> 0 | E67: =E4+E13+E22+E31+E40+E49+E58 -> 11 | F67: =F58 -> 7
B68: =B5 -> Ak15 | C68: =C5 -> 24 | D68: =D5+D14+D23+D32+D41+D50+D59 -> 10 | E68: =E5+E14+E23+E32+E41+E50+E59 -> 8 | F68: =F59 -> 26
B69: =B6 -> G1800 | C69: =C6 -> 66 | D69: =D6+D15+D24+D33+D42+D51+D60 -> 132 | E69: =E6+E15+E24+E33+E42+E51+E60 -> 51 | F69: =F60 -> 147
B70: =B7 -> G3500 | C70: =C7 -> 3 | D70: =D7+D16+D25+D34+D43+D52+D61 -> 4 | E70: =E7+E16+E25+E34+E43+E52+E61 -> 5 | F70: =F61 -> 2
B71: =B8 -> G800 | C71: =C8 -> 39 | D71: =D8+D17+D26+D35+D44+D53+D62 -> 66 | E71: =E8+E17+E26+E35+E44+E53+E62 -> 34 | F71: =F62 -> 71
B72: =B9 -> MiK | C72: =C9 -> 17 | D72: =D9+D18+D27+D36+D45+D54+D63 -> 11 | E72: =E9+E18+E27+E36+E45+E54+E63 -> 13 | F72: =F63 -> 15
B73: =B10 -> MiP | C73: =C10 -> 0 | D73: =D10+D19+D28+D37+D46+D55+D64 -> 27 | E73: =E10+E19+E28+E37+E46+E55+E64 -> 3 | F73: =F64 -> 24
A74: НЕДЕЛЯ | B74: ИТОГО | C74: =SUM(C67:C73) -> 167 | D74: =SUM(D67:D73) -> 250 | E74: =SUM(E67:E73) -> 125 | F74: =SUM(F67:F73) -> 292
A76: =A58+1 -> 46279 | B76: =B58 -> Ak10 | C76: =F58 -> 7 | D76: 10 | E76: 1 | F76: =C76+D76-E76 -> 16
A77: =A59+1 -> 46279 | B77: =B59 -> Ak15 | C77: =F59 -> 26 | D77: 0 | E77: 2 | F77: =C77+D77-E77 -> 24
A78: =A60+1 -> 46279 | B78: =B60 -> G1800 | C78: =F60 -> 147 | D78: 0 | E78: 7 | F78: =C78+D78-E78 -> 140
A79: =A61+1 -> 46279 | B79: =B61 -> G3500 | C79: =F61 -> 2 | D79: 14 | E79: 0 | F79: =C79+D79-E79 -> 16
A80: =A62+1 -> 46279 | B80: =B62 -> G800 | C80: =F62 -> 71 | D80: 0 | E80: 5 | F80: =C80+D80-E80 -> 66
A81: =A63+1 -> 46279 | B81: =B63 -> MiK | C81: =F63 -> 15 | D81: 20 | E81: 2 | F81: =C81+D81-E81 -> 33
A82: =A64+1 -> 46279 | B82: =B64 -> MiP | C82: =F64 -> 24 | D82: 0 | E82: 1 | F82: =C82+D82-E82 -> 23
A83: =A11 -> ПН | B83: Пузанов Д.В. | C83: =SUM(C76:C82) -> 292 | D83: =SUM(D76:D82) -> 44 | E83: =SUM(E76:E82) -> 18 | F83: =SUM(F76:F82) -> 318
A85: =A76+1 -> 46280 | B85: =B76 -> Ak10 | C85: =F76 -> 16 | D85: 0 | E85: 0 | F85: =C85+D85-E85 -> 16
A86: =A77+1 -> 46280 | B86: =B77 -> Ak15 | C86: =F77 -> 24 | D86: 0 | E86: 0 | F86: =C86+D86-E86 -> 24
A87: =A78+1 -> 46280 | B87: =B78 -> G1800 | C87: =F78 -> 140 | D87: 0 | E87: 0 | F87: =C87+D87-E87 -> 140
A88: =A79+1 -> 46280 | B88: =B79 -> G3500 | C88: =F79 -> 16 | D88: 0 | E88: 0 | F88: =C88+D88-E88 -> 16
A89: =A80+1 -> 46280 | B89: =B80 -> G800 | C89: =F80 -> 66 | D89: 0 | E89: 0 | F89: =C89+D89-E89 -> 66
A90: =A81+1 -> 46280 | B90: =B81 -> MiK | C90: =F81 -> 33 | D90: 0 | E90: 0 | F90: =C90+D90-E90 -> 33
A91: =A82+1 -> 46280 | B91: =B82 -> MiP | C91: =F82 -> 23 | D91: 0 | E91: 0 | F91: =C91+D91-E91 -> 23
A92: =A20 -> ВТ | B92: =B20 -> Завалишин Д.Л. | C92: =SUM(C85:C91) -> 318 | D92: =SUM(D85:D91) -> 0 | E92: =SUM(E85:E91) -> 0 | F92: =SUM(F85:F91) -> 318
A94: =A85+1 -> 46281 | B94: =B85 -> Ak10 | C94: =F85 -> 16 | D94: 0 | E94: 0 | F94: =C94+D94-E94 -> 16
A95: =A86+1 -> 46281 | B95: =B86 -> Ak15 | C95: =F86 -> 24 | D95: 0 | E95: 0 | F95: =C95+D95-E95 -> 24
A96: =A87+1 -> 46281 | B96: =B87 -> G1800 | C96: =F87 -> 140 | D96: 0 | E96: 0 | F96: =C96+D96-E96 -> 140
A97: =A88+1 -> 46281 | B97: =B88 -> G3500 | C97: =F88 -> 16 | D97: 0 | E97: 0 | F97: =C97+D97-E97 -> 16
A98: =A89+1 -> 46281 | B98: =B89 -> G800 | C98: =F89 -> 66 | D98: 0 | E98: 0 | F98: =C98+D98-E98 -> 66
A99: =A90+1 -> 46281 | B99: =B90 -> MiK | C99: =F90 -> 33 | D99: 0 | E99: 0 | F99: =C99+D99-E99 -> 33
A100: =A91+1 -> 46281 | B100: =B91 -> MiP | C100: =F91 -> 23 | D100: 0 | E100: 0 | F100: =C100+D100-E100 -> 23
A101: =A29 -> СР | B101: =B29 -> Завалишин Д.Л. | C101: =SUM(C94:C100) -> 318 | D101: =SUM(D94:D100) -> 0 | E101: =SUM(E94:E100) -> 0 | F101: =SUM(F94:F100) -> 318
A103: =A94+1 -> 46282 | B103: =B94 -> Ak10 | C103: =F94 -> 16 | D103: 0 | E103: 0 | F103: =C103+D103-E103 -> 16
A104: =A95+1 -> 46282 | B104: =B95 -> Ak15 | C104: =F95 -> 24 | D104: 0 | E104: 0 | F104: =C104+D104-E104 -> 24
A105: =A96+1 -> 46282 | B105: =B96 -> G1800 | C105: =F96 -> 140 | D105: 0 | E105: 0 | F105: =C105+D105-E105 -> 140
A106: =A97+1 -> 46282 | B106: =B97 -> G3500 | C106: =F97 -> 16 | D106: 0 | E106: 0 | F106: =C106+D106-E106 -> 16
A107: =A98+1 -> 46282 | B107: =B98 -> G800 | C107: =F98 -> 66 | D107: 0 | E107: 0 | F107: =C107+D107-E107 -> 66
A108: =A99+1 -> 46282 | B108: =B99 -> MiK | C108: =F99 -> 33 | D108: 0 | E108: 0 | F108: =C108+D108-E108 -> 33
A109: =A100+1 -> 46282 | B109: =B100 -> MiP | C109: =F100 -> 23 | D109: 0 | E109: 0 | F109: =C109+D109-E109 -> 23
A110: =A38 -> ЧТ | B110: =B38 -> Завалишин Д.Л. | C110: =SUM(C103:C109) -> 318 | D110: =SUM(D103:D109) -> 0 | E110: =SUM(E103:E109) -> 0 | F110: =SUM(F103:F109) -> 318
A112: =A103+1 -> 46283 | B112: =B103 -> Ak10 | C112: =F103 -> 16 | D112: 0 | E112: 0 | F112: =C112+D112-E112 -> 16
...

Sheet 06НачисленияДни
A1: НАЧИСЛЕНИЯ ЗА ФУЛФИЛМЕНТ
A2: В сборку входят: брендирование, упаковка и выдача
A3: Дата | B3: Код | C3: Приемка | D3: Отправка | E3: ИТОГО
A4: ='05Движение'!A4 -> 46272 | B4: ='05Движение'!B4 -> Ak10 | C4: =IF('05Движение'!D4>0,'05Движение'!D4*'02Тариф'!$B$3,0) -> 0 | D4: =IF('05Движение'!E4>0,'05Движение'!E4*('02Тариф'!$B$4+'02Тариф'!$B$5+'02Тариф'!$B$6),0) -> 0 | E4: =C4+D4 -> 0
A5: ='05Движение'!A5 -> 46272 | B5: ='05Движение'!B5 -> Ak15 | C5: =IF('05Движение'!D5>0,'05Движение'!D5*'02Тариф'!$B$3,0) -> 0 | D5: =IF('05Движение'!E5>0,'05Движение'!E5*('02Тариф'!$B$4+'02Тариф'!$B$5+'02Тариф'!$B$6),0) -> 0 | E5: =SUM(C5:D5) -> 0
A6: ='05Движение'!A6 -> 46272 | B6: ='05Движение'!B6 -> G1800 | C6: =IF('05Движение'!D6>0,'05Движение'!D6*'02Тариф'!$D$3,0) -> 30 | D6: =IF('05Движение'!E6>0,'05Движение'!E6*('02Тариф'!$D$4+'02Тариф'!$D$5+'02Тариф'!$D$6),0) -> 225 | E6: =SUM(C6:D6) -> 255
A7: ='05Движение'!A7 -> 46272 | B7: ='05Движение'!B7 -> G3500 | C7: =IF('05Движение'!D7>0,'05Движение'!D7*'02Тариф'!$C$3,0) -> 0 | D7: =IF('05Движение'!E7>0,'05Движение'!E7*('02Тариф'!$C$4+'02Тариф'!$C$5+'02Тариф'!$C$6),0) -> 0 | E7: =SUM(C7:D7) -> 0
A8: ='05Движение'!A8 -> 46272 | B8: ='05Движение'!B8 -> G800 | C8: =IF('05Движение'!D8>0,'05Движение'!D8*'02Тариф'!$C$3,0) -> 20 | D8: =IF('05Движение'!E8>0,'05Движение'!E8*('02Тариф'!$C$4+'02Тариф'!$C$5+'02Тариф'!$C$6),0) -> 110 | E8: =SUM(C8:D8) -> 130
A9: ='05Движение'!A9 -> 46272 | B9: ='05Движение'!B9 -> MiK | C9: =IF('05Движение'!D9>0,'05Движение'!D9*'02Тариф'!$B$3,0) -> 10 | D9: =IF('05Движение'!E9>0,'05Движение'!E9*('02Тариф'!$B$5+'02Тариф'!$B$6),0) -> 30 | E9: =SUM(C9:D9) -> 40
A10: ='05Движение'!A10 -> 46272 | B10: ='05Движение'!B10 -> MiP | C10: =IF('05Движение'!D10>0,'05Движение'!D10*'02Тариф'!$B$3,0) -> 0 | D10: =IF('05Движение'!E10>0,'05Движение'!E10*('02Тариф'!$B$5+'02Тариф'!$B$6),0) -> 0 | E10: =SUM(C10:D10) -> 0
A11: ='05Движение'!A11 -> ПН | B11: ='05Движение'!B11 -> Пузанов Д.В. | C11: =SUM(C4:C10) -> 60 | D11: =SUM(D4:D10) -> 365 | E11: =SUM(E4:E10) -> 425
A13: ='05Движение'!A13 -> 46273 | B13: ='05Движение'!B13 -> Ak10 | C13: =IF('05Движение'!D13>0,'05Движение'!D13*'02Тариф'!$B$3,0) -> 0 | D13: =IF('05Движение'!E13>0,'05Движение'!E13*('02Тариф'!$B$4+'02Тариф'!$B$5+'02Тариф'!$B$6),0) -> 40 | E13: =C13+D13 -> 40
A14: ='05Движение'!A14 -> 46273 | B14: ='05Движение'!B14 -> Ak15 | C14: =IF('05Движение'!D14>0,'05Движение'!D14*'02Тариф'!$B$3,0) -> 0 | D14: =IF('05Движение'!E14>0,'05Движение'!E14*('02Тариф'!$B$4+'02Тариф'!$B$5+'02Тариф'!$B$6),0) -> 40 | E14: =SUM(C14:D14) -> 40
A15: ='05Движение'!A15 -> 46273 | B15: ='05Движение'!B15 -> G1800 | C15: =IF('05Движение'!D15>0,'05Движение'!D15*'02Тариф'!$D$3,0) -> 0 | D15: =IF('05Движение'!E15>0,'05Движение'!E15*('02Тариф'!$D$4+'02Тариф'!$D$5+'02Тариф'!$D$6),0) -> 825 | E15: =SUM(C15:D15) -> 825
A16: ='05Движение'!A16 -> 46273 | B16: ='05Движение'!B16 -> G3500 | C16: =IF('05Движение'!D16>0,'05Движение'!D16*'02Тариф'!$C$3,0) -> 0 | D16: =IF('05Движение'!E16>0,'05Движение'!E16*('02Тариф'!$C$4+'02Тариф'!$C$5+'02Тариф'!$C$6),0) -> 0 | E16: =SUM(C16:D16) -> 0
A17: ='05Движение'!A17 -> 46273 | B17: ='05Движение'!B17 -> G800 | C17: =IF('05Движение'!D17>0,'05Движение'!D17*'02Тариф'!$C$3,0) -> 0 | D17: =IF('05Движение'!E17>0,'05Движение'!E17*('02Тариф'!$C$4+'02Тариф'!$C$5+'02Тариф'!$C$6),0) -> 165 | E17: =SUM(C17:D17) -> 165
A18: ='05Движение'!A18 -> 46273 | B18: ='05Движение'!B18 -> MiK | C18: =IF('05Движение'!D18>0,'05Движение'!D18*'02Тариф'!$B$3,0) -> 0 | D18: =IF('05Движение'!E18>0,'05Движение'!E18*('02Тариф'!$B$5+'02Тариф'!$B$6),0) -> 0 | E18: =SUM(C18:D18) -> 0
A19: ='05Движение'!A19 -> 46273 | B19: ='05Движение'!B19 -> MiP | C19: =IF('05Движение'!D19>0,'05Движение'!D19*'02Тариф'!$B$3,0) -> 0 | D19: =IF('05Движение'!E19>0,'05Движение'!E19*('02Тариф'!$B$5+'02Тариф'!$B$6),0) -> 0 | E19: =SUM(C19:D19) -> 0
A20: ='05Движение'!A20 -> ВТ | B20: Завалишин Д.Л. | C20: =SUM(C13:C19) -> 0 | D20: =SUM(D13:D19) -> 1070 | E20: =SUM(E13:E19) -> 1070
A22: ='05Движение'!A22 -> 46274 | B22: ='05Движение'!B22 -> Ak10 | C22: =IF('05Движение'!D22>0,'05Движение'!D22*'02Тариф'!$B$3,0) -> 0 | D22: =IF('05Движение'!E22>0,'05Движение'!E22*('02Тариф'!$B$4+'02Тариф'!$B$5+'02Тариф'!$B$6),0) -> 0 | E22: =C22+D22 -> 0
A23: ='05Движение'!A23 -> 46274 | B23: ='05Движение'!B23 -> Ak15 | C23: =IF('05Движение'!D23>0,'05Движение'!D23*'02Тариф'!$B$3,0) -> 0 | D23: =IF('05Движение'!E23>0,'05Движение'!E23*('02Тариф'!$B$4+'02Тариф'!$B$5+'02Тариф'!$B$6),0) -> 40 | E23: =SUM(C23:D23) -> 40
A24: ='05Движение'!A24 -> 46274 | B24: ='05Движение'!B24 -> G1800 | C24: =IF('05Движение'!D24>0,'05Движение'!D24*'02Тариф'!$D$3,0) -> 0 | D24: =IF('05Движение'!E24>0,'05Движение'!E24*('02Тариф'!$D$4+'02Тариф'!$D$5+'02Тариф'!$D$6),0) -> 600 | E24: =SUM(C24:D24) -> 600
A25: ='05Движение'!A25 -> 46274 | B25: ='05Движение'!B25 -> G3500 | C25: =IF('05Движение'!D25>0,'05Движение'!D25*'02Тариф'!$C$3,0) -> 0 | D25: =IF('05Движение'!E25>0,'05Движение'!E25*('02Тариф'!$C$4+'02Тариф'!$C$5+'02Тариф'!$C$6),0) -> 0 | E25: =SUM(C25:D25) -> 0
A26: ='05Движение'!A26 -> 46274 | B26: ='05Движение'!B26 -> G800 | C26: =IF('05Движение'!D26>0,'05Движение'!D26*'02Тариф'!$C$3,0) -> 0 | D26: =IF('05Движение'!E26>0,'05Движение'!E26*('02Тариф'!$C$4+'02Тариф'!$C$5+'02Тариф'!$C$6),0) -> 275 | E26: =SUM(C26:D26) -> 275
A27: ='05Движение'!A27 -> 46274 | B27: ='05Движение'!B27 -> MiK | C27: =IF('05Движение'!D27>0,'05Движение'!D27*'02Тариф'!$B$3,0) -> 0 | D27: =IF('05Движение'!E27>0,'05Движение'!E27*('02Тариф'!$B$5+'02Тариф'!$B$6),0) -> 30 | E27: =SUM(C27:D27) -> 30
A28: ='05Движение'!A28 -> 46274 | B28: ='05Движение'!B28 -> MiP | C28: =IF('05Движение'!D28>0,'05Движение'!D28*'02Тариф'!$B$3,0) -> 0 | D28: =IF('05Движение'!E28>0,'05Движение'!E28*('02Тариф'!$B$5+'02Тариф'!$B$6),0) -> 0 | E28: =SUM(C28:D28) -> 0
A29: ='05Движение'!A29 -> СР | B29: Завалишин Д.Л. | C29: =SUM(C22:C28) -> 0 | D29: =SUM(D22:D28) -> 945 | E29: =SUM(E22:E28) -> 945
A31: ='05Движение'!A31 -> 46275 | B31: ='05Движение'!B31 -> Ak10 | C31: =IF('05Движение'!D31>0,'05Движение'!D31*'02Тариф'!$B$3,0) -> 0 | D31: =IF('05Движение'!E31>0,'05Движение'!E31*('02Тариф'!$B$4+'02Тариф'!$B$5+'02Тариф'!$B$6),0) -> 0 | E31: =C31+D31 -> 0
A32: ='05Движение'!A32 -> 46275 | B32: ='05Движение'!B32 -> Ak15 | C32: =IF('05Движение'!D32>0,'05Движение'!D32*'02Тариф'!$B$3,0) -> 100 | D32: =IF('05Движение'!E32>0,'05Движение'!E32*('02Тариф'!$B$4+'02Тариф'!$B$5+'02Тариф'!$B$6),0) -> 0 | E32: =SUM(C32:D32) -> 100
A33: ='05Движение'!A33 -> 46275 | B33: ='05Движение'!B33 -> G1800 | C33: =IF('05Движение'!D33>0,'05Движение'!D33*'02Тариф'!$D$3,0) -> 1290 | D33: =IF('05Движение'!E33>0,'05Движение'!E33*('02Тариф'!$D$4+'02Тариф'!$D$5+'02Тариф'!$D$6),0) -> 750 | E33: =SUM(C33:D33) -> 2040
A34: ='05Движение'!A34 -> 46275 | B34: ='05Движение'!B34 -> G3500 | C34: =IF('05Движение'!D34>0,'05Движение'!D34*'02Тариф'!$C$3,0) -> 20 | D34: =IF('05Движение'!E34>0,'05Движение'!E34*('02Тариф'!$C$4+'02Тариф'!$C$5+'02Тариф'!$C$6),0) -> 0 | E34: =SUM(C34:D34) -> 20
A35: ='05Движение'!A35 -> 46275 | B35: ='05Движение'!B35 -> G800 | C35: =IF('05Движение'!D35>0,'05Движение'!D35*'02Тариф'!$C$3,0) -> 0 | D35: =IF('05Движение'!E35>0,'05Движение'!E35*('02Тариф'!$C$4+'02Тариф'!$C$5+'02Тариф'!$C$6),0) -> 440 | E35: =SUM(C35:D35) -> 440
A36: ='05Движение'!A36 -> 46275 | B36: ='05Движение'!B36 -> MiK | C36: =IF('05Движение'!D36>0,'05Движение'!D36*'02Тариф'!$B$3,0) -> 100 | D36: =IF('05Движение'!E36>0,'05Движение'!E36*('02Тариф'!$B$5+'02Тариф'!$B$6),0) -> 30 | E36: =SUM(C36:D36) -> 130
A37: ='05Движение'!A37 -> 46275 | B37: ='05Движение'!B37 -> MiP | C37: =IF('05Движение'!D37>0,'05Движение'!D37*'02Тариф'!$B$3,0) -> 270 | D37: =IF('05Движение'!E37>0,'05Движение'!E37*('02Тариф'!$B$5+'02Тариф'!$B$6),0) -> 30 | E37: =SUM(C37:D37) -> 300
A38: ='05Движение'!A38 -> ЧТ | B38: Завалишин Д.Л. | C38: =SUM(C31:C37) -> 1780 | D38: =SUM(D31:D37) -> 1250 | E38: =SUM(E31:E37) -> 3030
A40: ='05Движение'!A40 -> 46276 | B40: ='05Движение'!B40 -> Ak10 | C40: =IF('05Движение'!D40>0,'05Движение'!D40*'02Тариф'!$B$3,0) -> 0 | D40: =IF('05Движение'!E40>0,'05Движение'!E40*('02Тариф'!$B$4+'02Тариф'!$B$5+'02Тариф'!$B$6),0) -> 200 | E40: =C40+D40 -> 200
A41: ='05Движение'!A41 -> 46276 | B41: ='05Движение'!B41 -> Ak15 | C41: =IF('05Движение'!D41>0,'05Движение'!D41*'02Тариф'!$B$3,0) -> 0 | D41: =IF('05Движение'!E41>0,'05Движение'!E41*('02Тариф'!$B$4+'02Тариф'!$B$5+'02Тариф'!$B$6),0) -> 80 | E41: =SUM(C41:D41) -> 80
A42: ='05Движение'!A42 -> 46276 | B42: ='05Движение'!B42 -> G1800 | C42: =IF('05Движение'!D42>0,'05Движение'!D42*'02Тариф'!$D$3,0) -> 0 | D42: =IF('05Движение'!E42>0,'05Движение'!E42*('02Тариф'!$D$4+'02Тариф'!$D$5+'02Тариф'!$D$6),0) -> 900 | E42: =SUM(C42:D42) -> 900
A43: ='05Движение'!A43 -> 46276 | B43: ='05Движение'!B43 -> G3500 | C43: =IF('05Движение'!D43>0,'05Движение'!D43*'02Тариф'!$C$3,0) -> 0 | D43: =IF('05Движение'!E43>0,'05Движение'!E43*('02Тариф'!$C$4+'02Тариф'!$C$5+'02Тариф'!$C$6),0) -> 110 | E43: =SUM(C43:D43) -> 110
A44: ='05Движение'!A44 -> 46276 | B44: ='05Движение'!B44 -> G800 | C44: =IF('05Движение'!D44>0,'05Движение'!D44*'02Тариф'!$C$3,0) -> 640 | D44: =IF('05Движение'!E44>0,'05Движение'!E44*('02Тариф'!$C$4+'02Тариф'!$C$5+'02Тариф'!$C$6),0) -> 220 | E44: =SUM(C44:D44) -> 860
A45: ='05Движение'!A45 -> 46276 | B45: ='05Движение'!B45 -> MiK | C45: =IF('05Движение'!D45>0,'05Движение'!D45*'02Тариф'!$B$3,0) -> 0 | D45: =IF('05Движение'!E45>0,'05Движение'!E45*('02Тариф'!$B$5+'02Тариф'!$B$6),0) -> 180 | E45: =SUM(C45:D45) -> 180
A46: ='05Движение'!A46 -> 46276 | B46: ='05Движение'!B46 -> MiP | C46: =IF('05Движение'!D46>0,'05Движение'!D46*'02Тариф'!$B$3,0) -> 0 | D46: =IF('05Движение'!E46>0,'05Движение'!E46*('02Тариф'!$B$5+'02Тариф'!$B$6),0) -> 30 | E46: =SUM(C46:D46) -> 30
A47: ='05Движение'!A47 -> ПТ | B47: Пузанов Д.В. | C47: =SUM(C40:C46) -> 640 | D47: =SUM(D40:D46) -> 1720 | E47: =SUM(E40:E46) -> 2360
A49: ='05Движение'!A49 -> 46277 | B49: ='05Движение'!B49 -> Ak10 | C49: =IF('05Движение'!D49>0,'05Движение'!D49*'02Тариф'!$B$3,0) -> 0 | D49: =IF('05Движение'!E49>0,'05Движение'!E49*('02Тариф'!$B$4+'02Тариф'!$B$5+'02Тариф'!$B$6),0) -> 40 | E49: =C49+D49 -> 40
A50: ='05Движение'!A50 -> 46277 | B50: ='05Движение'!B50 -> Ak15 | C50: =IF('05Движение'!D50>0,'05Движение'!D50*'02Тариф'!$B$3,0) -> 0 | D50: =IF('05Движение'!E50>0,'05Движение'!E50*('02Тариф'!$B$4+'02Тариф'!$B$5+'02Тариф'!$B$6),0) -> 80 | E50: =SUM(C50:D50) -> 80
A51: ='05Движение'!A51 -> 46277 | B51: ='05Движение'!B51 -> G1800 | C51: =IF('05Движение'!D51>0,'05Движение'!D51*'02Тариф'!$D$3,0) -> 0 | D51: =IF('05Движение'!E51>0,'05Движение'!E51*('02Тариф'!$D$4+'02Тариф'!$D$5+'02Тариф'!$D$6),0) -> 375 | E51: =SUM(C51:D51) -> 375
A52: ='05Движение'!A52 -> 46277 | B52: ='05Движение'!B52 -> G3500 | C52: =IF('05Движение'!D52>0,'05Движение'!D52*'02Тариф'!$C$3,0) -> 0 | D52: =IF('05Движение'!E52>0,'05Движение'!E52*('02Тариф'!$C$4+'02Тариф'!$C$5+'02Тариф'!$C$6),0) -> 55 | E52: =SUM(C52:D52) -> 55
A53: ='05Движение'!A53 -> 46277 | B53: ='05Движение'!B53 -> G800 | C53: =IF('05Движение'!D53>0,'05Движение'!D53*'02Тариф'!$C$3,0) -> 0 | D53: =IF('05Движение'!E53>0,'05Движение'!E53*('02Тариф'!$C$4+'02Тариф'!$C$5+'02Тариф'!$C$6),0) -> 440 | E53: =SUM(C53:D53) -> 440
A54: ='05Движение'!A54 -> 46277 | B54: ='05Движение'!B54 -> MiK | C54: =IF('05Движение'!D54>0,'05Движение'!D54*'02Тариф'!$B$3,0) -> 0 | D54: =IF('05Движение'!E54>0,'05Движение'!E54*('02Тариф'!$B$5+'02Тариф'!$B$6),0) -> 120 | E54: =SUM(C54:D54) -> 120
A55: ='05Движение'!A55 -> 46277 | B55: ='05Движение'!B55 -> MiP | C55: =IF('05Движение'!D55>0,'05Движение'!D55*'02Тариф'!$B$3,0) -> 0 | D55: =IF('05Движение'!E55>0,'05Движение'!E55*('02Тариф'!$B$5+'02Тариф'!$B$6),0) -> 30 | E55: =SUM(C55:D55) -> 30
A56: ='05Движение'!A56 -> СБ | B56: Завалишин Д.Л. | C56: =SUM(C49:C55) -> 0 | D56: =SUM(D49:D55) -> 1140 | E56: =SUM(E49:E55) -> 1140
A58: ='05Движение'!A58 -> 46278 | B58: ='05Движение'!B58 -> Ak10 | C58: =IF('05Движение'!D58>0,'05Движение'!D58*'02Тариф'!$B$3,0) -> 0 | D58: =IF('05Движение'!E58>0,'05Движение'!E58*('02Тариф'!$B$4+'02Тариф'!$B$5+'02Тариф'!$B$6),0) -> 160 | E58: =C58+D58 -> 160
A59: ='05Движение'!A59 -> 46278 | B59: ='05Движение'!B59 -> Ak15 | C59: =IF('05Движение'!D59>0,'05Движение'!D59*'02Тариф'!$B$3,0) -> 0 | D59: =IF('05Движение'!E59>0,'05Движение'!E59*('02Тариф'!$B$4+'02Тариф'!$B$5+'02Тариф'!$B$6),0) -> 80 | E59: =SUM(C59:D59) -> 80
A60: ='05Движение'!A60 -> 46278 | B60: ='05Движение'!B60 -> G1800 | C60: =IF('05Движение'!D60>0,'05Движение'!D60*'02Тариф'!$D$3,0) -> 0 | D60: =IF('05Движение'!E60>0,'05Движение'!E60*('02Тариф'!$D$4+'02Тариф'!$D$5+'02Тариф'!$D$6),0) -> 150 | E60: =SUM(C60:D60) -> 150
A61: ='05Движение'!A61 -> 46278 | B61: ='05Движение'!B61 -> G3500 | C61: =IF('05Движение'!D61>0,'05Движение'!D61*'02Тариф'!$C$3,0) -> 20 | D61: =IF('05Движение'!E61>0,'05Движение'!E61*('02Тариф'!$C$4+'02Тариф'!$C$5+'02Тариф'!$C$6),0) -> 110 | E61: =SUM(C61:D61) -> 130
A62: ='05Движение'!A62 -> 46278 | B62: ='05Движение'!B62 -> G800 | C62: =IF('05Движение'!D62>0,'05Движение'!D62*'02Тариф'!$C$3,0) -> 0 | D62: =IF('05Движение'!E62>0,'05Движение'!E62*('02Тариф'!$C$4+'02Тариф'!$C$5+'02Тариф'!$C$6),0) -> 220 | E62: =SUM(C62:D62) -> 220
A63: ='05Движение'!A63 -> 46278 | B63: ='05Движение'!B63 -> MiK | C63: =IF('05Движение'!D63>0,'05Движение'!D63*'02Тариф'!$B$3,0) -> 0 | D63: =IF('05Движение'!E63>0,'05Движение'!E63*('02Тариф'!$B$5+'02Тариф'!$B$6),0) -> 0 | E63: =SUM(C63:D63) -> 0
A64: ='05Движение'!A64 -> 46278 | B64: ='05Движение'!B64 -> MiP | C64: =IF('05Движение'!D64>0,'05Движение'!D64*'02Тариф'!$B$3,0) -> 0 | D64: =IF('05Движение'!E64>0,'05Движение'!E64*('02Тариф'!$B$5+'02Тариф'!$B$6),0) -> 0 | E64: =SUM(C64:D64) -> 0
A65: ='05Движение'!A65 -> ВС | B65: Завалишин Д.Л. | C65: =SUM(C58:C64) -> 20 | D65: =SUM(D58:D64) -> 720 | E65: =SUM(E58:E64) -> 740
B67: =B4 -> Ak10 | C67: =C4+C13+C22+C31+C40+C49+C58 -> 0 | D67: =D4+D13+D22+D31+D40+D49+D58 -> 440 | E67: =C67+D67 -> 440
B68: =B5 -> Ak15 | C68: =C5+C14+C23+C32+C41+C50+C59 -> 100 | D68: =D5+D14+D23+D32+D41+D50+D59 -> 320 | E68: =C68+D68 -> 420
B69: =B6 -> G1800 | C69: =C6+C15+C24+C33+C42+C51+C60 -> 1320 | D69: =D6+D15+D24+D33+D42+D51+D60 -> 3825 | E69: =C69+D69 -> 5145
B70: =B7 -> G3500 | C70: =C7+C16+C25+C34+C43+C52+C61 -> 40 | D70: =D7+D16+D25+D34+D43+D52+D61 -> 275 | E70: =C70+D70 -> 315
B71: =B8 -> G800 | C71: =C8+C17+C26+C35+C44+C53+C62 -> 660 | D71: =D8+D17+D26+D35+D44+D53+D62 -> 1870 | E71: =C71+D71 -> 2530
B72: =B9 -> MiK | C72: =C9+C18+C27+C36+C45+C54+C63 -> 110 | D72: =D9+D18+D27+D36+D45+D54+D63 -> 390 | E72: =C72+D72 -> 500
B73: =B10 -> MiP | C73: =C10+C19+C28+C37+C46+C55+C64 -> 270 | D73: =D10+D19+D28+D37+D46+D55+D64 -> 90 | E73: =C73+D73 -> 360
A74: НЕДЕЛЯ | B74: ИТОГО | C74: =SUM(C67:C73) -> 2500 | D74: =SUM(D67:D73) -> 7210 | E74: =SUM(E67:E73) -> 9710 | F74: 672.85714 | G74: =E74+F74 -> 10382.857
A76: ='05Движение'!A76 -> 46279 | B76: ='05Движение'!B76 -> Ak10 | C76: =IF('05Движение'!D76>0,'05Движение'!D76*'02Тариф'!$B$3,0) -> 100 | D76: =IF('05Движение'!E76>0,'05Движение'!E76*('02Тариф'!$B$4+'02Тариф'!$B$5+'02Тариф'!$B$6),0) -> 40 | E76: =C76+D76 -> 140
A77: ='05Движение'!A77 -> 46279 | B77: ='05Движение'!B77 -> Ak15 | C77: =IF('05Движение'!D77>0,'05Движение'!D77*'02Тариф'!$B$3,0) -> 0 | D77: =IF('05Движение'!E77>0,'05Движение'!E77*('02Тариф'!$B$4+'02Тариф'!$B$5+'02Тариф'!$B$6),0) -> 80 | E77: =SUM(C77:D77) -> 80
A78: ='05Движение'!A78 -> 46279 | B78: ='05Движение'!B78 -> G1800 | C78: =IF('05Движение'!D78>0,'05Движение'!D78*'02Тариф'!$D$3,0) -> 0 | D78: =IF('05Движение'!E78>0,'05Движение'!E78*('02Тариф'!$D$4+'02Тариф'!$D$5+'02Тариф'!$D$6),0) -> 525 | E78: =SUM(C78:D78) -> 525
A79: ='05Движение'!A79 -> 46279 | B79: ='05Движение'!B79 -> G3500 | C79: =IF('05Движение'!D79>0,'05Движение'!D79*'02Тариф'!$C$3,0) -> 140 | D79: =IF('05Движение'!E79>0,'05Движение'!E79*('02Тариф'!$C$4+'02Тариф'!$C$5+'02Тариф'!$C$6),0) -> 0 | E79: =SUM(C79:D79) -> 140
A80: ='05Движение'!A80 -> 46279 | B80: ='05Движение'!B80 -> G800 | C80: =IF('05Движение'!D80>0,'05Движение'!D80*'02Тариф'!$C$3,0) -> 0 | D80: =IF('05Движение'!E80>0,'05Движение'!E80*('02Тариф'!$C$4+'02Тариф'!$C$5+'02Тариф'!$C$6),0) -> 275 | E80: =SUM(C80:D80) -> 275
A81: ='05Движение'!A81 -> 46279 | B81: ='05Движение'!B81 -> MiK | C81: =IF('05Движение'!D81>0,'05Движение'!D81*'02Тариф'!$B$3,0) -> 200 | D81: =IF('05Движение'!E81>0,'05Движение'!E81*('02Тариф'!$B$5+'02Тариф'!$B$6),0) -> 60 | E81: =SUM(C81:D81) -> 260
A82: ='05Движение'!A82 -> 46279 | B82: ='05Движение'!B82 -> MiP | C82: =IF('05Движение'!D82>0,'05Движение'!D82*'02Тариф'!$B$3,0) -> 0 | D82: =IF('05Движение'!E82>0,'05Движение'!E82*('02Тариф'!$B$5+'02Тариф'!$B$6),0) -> 30 | E82: =SUM(C82:D82) -> 30
A83: ='05Движение'!A83 -> ПН | B83: Пузанов Д.В. | C83: =SUM(C76:C82) -> 440 | D83: =SUM(D76:D82) -> 1010 | E83: =SUM(E76:E82) -> 1450
A85: ='05Движение'!A85 -> 46280 | B85: ='05Движение'!B85 -> Ak10 | C85: =IF('05Движение'!D85>0,'05Движение'!D85*'02Тариф'!$B$3,0) -> 0 | D85: =IF('05Движение'!E85>0,'05Движение'!E85*('02Тариф'!$B$4+'02Тариф'!$B$5+'02Тариф'!$B$6),0) -> 0 | E85: =C85+D85 -> 0
A86: ='05Движение'!A86 -> 46280 | B86: ='05Движение'!B86 -> Ak15 | C86: =IF('05Движение'!D86>0,'05Движение'!D86*'02Тариф'!$B$3,0) -> 0 | D86: =IF('05Движение'!E86>0,'05Движение'!E86*('02Тариф'!$B$4+'02Тариф'!$B$5+'02Тариф'!$B$6),0) -> 0 | E86: =SUM(C86:D86) -> 0
A87: ='05Движение'!A87 -> 46280 | B87: ='05Движение'!B87 -> G1800 | C87: =IF('05Движение'!D87>0,'05Движение'!D87*'02Тариф'!$D$3,0) -> 0 | D87: =IF('05Движение'!E87>0,'05Движение'!E87*('02Тариф'!$D$4+'02Тариф'!$D$5+'02Тариф'!$D$6),0) -> 0 | E87: =SUM(C87:D87) -> 0
A88: ='05Движение'!A88 -> 46280 | B88: ='05Движение'!B88 -> G3500 | C88: =IF('05Движение'!D88>0,'05Движение'!D88*'02Тариф'!$C$3,0) -> 0 | D88: =IF('05Движение'!E88>0,'05Движение'!E88*('02Тариф'!$C$4+'02Тариф'!$C$5+'02Тариф'!$C$6),0) -> 0 | E88: =SUM(C88:D88) -> 0
A89: ='05Движение'!A89 -> 46280 | B89: ='05Движение'!B89 -> G800 | C89: =IF('05Движение'!D89>0,'05Движение'!D89*'02Тариф'!$C$3,0) -> 0 | D89: =IF('05Движение'!E89>0,'05Движение'!E89*('02Тариф'!$C$4+'02Тариф'!$C$5+'02Тариф'!$C$6),0) -> 0 | E89: =SUM(C89:D89) -> 0
A90: ='05Движение'!A90 -> 46280 | B90: ='05Движение'!B90 -> MiK | C90: =IF('05Движение'!D90>0,'05Движение'!D90*'02Тариф'!$B$3,0) -> 0 | D90: =IF('05Движение'!E90>0,'05Движение'!E90*('02Тариф'!$B$5+'02Тариф'!$B$6),0) -> 0 | E90: =SUM(C90:D90) -> 0
A91: ='05Движение'!A91 -> 46280 | B91: ='05Движение'!B91 -> MiP | C91: =IF('05Движение'!D91>0,'05Движение'!D91*'02Тариф'!$B$3,0) -> 0 | D91: =IF('05Движение'!E91>0,'05Движение'!E91*('02Тариф'!$B$5+'02Тариф'!$B$6),0) -> 0 | E91: =SUM(C91:D91) -> 0
A92: =A20 -> ВТ | B92: Завалишин Д.Л. | C92: =SUM(C85:C91) -> 0 | D92: =SUM(D85:D91) -> 0 | E92: =SUM(E85:E91) -> 0
A94: ='05Движение'!A94 -> 46281 | B94: ='05Движение'!B94 -> Ak10 | C94: =IF('05Движение'!D94>0,'05Движение'!D94*'02Тариф'!$B$3,0) -> 0 | D94: =IF('05Движение'!E94>0,'05Движение'!E94*('02Тариф'!$B$4+'02Тариф'!$B$5+'02Тариф'!$B$6),0) -> 0 | E94: =C94+D94 -> 0
A95: ='05Движение'!A95 -> 46281 | B95: ='05Движение'!B95 -> Ak15 | C95: =IF('05Движение'!D95>0,'05Движение'!D95*'02Тариф'!$B$3,0) -> 0 | D95: =IF('05Движение'!E95>0,'05Движение'!E95*('02Тариф'!$B$4+'02Тариф'!$B$5+'02Тариф'!$B$6),0) -> 0 | E95: =SUM(C95:D95) -> 0
A96: ='05Движение'!A96 -> 46281 | B96: ='05Движение'!B96 -> G1800 | C96: =IF('05Движение'!D96>0,'05Движение'!D96*'02Тариф'!$D$3,0) -> 0 | D96: =IF('05Движение'!E96>0,'05Движение'!E96*('02Тариф'!$D$4+'02Тариф'!$D$5+'02Тариф'!$D$6),0) -> 0 | E96: =SUM(C96:D96) -> 0
A97: ='05Движение'!A97 -> 46281 | B97: ='05Движение'!B97 -> G3500 | C97: =IF('05Движение'!D97>0,'05Движение'!D97*'02Тариф'!$C$3,0) -> 0 | D97: =IF('05Движение'!E97>0,'05Движение'!E97*('02Тариф'!$C$4+'02Тариф'!$C$5+'02Тариф'!$C$6),0) -> 0 | E97: =SUM(C97:D97) -> 0
A98: ='05Движение'!A98 -> 46281 | B98: ='05Движение'!B98 -> G800 | C98: =IF('05Движение'!D98>0,'05Движение'!D98*'02Тариф'!$C$3,0) -> 0 | D98: =IF('05Движение'!E98>0,'05Движение'!E98*('02Тариф'!$C$4+'02Тариф'!$C$5+'02Тариф'!$C$6),0) -> 0 | E98: =SUM(C98:D98) -> 0
A99: ='05Движение'!A99 -> 46281 | B99: ='05Движение'!B99 -> MiK | C99: =IF('05Движение'!D99>0,'05Движение'!D99*'02Тариф'!$B$3,0) -> 0 | D99: =IF('05Движение'!E99>0,'05Движение'!E99*('02Тариф'!$B$5+'02Тариф'!$B$6),0) -> 0 | E99: =SUM(C99:D99) -> 0
A100: ='05Движение'!A100 -> 46281 | B100: ='05Движение'!B100 -> MiP | C100: =IF('05Движение'!D100>0,'05Движение'!D100*'02Тариф'!$B$3,0) -> 0 | D100: =IF('05Движение'!E100>0,'05Движение'!E100*('02Тариф'!$B$5+'02Тариф'!$B$6),0) -> 0 | E100: =SUM(C100:D100) -> 0
A101: =A29 -> СР | B101: Завалишин Д.Л. | C101: =SUM(C94:C100) -> 0 | D101: =SUM(D94:D100) -> 0 | E101: =SUM(E94:E100) -> 0
A103: ='05Движение'!A103 -> 46282 | B103: ='05Движение'!B103 -> Ak10 | C103: =IF('05Движение'!D103>0,'05Движение'!D103*'02Тариф'!$B$3,0) -> 0 | D103: =IF('05Движение'!E103>0,'05Движение'!E103*('02Тариф'!$B$4+'02Тариф'!$B$5+'02Тариф'!$B$6),0) -> 0 | E103: =C103+D103 -> 0
A104: ='05Движение'!A104 -> 46282 | B104: ='05Движение'!B104 -> Ak15 | C104: =IF('05Движение'!D104>0,'05Движение'!D104*'02Тариф'!$B$3,0) -> 0 | D104: =IF('05Движение'!E104>0,'05Движение'!E104*('02Тариф'!$B$4+'02Тариф'!$B$5+'02Тариф'!$B$6),0) -> 0 | E104: =SUM(C104:D104) -> 0
A105: ='05Движение'!A105 -> 46282 | B105: ='05Движение'!B105 -> G1800 | C105: =IF('05Движение'!D105>0,'05Движение'!D105*'02Тариф'!$D$3,0) -> 0 | D105: =IF('05Движение'!E105>0,'05Движение'!E105*('02Тариф'!$D$4+'02Тариф'!$D$5+'02Тариф'!$D$6),0) -> 0 | E105: =SUM(C105:D105) -> 0
A106: ='05Движение'!A106 -> 46282 | B106: ='05Движение'!B106 -> G3500 | C106: =IF('05Движение'!D106>0,'05Движение'!D106*'02Тариф'!$C$3,0) -> 0 | D106: =IF('05Движение'!E106>0,'05Движение'!E106*('02Тариф'!$C$4+'02Тариф'!$C$5+'02Тариф'!$C$6),0) -> 0 | E106: =SUM(C106:D106) -> 0
A107: ='05Движение'!A107 -> 46282 | B107: ='05Движение'!B107 -> G800 | C107: =IF('05Движение'!D107>0,'05Движение'!D107*'02Тариф'!$C$3,0) -> 0 | D107: =IF('05Движение'!E107>0,'05Движение'!E107*('02Тариф'!$C$4+'02Тариф'!$C$5+'02Тариф'!$C$6),0) -> 0 | E107: =SUM(C107:D107) -> 0
A108: ='05Движение'!A108 -> 46282 | B108: ='05Движение'!B108 -> MiK | C108: =IF('05Движение'!D108>0,'05Движение'!D108*'02Тариф'!$B$3,0) -> 0 | D108: =IF('05Движение'!E108>0,'05Движение'!E108*('02Тариф'!$B$5+'02Тариф'!$B$6),0) -> 0 | E108: =SUM(C108:D108) -> 0
A109: ='05Движение'!A109 -> 46282 | B109: ='05Движение'!B109 -> MiP | C109: =IF('05Движение'!D109>0,'05Движение'!D109*'02Тариф'!$B$3,0) -> 0 | D109: =IF('05Движение'!E109>0,'05Движение'!E109*('02Тариф'!$B$5+'02Тариф'!$B$6),0) -> 0 | E109: =SUM(C109:D109) -> 0
A110: =A38 -> ЧТ | B110: Завалишин Д.Л. | C110: =SUM(C103:C109) -> 0 | D110: =SUM(D103:D109) -> 0 | E110: =SUM(E103:E109) -> 0
A112: ='05Движение'!A112 -> 46283 | B112: ='05Движение'!B112 -> Ak10 | C112: =IF('05Движение'!D112>0,'05Движение'!D112*'02Тариф'!$B$3,0) -> 0 | D112: =IF('05Движение'!E112>0,'05Движение'!E112*('02Тариф'!$B$4+'02Тариф'!$B$5+'02Тариф'!$B$6),0) -> 0 | E112: =C112+D112 -> 0
...

Sheet 07НачисленияАртикул
A1: НАЧИСЛЕНИЯ СЕЛЛЕРУ
A2: Автоматический расчёт. Не вводите данные сюда — только в Журнал.
A3: Дата | B3: Артикул | C3: Приемка | D3: Отправка | E3: Сумма
A4: ='06НачисленияДни'!A4 -> 46272 | B4: ='06НачисленияДни'!B4 -> Ak10 | C4: ='06НачисленияДни'!C4 -> 0 | D4: ='06НачисленияДни'!D4 -> 0 | E4: =C4+D4 -> 0
A5: ='06НачисленияДни'!A13 -> 46273 | B5: ='06НачисленияДни'!B13 -> Ak10 | C5: ='06НачисленияДни'!C13 -> 0 | D5: ='06НачисленияДни'!D13 -> 40 | E5: =C5+D5 -> 40
A6: ='06НачисленияДни'!A22 -> 46274 | B6: ='06НачисленияДни'!B22 -> Ak10 | C6: ='06НачисленияДни'!C22 -> 0 | D6: ='06НачисленияДни'!D22 -> 0 | E6: =SUM(C6:D6) -> 0
A7: ='06НачисленияДни'!A31 -> 46275 | B7: ='06НачисленияДни'!B31 -> Ak10 | C7: ='06НачисленияДни'!C31 -> 0 | D7: ='06НачисленияДни'!D31 -> 0 | E7: =C7+D7 -> 0
A8: ='06НачисленияДни'!A40 -> 46276 | B8: ='06НачисленияДни'!B40 -> Ak10 | C8: ='06НачисленияДни'!C40 -> 0 | D8: ='06НачисленияДни'!D40 -> 200 | E8: =SUM(C8:D8) -> 200
A9: ='06НачисленияДни'!A49 -> 46277 | B9: ='06НачисленияДни'!B49 -> Ak10 | C9: ='06НачисленияДни'!C49 -> 0 | D9: ='06НачисленияДни'!D49 -> 40 | E9: =C9+D9 -> 40
A10: ='06НачисленияДни'!A58 -> 46278 | B10: ='06НачисленияДни'!B58 -> Ak10 | C10: ='06НачисленияДни'!C58 -> 0 | D10: ='06НачисленияДни'!D58 -> 160 | E10: =SUM(C10:D10) -> 160
B11: ИТОГО | C11: =SUM(C4:C10) -> 0 | D11: =SUM(D4:D10) -> 440 | E11: =SUM(E4:E10) -> 440
A13: ='06НачисленияДни'!A5 -> 46272 | B13: ='06НачисленияДни'!B5 -> Ak15 | C13: ='06НачисленияДни'!C5 -> 0 | D13: ='06НачисленияДни'!D5 -> 0 | E13: =C13+D13 -> 0
A14: ='06НачисленияДни'!A14 -> 46273 | B14: ='06НачисленияДни'!B14 -> Ak15 | C14: ='06НачисленияДни'!C14 -> 0 | D14: ='06НачисленияДни'!D14 -> 40 | E14: =C14+D14 -> 40
A15: =A6 -> 46274 | B15: ='06НачисленияДни'!B31 -> Ak10 | C15: ='06НачисленияДни'!C23 -> 0 | D15: ='06НачисленияДни'!D23 -> 40 | E15: =SUM(C15:D15) -> 40
A16: =A7 -> 46275 | B16: ='06НачисленияДни'!B40 -> Ak10 | C16: ='06НачисленияДни'!C32 -> 100 | D16: ='06НачисленияДни'!D32 -> 0 | E16: =C16+D16 -> 100
A17: =A8 -> 46276 | B17: ='06НачисленияДни'!B49 -> Ak10 | C17: ='06НачисленияДни'!C41 -> 0 | D17: ='06НачисленияДни'!D41 -> 80 | E17: =SUM(C17:D17) -> 80
A18: =A9 -> 46277 | B18: ='06НачисленияДни'!B58 -> Ak10 | C18: ='06НачисленияДни'!C50 -> 0 | D18: ='06НачисленияДни'!D50 -> 80 | E18: =C18+D18 -> 80
A19: =A10 -> 46278 | B19: ='06НачисленияДни'!B76 -> Ak10 | C19: ='06НачисленияДни'!C59 -> 0 | D19: ='06НачисленияДни'!D59 -> 80 | E19: =SUM(C19:D19) -> 80
B20: ИТОГО | C20: =SUM(C13:C19) -> 100 | D20: =SUM(D13:D19) -> 320 | E20: =SUM(E13:E19) -> 420
A22: =A13 -> 46272 | B22: ='06НачисленияДни'!B6 -> G1800 | C22: ='06НачисленияДни'!C6 -> 30 | D22: ='06НачисленияДни'!D6 -> 225 | E22: =C22+D22 -> 255
A23: =A14 -> 46273 | B23: =B22 -> G1800 | C23: ='06НачисленияДни'!C15 -> 0 | D23: ='06НачисленияДни'!D15 -> 825 | E23: =C23+D23 -> 825
A24: =A15 -> 46274 | B24: =B22 -> G1800 | C24: ='06НачисленияДни'!C24 -> 0 | D24: ='06НачисленияДни'!D24 -> 600 | E24: =SUM(C24:D24) -> 600
A25: =A16 -> 46275 | B25: =B24 -> G1800 | C25: ='06НачисленияДни'!C33 -> 1290 | D25: ='06НачисленияДни'!D33 -> 750 | E25: =C25+D25 -> 2040
A26: =A17 -> 46276 | B26: =B24 -> G1800 | C26: ='06НачисленияДни'!C42 -> 0 | D26: ='06НачисленияДни'!D42 -> 900 | E26: =SUM(C26:D26) -> 900
A27: =A18 -> 46277 | B27: =B25 -> G1800 | C27: ='06НачисленияДни'!C51 -> 0 | D27: ='06НачисленияДни'!D51 -> 375 | E27: =C27+D27 -> 375
A28: =A19 -> 46278 | B28: =B22 -> G1800 | C28: ='06НачисленияДни'!C60 -> 0 | D28: ='06НачисленияДни'!D60 -> 150 | E28: =SUM(C28:D28) -> 150
B29: ИТОГО | C29: =SUM(C22:C28) -> 1320 | D29: =SUM(D22:D28) -> 3825 | E29: =SUM(E22:E28) -> 5145
A31: =A22 -> 46272 | B31: ='06НачисленияДни'!B7 -> G3500 | C31: ='06НачисленияДни'!C7 -> 0 | D31: ='06НачисленияДни'!D7 -> 0 | E31: =C31+D31 -> 0
A32: =A23 -> 46273 | B32: =B31 -> G3500 | C32: ='06НачисленияДни'!C16 -> 0 | D32: ='06НачисленияДни'!D16 -> 0 | E32: =C32+D32 -> 0
A33: =A24 -> 46274 | B33: =B31 -> G3500 | C33: ='06НачисленияДни'!C25 -> 0 | D33: ='06НачисленияДни'!D25 -> 0 | E33: =SUM(C33:D33) -> 0
A34: =A25 -> 46275 | B34: =B33 -> G3500 | C34: ='06НачисленияДни'!C34 -> 20 | D34: ='06НачисленияДни'!D34 -> 0 | E34: =C34+D34 -> 20
A35: =A26 -> 46276 | B35: =B33 -> G3500 | C35: ='06НачисленияДни'!C43 -> 0 | D35: ='06НачисленияДни'!D43 -> 110 | E35: =SUM(C35:D35) -> 110
A36: =A27 -> 46277 | B36: =B34 -> G3500 | C36: ='06НачисленияДни'!C52 -> 0 | D36: ='06НачисленияДни'!D52 -> 55 | E36: =C36+D36 -> 55
A37: =A28 -> 46278 | B37: =B31 -> G3500 | C37: ='06НачисленияДни'!C61 -> 20 | D37: ='06НачисленияДни'!D61 -> 110 | E37: =SUM(C37:D37) -> 130
B38: ИТОГО | C38: =SUM(C31:C37) -> 40 | D38: =SUM(D31:D37) -> 275 | E38: =SUM(E31:E37) -> 315
A40: =A31 -> 46272 | B40: G800 | C40: ='06НачисленияДни'!C8 -> 20 | D40: ='06НачисленияДни'!D8 -> 110 | E40: =C40+D40 -> 130
A41: =A32 -> 46273 | B41: =B40 -> G800 | C41: ='06НачисленияДни'!C17 -> 0 | D41: ='06НачисленияДни'!D17 -> 165 | E41: =C41+D41 -> 165
A42: =A33 -> 46274 | B42: =B40 -> G800 | C42: ='06НачисленияДни'!C26 -> 0 | D42: ='06НачисленияДни'!D26 -> 275 | E42: =SUM(C42:D42) -> 275
A43: =A34 -> 46275 | B43: =B42 -> G800 | C43: ='06НачисленияДни'!C35 -> 0 | D43: ='06НачисленияДни'!D35 -> 440 | E43: =C43+D43 -> 440
A44: =A35 -> 46276 | B44: =B42 -> G800 | C44: ='06НачисленияДни'!C44 -> 640 | D44: ='06НачисленияДни'!D44 -> 220 | E44: =SUM(C44:D44) -> 860
A45: =A36 -> 46277 | B45: =B43 -> G800 | C45: ='06НачисленияДни'!C53 -> 0 | D45: ='06НачисленияДни'!D53 -> 440 | E45: =C45+D45 -> 440
A46: =A37 -> 46278 | B46: =B40 -> G800 | C46: ='06НачисленияДни'!C62 -> 0 | D46: ='06НачисленияДни'!D62 -> 220 | E46: =SUM(C46:D46) -> 220
B47: ИТОГО | C47: =SUM(C40:C46) -> 660 | D47: =SUM(D40:D46) -> 1870 | E47: =SUM(E40:E46) -> 2530
A49: =A40 -> 46272 | B49: ='06НачисленияДни'!B9 -> MiK | C49: ='06НачисленияДни'!C9 -> 10 | D49: ='06НачисленияДни'!D9 -> 30 | E49: =C49+D49 -> 40
A50: =A41 -> 46273 | B50: =B49 -> MiK | C50: ='06НачисленияДни'!C18 -> 0 | D50: ='06НачисленияДни'!D18 -> 0 | E50: =C50+D50 -> 0
A51: =A42 -> 46274 | B51: =B49 -> MiK | C51: ='06НачисленияДни'!C27 -> 0 | D51: ='06НачисленияДни'!D27 -> 30 | E51: =SUM(C51:D51) -> 30
A52: =A43 -> 46275 | B52: =B51 -> MiK | C52: ='06НачисленияДни'!C36 -> 100 | D52: ='06НачисленияДни'!D36 -> 30 | E52: =C52+D52 -> 130
A53: =A44 -> 46276 | B53: =B51 -> MiK | C53: ='06НачисленияДни'!C45 -> 0 | D53: ='06НачисленияДни'!D45 -> 180 | E53: =SUM(C53:D53) -> 180
A54: =A45 -> 46277 | B54: =B52 -> MiK | C54: ='06НачисленияДни'!C54 -> 0 | D54: ='06НачисленияДни'!D54 -> 120 | E54: =C54+D54 -> 120
A55: =A46 -> 46278 | B55: =B49 -> MiK | C55: ='06НачисленияДни'!C63 -> 0 | D55: ='06НачисленияДни'!D63 -> 0 | E55: =SUM(C55:D55) -> 0
B56: ИТОГО | C56: =SUM(C49:C55) -> 110 | D56: =SUM(D49:D55) -> 390 | E56: =SUM(E49:E55) -> 500
A58: =A49 -> 46272 | B58: ='06НачисленияДни'!B10 -> MiP | C58: ='06НачисленияДни'!C10 -> 0 | D58: ='06НачисленияДни'!D10 -> 0 | E58: =C58+D58 -> 0
A59: =A50 -> 46273 | B59: =B58 -> MiP | C59: ='06НачисленияДни'!C19 -> 0 | D59: ='06НачисленияДни'!D19 -> 0 | E59: =C59+D59 -> 0
A60: =A51 -> 46274 | B60: =B58 -> MiP | C60: ='06НачисленияДни'!C28 -> 0 | D60: ='06НачисленияДни'!D28 -> 0 | E60: =SUM(C60:D60) -> 0
A61: =A52 -> 46275 | B61: =B60 -> MiP | C61: ='06НачисленияДни'!C37 -> 270 | D61: ='06НачисленияДни'!D37 -> 30 | E61: =C61+D61 -> 300
A62: =A53 -> 46276 | B62: =B60 -> MiP | C62: ='06НачисленияДни'!C46 -> 0 | D62: ='06НачисленияДни'!D46 -> 30 | E62: =SUM(C62:D62) -> 30
A63: =A54 -> 46277 | B63: =B61 -> MiP | C63: ='06НачисленияДни'!C55 -> 0 | D63: ='06НачисленияДни'!D55 -> 30 | E63: =C63+D63 -> 30
A64: =A55 -> 46278 | B64: =B58 -> MiP | C64: ='06НачисленияДни'!C64 -> 0 | D64: ='06НачисленияДни'!D64 -> 0 | E64: =SUM(C64:D64) -> 0
B65: ИТОГО | C65: =SUM(C58:C64) -> 270 | D65: =SUM(D58:D64) -> 90 | E65: =SUM(E58:E64) -> 360
A67: Итого | B67: =B4 -> Ak10 | C67: =C11 -> 0 | D67: =D11 -> 440 | E67: =E11 -> 440
B68: =B13 -> Ak15 | C68: =C20 -> 100 | D68: =D20 -> 320 | E68: =E20 -> 420
B69: =B22 -> G1800 | C69: =C29 -> 1320 | D69: =D29 -> 3825 | E69: =E29 -> 5145
B70: =B31 -> G3500 | C70: =C38 -> 40 | D70: =D38 -> 275 | E70: =E38 -> 315
B71: =B40 -> G800 | C71: =C47 -> 660 | D71: =D47 -> 1870 | E71: =E47 -> 2530
B72: =B49 -> MiK | C72: =C56 -> 110 | D72: =D56 -> 390 | E72: =E56 -> 500
B73: =B58 -> MiP | C73: =C65 -> 270 | D73: =D65 -> 90 | E73: =E65 -> 360
A74: НЕДЕЛЯ | B74: ИТОГО | C74: =SUM(C67:C73) -> 2500 | D74: =SUM(D67:D73) -> 7210 | E74: =SUM(E67:E73) -> 9710

Sheet Счет
A1: НАЧИСЛЕНИЯ ЗА ФУЛФИЛМЕНТ
A2: В сборку входят: брендирование, упаковка и выдача
A3: Дата | B3: Код | C3: Приемка | D3: Отправка | E3: ИТОГО
A4: ='05Движение'!A4 -> 46272 | B4: ='05Движение'!B4 -> Ak10 | C4: =IF('05Движение'!D4>0,'05Движение'!D4*'02Тариф'!$B$3,0) -> 0 | D4: =IF('05Движение'!E4>0,'05Движение'!E4*('02Тариф'!$B$4+'02Тариф'!$B$5+'02Тариф'!$B$6),0) -> 0 | E4: =C4+D4 -> 0
A5: ='05Движение'!A5 -> 46272 | B5: ='05Движение'!B5 -> Ak15 | C5: =IF('05Движение'!D5>0,'05Движение'!D5*'02Тариф'!$B$3,0) -> 0 | D5: =IF('05Движение'!E5>0,'05Движение'!E5*('02Тариф'!$B$4+'02Тариф'!$B$5+'02Тариф'!$B$6),0) -> 0 | E5: =SUM(C5:D5) -> 0
A6: ='05Движение'!A6 -> 46272 | B6: ='05Движение'!B6 -> G1800 | C6: =IF('05Движение'!D6>0,'05Движение'!D6*'02Тариф'!$D$3,0) -> 30 | D6: =IF('05Движение'!E6>0,'05Движение'!E6*('02Тариф'!$D$4+'02Тариф'!$D$5+'02Тариф'!$D$6),0) -> 225 | E6: =SUM(C6:D6) -> 255
A7: ='05Движение'!A7 -> 46272 | B7: ='05Движение'!B7 -> G3500 | C7: =IF('05Движение'!D7>0,'05Движение'!D7*'02Тариф'!$C$3,0) -> 0 | D7: =IF('05Движение'!E7>0,'05Движение'!E7*('02Тариф'!$C$4+'02Тариф'!$C$5+'02Тариф'!$C$6),0) -> 0 | E7: =SUM(C7:D7) -> 0
A8: ='05Движение'!A8 -> 46272 | B8: ='05Движение'!B8 -> G800 | C8: =IF('05Движение'!D8>0,'05Движение'!D8*'02Тариф'!$C$3,0) -> 20 | D8: =IF('05Движение'!E8>0,'05Движение'!E8*('02Тариф'!$C$4+'02Тариф'!$C$5+'02Тариф'!$C$6),0) -> 110 | E8: =SUM(C8:D8) -> 130
A9: ='05Движение'!A9 -> 46272 | B9: ='05Движение'!B9 -> MiK | C9: =IF('05Движение'!D9>0,'05Движение'!D9*'02Тариф'!$B$3,0) -> 10 | D9: =IF('05Движение'!E9>0,'05Движение'!E9*('02Тариф'!$B$5+'02Тариф'!$B$6),0) -> 30 | E9: =SUM(C9:D9) -> 40
A10: ='05Движение'!A10 -> 46272 | B10: ='05Движение'!B10 -> MiP | C10: =IF('05Движение'!D10>0,'05Движение'!D10*'02Тариф'!$B$3,0) -> 0 | D10: =IF('05Движение'!E10>0,'05Движение'!E10*('02Тариф'!$B$5+'02Тариф'!$B$6),0) -> 0 | E10: =SUM(C10:D10) -> 0
A11: ='05Движение'!A11 -> ПН | B11: ='05Движение'!B11 -> Пузанов Д.В. | C11: =SUM(C4:C10) -> 60 | D11: =SUM(D4:D10) -> 365 | E11: =SUM(E4:E10) -> 425
A13: ='05Движение'!A13 -> 46273 | B13: ='05Движение'!B13 -> Ak10 | C13: =IF('05Движение'!D13>0,'05Движение'!D13*'02Тариф'!$B$3,0) -> 0 | D13: =IF('05Движение'!E13>0,'05Движение'!E13*('02Тариф'!$B$4+'02Тариф'!$B$5+'02Тариф'!$B$6),0) -> 40 | E13: =C13+D13 -> 40
A14: ='05Движение'!A14 -> 46273 | B14: ='05Движение'!B14 -> Ak15 | C14: =IF('05Движение'!D14>0,'05Движение'!D14*'02Тариф'!$B$3,0) -> 0 | D14: =IF('05Движение'!E14>0,'05Движение'!E14*('02Тариф'!$B$4+'02Тариф'!$B$5+'02Тариф'!$B$6),0) -> 40 | E14: =SUM(C14:D14) -> 40
A15: ='05Движение'!A15 -> 46273 | B15: ='05Движение'!B15 -> G1800 | C15: =IF('05Движение'!D15>0,'05Движение'!D15*'02Тариф'!$D$3,0) -> 0 | D15: =IF('05Движение'!E15>0,'05Движение'!E15*('02Тариф'!$D$4+'02Тариф'!$D$5+'02Тариф'!$D$6),0) -> 825 | E15: =SUM(C15:D15) -> 825
A16: ='05Движение'!A16 -> 46273 | B16: ='05Движение'!B16 -> G3500 | C16: =IF('05Движение'!D16>0,'05Движение'!D16*'02Тариф'!$C$3,0) -> 0 | D16: =IF('05Движение'!E16>0,'05Движение'!E16*('02Тариф'!$C$4+'02Тариф'!$C$5+'02Тариф'!$C$6),0) -> 0 | E16: =SUM(C16:D16) -> 0
A17: ='05Движение'!A17 -> 46273 | B17: ='05Движение'!B17 -> G800 | C17: =IF('05Движение'!D17>0,'05Движение'!D17*'02Тариф'!$C$3,0) -> 0 | D17: =IF('05Движение'!E17>0,'05Движение'!E17*('02Тариф'!$C$4+'02Тариф'!$C$5+'02Тариф'!$C$6),0) -> 165 | E17: =SUM(C17:D17) -> 165
A18: ='05Движение'!A18 -> 46273 | B18: ='05Движение'!B18 -> MiK | C18: =IF('05Движение'!D18>0,'05Движение'!D18*'02Тариф'!$B$3,0) -> 0 | D18: =IF('05Движение'!E18>0,'05Движение'!E18*('02Тариф'!$B$5+'02Тариф'!$B$6),0) -> 0 | E18: =SUM(C18:D18) -> 0
A19: ='05Движение'!A19 -> 46273 | B19: ='05Движение'!B19 -> MiP | C19: =IF('05Движение'!D19>0,'05Движение'!D19*'02Тариф'!$B$3,0) -> 0 | D19: =IF('05Движение'!E19>0,'05Движение'!E19*('02Тариф'!$B$5+'02Тариф'!$B$6),0) -> 0 | E19: =SUM(C19:D19) -> 0
A20: ='05Движение'!A20 -> ВТ | B20: Завалишин Д.Л. | C20: =SUM(C13:C19) -> 0 | D20: =SUM(D13:D19) -> 1070 | E20: =SUM(E13:E19) -> 1070
A22: ='05Движение'!A22 -> 46274 | B22: ='05Движение'!B22 -> Ak10 | C22: =IF('05Движение'!D22>0,'05Движение'!D22*'02Тариф'!$B$3,0) -> 0 | D22: =IF('05Движение'!E22>0,'05Движение'!E22*('02Тариф'!$B$4+'02Тариф'!$B$5+'02Тариф'!$B$6),0) -> 0 | E22: =C22+D22 -> 0
A23: ='05Движение'!A23 -> 46274 | B23: ='05Движение'!B23 -> Ak15 | C23: =IF('05Движение'!D23>0,'05Движение'!D23*'02Тариф'!$B$3,0) -> 0 | D23: =IF('05Движение'!E23>0,'05Движение'!E23*('02Тариф'!$B$4+'02Тариф'!$B$5+'02Тариф'!$B$6),0) -> 40 | E23: =SUM(C23:D23) -> 40
A24: ='05Движение'!A24 -> 46274 | B24: ='05Движение'!B24 -> G1800 | C24: =IF('05Движение'!D24>0,'05Движение'!D24*'02Тариф'!$D$3,0) -> 0 | D24: =IF('05Движение'!E24>0,'05Движение'!E24*('02Тариф'!$D$4+'02Тариф'!$D$5+'02Тариф'!$D$6),0) -> 600 | E24: =SUM(C24:D24) -> 600
A25: ='05Движение'!A25 -> 46274 | B25: ='05Движение'!B25 -> G3500 | C25: =IF('05Движение'!D25>0,'05Движение'!D25*'02Тариф'!$C$3,0) -> 0 | D25: =IF('05Движение'!E25>0,'05Движение'!E25*('02Тариф'!$C$4+'02Тариф'!$C$5+'02Тариф'!$C$6),0) -> 0 | E25: =SUM(C25:D25) -> 0
A26: ='05Движение'!A26 -> 46274 | B26: ='05Движение'!B26 -> G800 | C26: =IF('05Движение'!D26>0,'05Движение'!D26*'02Тариф'!$C$3,0) -> 0 | D26: =IF('05Движение'!E26>0,'05Движение'!E26*('02Тариф'!$C$4+'02Тариф'!$C$5+'02Тариф'!$C$6),0) -> 275 | E26: =SUM(C26:D26) -> 275
A27: ='05Движение'!A27 -> 46274 | B27: ='05Движение'!B27 -> MiK | C27: =IF('05Движение'!D27>0,'05Движение'!D27*'02Тариф'!$B$3,0) -> 0 | D27: =IF('05Движение'!E27>0,'05Движение'!E27*('02Тариф'!$B$5+'02Тариф'!$B$6),0) -> 30 | E27: =SUM(C27:D27) -> 30
A28: ='05Движение'!A28 -> 46274 | B28: ='05Движение'!B28 -> MiP | C28: =IF('05Движение'!D28>0,'05Движение'!D28*'02Тариф'!$B$3,0) -> 0 | D28: =IF('05Движение'!E28>0,'05Движение'!E28*('02Тариф'!$B$5+'02Тариф'!$B$6),0) -> 0 | E28: =SUM(C28:D28) -> 0
A29: ='05Движение'!A29 -> СР | B29: Завалишин Д.Л. | C29: =SUM(C22:C28) -> 0 | D29: =SUM(D22:D28) -> 945 | E29: =SUM(E22:E28) -> 945
A31: ='05Движение'!A31 -> 46275 | B31: ='05Движение'!B31 -> Ak10 | C31: =IF('05Движение'!D31>0,'05Движение'!D31*'02Тариф'!$B$3,0) -> 0 | D31: =IF('05Движение'!E31>0,'05Движение'!E31*('02Тариф'!$B$4+'02Тариф'!$B$5+'02Тариф'!$B$6),0) -> 0 | E31: =C31+D31 -> 0
A32: ='05Движение'!A32 -> 46275 | B32: ='05Движение'!B32 -> Ak15 | C32: =IF('05Движение'!D32>0,'05Движение'!D32*'02Тариф'!$B$3,0) -> 100 | D32: =IF('05Движение'!E32>0,'05Движение'!E32*('02Тариф'!$B$4+'02Тариф'!$B$5+'02Тариф'!$B$6),0) -> 0 | E32: =SUM(C32:D32) -> 100
A33: ='05Движение'!A33 -> 46275 | B33: ='05Движение'!B33 -> G1800 | C33: =IF('05Движение'!D33>0,'05Движение'!D33*'02Тариф'!$D$3,0) -> 1290 | D33: =IF('05Движение'!E33>0,'05Движение'!E33*('02Тариф'!$D$4+'02Тариф'!$D$5+'02Тариф'!$D$6),0) -> 750 | E33: =SUM(C33:D33) -> 2040
A34: ='05Движение'!A34 -> 46275 | B34: ='05Движение'!B34 -> G3500 | C34: =IF('05Движение'!D34>0,'05Движение'!D34*'02Тариф'!$C$3,0) -> 20 | D34: =IF('05Движение'!E34>0,'05Движение'!E34*('02Тариф'!$C$4+'02Тариф'!$C$5+'02Тариф'!$C$6),0) -> 0 | E34: =SUM(C34:D34) -> 20
A35: ='05Движение'!A35 -> 46275 | B35: ='05Движение'!B35 -> G800 | C35: =IF('05Движение'!D35>0,'05Движение'!D35*'02Тариф'!$C$3,0) -> 0 | D35: =IF('05Движение'!E35>0,'05Движение'!E35*('02Тариф'!$C$4+'02Тариф'!$C$5+'02Тариф'!$C$6),0) -> 440 | E35: =SUM(C35:D35) -> 440
A36: ='05Движение'!A36 -> 46275 | B36: ='05Движение'!B36 -> MiK | C36: =IF('05Движение'!D36>0,'05Движение'!D36*'02Тариф'!$B$3,0) -> 100 | D36: =IF('05Движение'!E36>0,'05Движение'!E36*('02Тариф'!$B$5+'02Тариф'!$B$6),0) -> 30 | E36: =SUM(C36:D36) -> 130
A37: ='05Движение'!A37 -> 46275 | B37: ='05Движение'!B37 -> MiP | C37: =IF('05Движение'!D37>0,'05Движение'!D37*'02Тариф'!$B$3,0) -> 270 | D37: =IF('05Движение'!E37>0,'05Движение'!E37*('02Тариф'!$B$5+'02Тариф'!$B$6),0) -> 30 | E37: =SUM(C37:D37) -> 300
A38: ='05Движение'!A38 -> ЧТ | B38: Завалишин Д.Л. | C38: =SUM(C31:C37) -> 1780 | D38: =SUM(D31:D37) -> 1250 | E38: =SUM(E31:E37) -> 3030
A40: ='05Движение'!A40 -> 46276 | B40: ='05Движение'!B40 -> Ak10 | C40: =IF('05Движение'!D40>0,'05Движение'!D40*'02Тариф'!$B$3,0) -> 0 | D40: =IF('05Движение'!E40>0,'05Движение'!E40*('02Тариф'!$B$4+'02Тариф'!$B$5+'02Тариф'!$B$6),0) -> 200 | E40: =C40+D40 -> 200
A41: ='05Движение'!A41 -> 46276 | B41: ='05Движение'!B41 -> Ak15 | C41: =IF('05Движение'!D41>0,'05Движение'!D41*'02Тариф'!$B$3,0) -> 0 | D41: =IF('05Движение'!E41>0,'05Движение'!E41*('02Тариф'!$B$4+'02Тариф'!$B$5+'02Тариф'!$B$6),0) -> 80 | E41: =SUM(C41:D41) -> 80
A42: ='05Движение'!A42 -> 46276 | B42: ='05Движение'!B42 -> G1800 | C42: =IF('05Движение'!D42>0,'05Движение'!D42*'02Тариф'!$D$3,0) -> 0 | D42: =IF('05Движение'!E42>0,'05Движение'!E42*('02Тариф'!$D$4+'02Тариф'!$D$5+'02Тариф'!$D$6),0) -> 900 | E42: =SUM(C42:D42) -> 900
A43: ='05Движение'!A43 -> 46276 | B43: ='05Движение'!B43 -> G3500 | C43: =IF('05Движение'!D43>0,'05Движение'!D43*'02Тариф'!$C$3,0) -> 0 | D43: =IF('05Движение'!E43>0,'05Движение'!E43*('02Тариф'!$C$4+'02Тариф'!$C$5+'02Тариф'!$C$6),0) -> 110 | E43: =SUM(C43:D43) -> 110
A44: ='05Движение'!A44 -> 46276 | B44: ='05Движение'!B44 -> G800 | C44: =IF('05Движение'!D44>0,'05Движение'!D44*'02Тариф'!$C$3,0) -> 640 | D44: =IF('05Движение'!E44>0,'05Движение'!E44*('02Тариф'!$C$4+'02Тариф'!$C$5+'02Тариф'!$C$6),0) -> 220 | E44: =SUM(C44:D44) -> 860
A45: ='05Движение'!A45 -> 46276 | B45: ='05Движение'!B45 -> MiK | C45: =IF('05Движение'!D45>0,'05Движение'!D45*'02Тариф'!$B$3,0) -> 0 | D45: =IF('05Движение'!E45>0,'05Движение'!E45*('02Тариф'!$B$5+'02Тариф'!$B$6),0) -> 180 | E45: =SUM(C45:D45) -> 180
A46: ='05Движение'!A46 -> 46276 | B46: ='05Движение'!B46 -> MiP | C46: =IF('05Движение'!D46>0,'05Движение'!D46*'02Тариф'!$B$3,0) -> 0 | D46: =IF('05Движение'!E46>0,'05Движение'!E46*('02Тариф'!$B$5+'02Тариф'!$B$6),0) -> 30 | E46: =SUM(C46:D46) -> 30
A47: ='05Движение'!A47 -> ПТ | B47: Пузанов Д.В. | C47: =SUM(C40:C46) -> 640 | D47: =SUM(D40:D46) -> 1720 | E47: =SUM(E40:E46) -> 2360
A49: ='05Движение'!A49 -> 46277 | B49: ='05Движение'!B49 -> Ak10 | C49: =IF('05Движение'!D49>0,'05Движение'!D49*'02Тариф'!$B$3,0) -> 0 | D49: =IF('05Движение'!E49>0,'05Движение'!E49*('02Тариф'!$B$4+'02Тариф'!$B$5+'02Тариф'!$B$6),0) -> 40 | E49: =C49+D49 -> 40
A50: ='05Движение'!A50 -> 46277 | B50: ='05Движение'!B50 -> Ak15 | C50: =IF('05Движение'!D50>0,'05Движение'!D50*'02Тариф'!$B$3,0) -> 0 | D50: =IF('05Движение'!E50>0,'05Движение'!E50*('02Тариф'!$B$4+'02Тариф'!$B$5+'02Тариф'!$B$6),0) -> 80 | E50: =SUM(C50:D50) -> 80
A51: ='05Движение'!A51 -> 46277 | B51: ='05Движение'!B51 -> G1800 | C51: =IF('05Движение'!D51>0,'05Движение'!D51*'02Тариф'!$D$3,0) -> 0 | D51: =IF('05Движение'!E51>0,'05Движение'!E51*('02Тариф'!$D$4+'02Тариф'!$D$5+'02Тариф'!$D$6),0) -> 375 | E51: =SUM(C51:D51) -> 375
A52: ='05Движение'!A52 -> 46277 | B52: ='05Движение'!B52 -> G3500 | C52: =IF('05Движение'!D52>0,'05Движение'!D52*'02Тариф'!$C$3,0) -> 0 | D52: =IF('05Движение'!E52>0,'05Движение'!E52*('02Тариф'!$C$4+'02Тариф'!$C$5+'02Тариф'!$C$6),0) -> 55 | E52: =SUM(C52:D52) -> 55
A53: ='05Движение'!A53 -> 46277 | B53: ='05Движение'!B53 -> G800 | C53: =IF('05Движение'!D53>0,'05Движение'!D53*'02Тариф'!$C$3,0) -> 0 | D53: =IF('05Движение'!E53>0,'05Движение'!E53*('02Тариф'!$C$4+'02Тариф'!$C$5+'02Тариф'!$C$6),0) -> 440 | E53: =SUM(C53:D53) -> 440
A54: ='05Движение'!A54 -> 46277 | B54: ='05Движение'!B54 -> MiK | C54: =IF('05Движение'!D54>0,'05Движение'!D54*'02Тариф'!$B$3,0) -> 0 | D54: =IF('05Движение'!E54>0,'05Движение'!E54*('02Тариф'!$B$5+'02Тариф'!$B$6),0) -> 120 | E54: =SUM(C54:D54) -> 120
A55: ='05Движение'!A55 -> 46277 | B55: ='05Движение'!B55 -> MiP | C55: =IF('05Движение'!D55>0,'05Движение'!D55*'02Тариф'!$B$3,0) -> 0 | D55: =IF('05Движение'!E55>0,'05Движение'!E55*('02Тариф'!$B$5+'02Тариф'!$B$6),0) -> 30 | E55: =SUM(C55:D55) -> 30
A56: ='05Движение'!A56 -> СБ | B56: Завалишин Д.Л. | C56: =SUM(C49:C55) -> 0 | D56: =SUM(D49:D55) -> 1140 | E56: =SUM(E49:E55) -> 1140
A58: ='05Движение'!A58 -> 46278 | B58: ='05Движение'!B58 -> Ak10 | C58: =IF('05Движение'!D58>0,'05Движение'!D58*'02Тариф'!$B$3,0) -> 0 | D58: =IF('05Движение'!E58>0,'05Движение'!E58*('02Тариф'!$B$4+'02Тариф'!$B$5+'02Тариф'!$B$6),0) -> 160 | E58: =C58+D58 -> 160
A59: ='05Движение'!A59 -> 46278 | B59: ='05Движение'!B59 -> Ak15 | C59: =IF('05Движение'!D59>0,'05Движение'!D59*'02Тариф'!$B$3,0) -> 0 | D59: =IF('05Движение'!E59>0,'05Движение'!E59*('02Тариф'!$B$4+'02Тариф'!$B$5+'02Тариф'!$B$6),0) -> 80 | E59: =SUM(C59:D59) -> 80
A60: ='05Движение'!A60 -> 46278 | B60: ='05Движение'!B60 -> G1800 | C60: =IF('05Движение'!D60>0,'05Движение'!D60*'02Тариф'!$D$3,0) -> 0 | D60: =IF('05Движение'!E60>0,'05Движение'!E60*('02Тариф'!$D$4+'02Тариф'!$D$5+'02Тариф'!$D$6),0) -> 150 | E60: =SUM(C60:D60) -> 150
A61: ='05Движение'!A61 -> 46278 | B61: ='05Движение'!B61 -> G3500 | C61: =IF('05Движение'!D61>0,'05Движение'!D61*'02Тариф'!$C$3,0) -> 20 | D61: =IF('05Движение'!E61>0,'05Движение'!E61*('02Тариф'!$C$4+'02Тариф'!$C$5+'02Тариф'!$C$6),0) -> 110 | E61: =SUM(C61:D61) -> 130
A62: ='05Движение'!A62 -> 46278 | B62: ='05Движение'!B62 -> G800 | C62: =IF('05Движение'!D62>0,'05Движение'!D62*'02Тариф'!$C$3,0) -> 0 | D62: =IF('05Движение'!E62>0,'05Движение'!E62*('02Тариф'!$C$4+'02Тариф'!$C$5+'02Тариф'!$C$6),0) -> 220 | E62: =SUM(C62:D62) -> 220
A63: ='05Движение'!A63 -> 46278 | B63: ='05Движение'!B63 -> MiK | C63: =IF('05Движение'!D63>0,'05Движение'!D63*'02Тариф'!$B$3,0) -> 0 | D63: =IF('05Движение'!E63>0,'05Движение'!E63*('02Тариф'!$B$5+'02Тариф'!$B$6),0) -> 0 | E63: =SUM(C63:D63) -> 0
A64: ='05Движение'!A64 -> 46278 | B64: ='05Движение'!B64 -> MiP | C64: =IF('05Движение'!D64>0,'05Движение'!D64*'02Тариф'!$B$3,0) -> 0 | D64: =IF('05Движение'!E64>0,'05Движение'!E64*('02Тариф'!$B$5+'02Тариф'!$B$6),0) -> 0 | E64: =SUM(C64:D64) -> 0
A65: ='05Движение'!A65 -> ВС | B65: Завалишин Д.Л. | C65: =SUM(C58:C64) -> 20 | D65: =SUM(D58:D64) -> 720 | E65: =SUM(E58:E64) -> 740
B67: =B4 -> Ak10 | C67: =C4+C13+C22+C31+C40+C49+C58 -> 0 | D67: =D4+D13+D22+D31+D40+D49+D58 -> 440 | E67: =C67+D67 -> 440
B68: =B5 -> Ak15 | C68: =C5+C14+C23+C32+C41+C50+C59 -> 100 | D68: =D5+D14+D23+D32+D41+D50+D59 -> 320 | E68: =C68+D68 -> 420
B69: =B6 -> G1800 | C69: =C6+C15+C24+C33+C42+C51+C60 -> 1320 | D69: =D6+D15+D24+D33+D42+D51+D60 -> 3825 | E69: =C69+D69 -> 5145
B70: =B7 -> G3500 | C70: =C7+C16+C25+C34+C43+C52+C61 -> 40 | D70: =D7+D16+D25+D34+D43+D52+D61 -> 275 | E70: =C70+D70 -> 315
B71: =B8 -> G800 | C71: =C8+C17+C26+C35+C44+C53+C62 -> 660 | D71: =D8+D17+D26+D35+D44+D53+D62 -> 1870 | E71: =C71+D71 -> 2530
B72: =B9 -> MiK | C72: =C9+C18+C27+C36+C45+C54+C63 -> 110 | D72: =D9+D18+D27+D36+D45+D54+D63 -> 390 | E72: =C72+D72 -> 500
B73: =B10 -> MiP | C73: =C10+C19+C28+C37+C46+C55+C64 -> 270 | D73: =D10+D19+D28+D37+D46+D55+D64 -> 90 | E73: =C73+D73 -> 360
A74: НЕДЕЛЯ | B74: ИТОГО | C74: =SUM(C67:C73) -> 2500 | D74: =SUM(D67:D73) -> 7210 | E74: =SUM(E67:E73) -> 9710
